Unnamed: 0,iso_code,region_group,income_group,country,survey,year,level,grade,category,sex,location,wealth,region,ethnicity,religion,language,disability,hh_edu_head,comp_prim_v2_m,comp_lowsec_v2_m,comp_upsec_v2_m,comp_prim_1524_m,comp_lowsec_1524_m,comp_upsec_2029_m,eduyears_2024_m,edu2_2024_m,edu4_2024_m,eduout_prim_m,eduout_lowsec_m,eduout_upsec_m,comp_prim_v2_no,comp_lowsec_v2_no,comp_upsec_v2_no,comp_prim_1524_no,comp_lowsec_1524_no,comp_upsec_2029_no,eduyears_2024_no,edu2_2024_no,edu4_2024_no,eduout_prim_no,eduout_lowsec_no,eduout_upsec_no,preschool_3_m,preschool_3_no,preschool_1ybefore_m,preschool_1ybefore_no,edu0_prim_m,edu0_prim_no,trans_prim_m,trans_prim_no,trans_lowsec_m,trans_lowsec_no,comp_higher_2yrs_2529_m,comp_higher_2yrs_2529_no,comp_higher_4yrs_2529_m,comp_higher_4yrs_2529_no,comp_higher_4yrs_3034_m,comp_higher_4yrs_3034_no,attend_higher_1822_m,attend_higher_1822_no,overage2plus_m,overage2plus_no,literacy_1524_m,literacy_1524_no,mlevel1_m,mlevel1_no,rlevel1_m,rlevel1_no,slevel1_m,slevel1_no,mlevel2_m,mlevel2_no,rlevel2_m,rlevel2_no,slevel2_m,slevel2_no,mlevel3_m,mlevel3_no,rlevel3_m,rlevel3_no,slevel3_m,slevel3_no,mlevel4_m,mlevel4_no,rlevel4_m,rlevel4_no,slevel4_m,slevel4_no
44390,RWA,Sub-Saharan Africa,Low income,Rwanda,DHS,2000,,1,Location,,Rural,,,,,,,,0.224900007247925,0.0329000018537045,0.0130000002682209,0.308299988508224,0.031700000166893,0.0175000000745058,,0.246700003743172,0.366499990224838,0.25789999961853,0.604399979114532,0.889800012111664,2538.0,1715.0,1303.0,6033.0,6033.0,4156.0,2196.0,2196.0,2196.0,7006.0,2813.0,2184.0,,,,,0.195600003004074,5893.0,0.255400002002716,789.0,0.679700016975403,83.0,0.0010999999940395,1559.0,0.0,1559.0,0.0,1337.0,0.0,2515.0,0.381500005722046,4128.0,0.682900011539459,4010.0,,,,,,,,,,,,,,,,,,,,,,,,
44391,RWA,Sub-Saharan Africa,Low income,Rwanda,DHS,2000,,1,Location,,Urban,,,,,,,,0.506099998950958,0.224000006914139,0.144600003957748,0.619300007820129,0.221300005912781,0.170800000429153,,0.0991000011563301,0.162000000476837,0.176899999380112,0.499300003051758,0.704100012779236,1064.0,848.0,661.0,2833.0,2833.0,2042.0,1171.0,1171.0,1171.0,1567.0,947.0,999.0,,,,,0.108599998056889,1396.0,0.583599984645844,765.0,0.827000021934509,310.0,0.046399999409914,697.0,0.0110999997705221,697.0,0.0142000000923872,535.0,0.0074999998323619,1179.0,0.304500013589859,814.0,0.888300001621246,2356.0,,,,,,,,,,,,,,,,,,,,,,,,
44392,RWA,Sub-Saharan Africa,Low income,Rwanda,DHS,2000,,1,Location & Sex,Female,Rural,,,,,,,,0.217800006270409,0.025900000706315,0.0105999996885657,0.304100006818771,0.0258000008761883,0.0103000001981854,,0.252700001001358,0.365299999713898,0.261700004339218,0.618399977684021,0.916800022125244,1224.0,955.0,752.0,3198.0,3198.0,2424.0,1249.0,1249.0,1249.0,3663.0,1305.0,1090.0,,,,,0.194600000977516,3031.0,0.222800001502037,401.0,0.668799996376038,36.0,0.0,928.0,0.0,928.0,0.0,773.0,0.0,1422.0,0.356200009584427,2125.0,0.665700018405914,3193.0,,,,,,,,,,,,,,,,,,,,,,,,
44393,RWA,Sub-Saharan Africa,Low income,Rwanda,DHS,2000,,1,Location & Sex,Female,Urban,,,,,,,,0.476700007915497,0.225400000810623,0.121399998664856,0.603299975395203,0.222200006246567,0.157299995422363,,0.0869000032544136,0.157100006937981,0.180999994277954,0.534799993038177,0.700999975204468,596.0,458.0,342.0,1520.0,1520.0,1053.0,607.0,607.0,607.0,827.0,541.0,561.0,,,,,0.109700001776218,790.0,0.607699990272522,414.0,0.805199980735779,163.0,0.0285999998450279,350.0,0.0082000000402331,350.0,0.0149999996647239,237.0,0.0043000001460313,614.0,0.294099986553192,423.0,0.875500023365021,1823.0,,,,,,,,,,,,,,,,,,,,,,,,
44394,RWA,Sub-Saharan Africa,Low income,Rwanda,DHS,2000,,1,Location & Sex,Male,Rural,,,,,,,,0.231800004839897,0.0417000018060207,0.0164000000804663,0.312900006771088,0.0384000018239021,0.0276999995112419,,0.238800004124641,0.368400007486343,0.252700001001358,0.592299997806549,0.862399995326996,1313.0,760.0,551.0,2833.0,2833.0,1731.0,946.0,946.0,946.0,3337.0,1507.0,1093.0,,,,,0.196700006723404,2857.0,0.288100004196167,388.0,0.688000023365021,47.0,0.0027999999001622,631.0,0.0,631.0,0.0,564.0,0.0,1093.0,0.407700002193451,2002.0,0.700900018215179,817.0,,,,,,,,,,,,,,,,,,,,,,,,
44395,RWA,Sub-Saharan Africa,Low income,Rwanda,DHS,2000,,1,Location & Sex,Male,Urban,,,,,,,,0.540899991989136,0.222299993038177,0.171700000762939,0.637899994850159,0.220100000500679,0.186800003051758,,0.113300003111362,0.167899996042252,0.172199994325638,0.456299990415573,0.707799971103668,468.0,390.0,319.0,1313.0,1313.0,989.0,564.0,564.0,564.0,738.0,406.0,438.0,,,,,0.107500001788139,605.0,0.556400001049042,351.0,0.851899981498718,147.0,0.0671999976038933,347.0,0.0144999995827675,347.0,0.0136000001803041,298.0,0.0110999997705221,565.0,0.313400000333786,390.0,0.900200009346008,533.0,,,,,,,,,,,,,,,,,,,,,,,,
44396,RWA,Sub-Saharan Africa,Low income,Rwanda,DHS,2000,,1,Region,,,,Butare,,,,,,0.27020001411438,0.0423999987542629,0.0261000003665686,0.361099988222122,0.0467000007629395,0.0368000008165836,,0.209000006318092,0.341199994087219,0.286799997091293,0.597500026226044,0.854700028896332,322.0,227.0,163.0,772.0,772.0,518.0,278.0,278.0,278.0,618.0,312.0,299.0,,,,,0.174199998378754,542.0,0.284000009298325,136.0,,,0.0216000005602837,190.0,0.0126000000163913,190.0,0.0119000002741814,175.0,0.0,316.0,,,0.724300026893616,584.0,,,,,,,,,,,,,,,,,,,,,,,,
44397,RWA,Sub-Saharan Africa,Low income,Rwanda,DHS,2000,,1,Region,,,,Byumba,,,,,,0.275099992752075,0.0355000011622906,0.0142000000923872,0.323399990797043,0.0329999998211861,0.031300000846386,,0.273099988698959,0.407599985599518,0.29449999332428,0.611500024795532,0.880200028419495,269.0,169.0,141.0,637.0,637.0,447.0,238.0,238.0,238.0,618.0,278.0,242.0,,,,,0.145300000905991,530.0,0.244200006127357,86.0,,,0.006000000052154,166.0,0.0,166.0,0.0,153.0,0.0,257.0,,,0.739799976348877,435.0,,,,,,,,,,,,,,,,,,,,,,,,
44398,RWA,Sub-Saharan Africa,Low income,Rwanda,DHS,2000,,1,Region,,,,Cyangugu,,,,,,0.311599999666214,0.111599996685982,0.0542000010609627,0.425399988889694,0.0718000009655952,0.043699998408556,,0.156399995088577,0.258199989795685,0.217999994754791,0.613900005817413,0.874000012874603,292.0,215.0,166.0,724.0,724.0,480.0,275.0,275.0,275.0,734.0,316.0,246.0,,,,,0.148599997162819,599.0,0.453099995851517,128.0,,,0.006000000052154,167.0,0.0,167.0,0.0,141.0,0.0031999999191612,317.0,0.297600001096725,756.0,0.737999975681305,521.0,,,,,,,,,,,,,,,,,,,,,,,,
44399,RWA,Sub-Saharan Africa,Low income,Rwanda,DHS,2000,,1,Region,,,,Gikongoro,,,,,,0.293000012636185,0.0414000004529953,0.009800000116229,0.317200005054474,0.0467999987304211,0.0057999999262392,,0.257699996232986,0.376300007104874,0.277300000190735,0.568499982357025,0.866699993610382,256.0,169.0,102.0,577.0,577.0,346.0,194.0,194.0,194.0,642.0,248.0,225.0,,,,,0.180099993944168,522.0,0.308499991893768,94.0,,,0.0,127.0,0.0,127.0,0.0,131.0,0.0,223.0,0.403699994087219,218.0,0.699500024318695,365.0,,,,,,,,,,,,,,,,,,,,,,,,
44400,RWA,Sub-Saharan Africa,Low income,Rwanda,DHS,2000,,1,Region,,,,Gisenyi,,,,,,0.233999997377396,0.118100002408028,0.0644999966025352,0.381000012159348,0.104800000786781,0.063400000333786,,0.208599999547005,0.31020000576973,0.24889999628067,0.48309999704361,0.820200026035309,188.0,144.0,124.0,496.0,496.0,363.0,187.0,187.0,187.0,671.0,207.0,178.0,,,,,0.230800002813339,533.0,0.475600004196167,82.0,,,0.0137000000104308,146.0,0.0,146.0,0.0,99.0,0.0,227.0,0.404100000858307,725.0,0.74669998884201,354.0,,,,,,,,,,,,,,,,,,,,,,,,
44401,RWA,Sub-Saharan Africa,Low income,Rwanda,DHS,2000,,1,Region,,,,Gitarama,,,,,,0.300999999046326,0.0625,0.0292000006884336,0.388200014829636,0.0513999983668327,0.0373999997973442,,0.19480000436306,0.311699986457825,0.18019999563694,0.663800001144409,0.89029997587204,289.0,192.0,137.0,662.0,662.0,455.0,231.0,231.0,231.0,777.0,351.0,237.0,,,,,0.135499998927116,679.0,0.28439998626709,109.0,,,0.0,160.0,0.0,160.0,0.0,157.0,0.0,271.0,0.331800013780594,633.0,0.709800004959106,460.0,,,,,,,,,,,,,,,,,,,,,,,,
44402,RWA,Sub-Saharan Africa,Low income,Rwanda,DHS,2000,,1,Region,,,,Kibungo,,,,,,0.189099997282028,0.0329000018537045,0.0210999995470047,0.327399998903275,0.0381999984383583,0.0232999995350838,,0.229200005531311,0.335500001907349,0.35809999704361,0.572399973869324,0.855400025844574,275.0,213.0,190.0,733.0,733.0,516.0,301.0,301.0,301.0,726.0,304.0,249.0,,,,,0.231900006532669,608.0,0.381399989128113,97.0,,,0.0122999995946884,163.0,0.0060999998822808,163.0,0.0,137.0,0.0,313.0,,,0.659699976444244,528.0,,,,,,,,,,,,,,,,,,,,,,,,
44403,RWA,Sub-Saharan Africa,Low income,Rwanda,DHS,2000,,1,Region,,,,Kibuye,,,,,,0.152700006961823,0.011400000192225,0.0183000005781651,0.236300006508827,0.0188999995589256,0.0129000004380941,,0.34689998626709,0.474500000476837,0.230900004506111,0.607500016689301,0.930899977684021,203.0,175.0,109.0,529.0,529.0,388.0,196.0,196.0,196.0,693.0,214.0,188.0,,,,,0.215700000524521,547.0,0.119999997317791,50.0,,,0.0063999998383224,156.0,0.0,156.0,0.0,112.0,0.0,250.0,0.368499994277954,711.0,0.619700014591217,352.0,,,,,,,,,,,,,,,,,,,,,,,,
44404,RWA,Sub-Saharan Africa,Low income,Rwanda,DHS,2000,,1,Region,,,,Kigali City,,,,,,0.484699994325638,0.227200001478195,0.143199995160103,0.616199970245361,0.229699999094009,0.158500000834465,,0.0788000002503395,0.125499993562698,0.225299999117851,0.528299987316132,0.679099977016449,654.0,537.0,426.0,1785.0,1785.0,1306.0,749.0,749.0,749.0,821.0,566.0,642.0,,,,,0.101400002837181,759.0,0.633000016212463,466.0,0.800999999046326,196.0,0.0494000017642975,445.0,0.0111999996006489,445.0,0.0152000002563,329.0,0.0185000002384186,758.0,0.27360001206398,318.0,0.878899991512299,1473.0,,,,,,,,,,,,,,,,,,,,,,,,
44405,RWA,Sub-Saharan Africa,Low income,Rwanda,DHS,2000,,1,Region,,,,Kigali Rural,,,,,,0.332500010728836,0.0901999995112419,0.0322999991476536,0.394899994134903,0.0855000019073486,0.0493000000715256,,0.186299994587898,0.301400005817413,0.220300003886223,0.575500011444092,0.82039999961853,397.0,255.0,217.0,947.0,947.0,649.0,365.0,365.0,365.0,817.0,424.0,334.0,,,,,0.139200001955032,733.0,0.420100003480911,169.0,0.806500017642975,31.0,0.008899999782443,224.0,0.0,224.0,0.0054999999701976,183.0,0.0,372.0,,,0.780200004577637,622.0,,,,,,,,,,,,,,,,,,,,,,,,
44406,RWA,Sub-Saharan Africa,Low income,Rwanda,DHS,2000,,1,Region,,,,Ruhengeri,,,,,,0.235499992966652,0.0405000001192093,0.0430999994277954,0.331800013780594,0.0573999993503094,0.0780000016093254,,0.267899990081787,0.339300006628036,0.237100005149841,0.62720000743866,0.926599979400635,293.0,173.0,116.0,645.0,645.0,449.0,224.0,224.0,224.0,970.0,338.0,218.0,,,,,0.228200003504753,802.0,0.234699994325638,98.0,,,0.0,190.0,0.0,190.0,0.0,175.0,0.0,244.0,0.38060000538826,988.0,0.720600008964539,464.0,,,,,,,,,,,,,,,,,,,,,,,,
44407,RWA,Sub-Saharan Africa,Low income,Rwanda,DHS,2000,,1,Region,,,,Umutara,,,,,,0.170699998736382,0.0318999998271465,0.0274000000208616,0.27020001411438,0.0278999991714954,0.0285000000149012,,0.224800005555153,0.356599986553192,0.205799996852875,0.544600009918213,0.871999979019165,164.0,94.0,73.0,359.0,359.0,281.0,129.0,129.0,129.0,486.0,202.0,125.0,,,,,0.2483000010252,435.0,0.230800002813339,39.0,,,0.0,122.0,0.0,122.0,0.0,80.0,0.0,146.0,0.437999993562698,548.0,0.666899979114532,208.0,,,,,,,,,,,,,,,,,,,,,,,,
44408,RWA,Sub-Saharan Africa,Low income,Rwanda,DHS,2000,,1,Sex,Female,,,,,,,,,0.271600008010864,0.0689999982714653,0.033500000834465,0.367000013589859,0.067100003361702,0.0401000007987022,,0.216399997472763,0.319700002670288,0.251300007104874,0.602800011634827,0.871599972248077,1820.0,1413.0,1094.0,4718.0,4718.0,3477.0,1856.0,1856.0,1856.0,4490.0,1846.0,1651.0,,,,,0.182699993252754,3821.0,0.369199991226196,815.0,0.768999993801117,199.0,0.0052999998442828,1278.0,0.0015000000130385,1278.0,0.0023000000510364,1010.0,0.0007999999797903,2036.0,0.34689998626709,2548.0,0.717199981212616,5016.0,,,,,,,,,,,,,,,,,,,,,,,,
44409,RWA,Sub-Saharan Africa,Low income,Rwanda,DHS,2000,,1,Sex,Male,,,,,,,,,0.285199999809265,0.0820999965071678,0.0533000007271767,0.379799991846085,0.0758000016212463,0.064800001680851,,0.208100005984306,0.3192999958992,0.24269999563694,0.573400020599365,0.833299994468689,1781.0,1150.0,870.0,4146.0,4146.0,2720.0,1510.0,1510.0,1510.0,4075.0,1913.0,1531.0,,,,,0.185900002717972,3462.0,0.38289999961853,739.0,0.794799983501434,194.0,0.0172000005841255,978.0,0.0031999999191612,978.0,0.0031000000890344,862.0,0.0024999999441206,1658.0,0.394300013780594,2392.0,0.754000008106232,1350.0,,,,,,,,,,,,,,,,,,,,,,,,
44410,RWA,Sub-Saharan Africa,Low income,Rwanda,DHS,2000,,1,Region & Sex,Female,,,Butare,,,,,,0.32260000705719,0.0309999994933605,0.035300001502037,0.402599990367889,0.0524999983608723,0.0399000011384487,,0.188999995589256,0.280000001192093,0.258500009775162,0.554400026798248,0.862800002098083,172.0,128.0,101.0,436.0,436.0,306.0,167.0,167.0,167.0,327.0,145.0,162.0,,,,,0.162900000810623,273.0,0.24889999628067,87.0,,,0.0127999996766448,107.0,0.0096000004559755,107.0,0.0,93.0,0.0,186.0,,,0.710900008678436,470.0,,,,,,,,,,,,,,,,,,,,,,,,
44411,RWA,Sub-Saharan Africa,Low income,Rwanda,DHS,2000,,1,Region & Sex,Female,,,Byumba,,,,,,0.200000002980232,0.0221999995410442,0.0121999997645617,0.283499985933304,0.0342999994754791,0.0236000008881092,,0.325899988412857,0.47409999370575,0.297399997711182,0.661800026893616,0.932699978351593,120.0,90.0,82.0,321.0,321.0,254.0,135.0,135.0,135.0,306.0,136.0,104.0,,,,,0.144999995827675,262.0,0.238100007176399,42.0,,,0.0,94.0,0.0,94.0,0.0,89.0,0.0,144.0,,,0.608399987220764,332.0,,,,,,,,,,,,,,,,,,,,,,,,
44412,RWA,Sub-Saharan Africa,Low income,Rwanda,DHS,2000,,1,Region & Sex,Female,,,Cyangugu,,,,,,0.303000003099442,0.103200003504753,0.0549000017344952,0.416399985551834,0.0689999982714653,0.0315000005066395,,0.166700005531311,0.280000001192093,0.225500002503395,0.658200025558472,0.858299970626831,132.0,126.0,91.0,377.0,377.0,254.0,150.0,150.0,150.0,408.0,158.0,127.0,,,,,0.122100003063679,344.0,0.462700009346008,67.0,,,0.0,83.0,0.0,83.0,0.0,87.0,0.0,178.0,0.284999996423721,407.0,0.743099987506866,397.0,,,,,,,,,,,,,,,,,,,,,,,,
44413,RWA,Sub-Saharan Africa,Low income,Rwanda,DHS,2000,,1,Region & Sex,Female,,,Gikongoro,,,,,,0.314999997615814,0.0225000008940697,0.0,0.336699992418289,0.0303000006824732,0.0,,0.256900012493134,0.367000013589859,0.26129999756813,0.5625,0.847599983215332,127.0,89.0,59.0,297.0,297.0,204.0,109.0,109.0,109.0,333.0,112.0,105.0,,,,,0.134800001978874,267.0,0.269199997186661,52.0,,,0.0,76.0,0.0,76.0,0.0,73.0,0.0,125.0,0.437999993562698,121.0,0.659600019454956,285.0,,,,,,,,,,,,,,,,,,,,,,,,
44414,RWA,Sub-Saharan Africa,Low income,Rwanda,DHS,2000,,1,Region & Sex,Female,,,Gisenyi,,,,,,0.189999997615814,0.0724999979138374,0.0260000005364418,0.338299989700317,0.0789000019431114,0.0375999994575977,,0.220200002193451,0.302799999713898,0.283800005912781,0.565199971199036,0.869599997997284,100.0,69.0,77.0,266.0,266.0,213.0,109.0,109.0,109.0,370.0,92.0,92.0,,,,,0.244599997997284,278.0,,,,,0.0118000004440546,85.0,0.0,85.0,0.0,54.0,0.0,123.0,0.367799997329712,348.0,0.683099985122681,284.0,,,,,,,,,,,,,,,,,,,,,,,,
44415,RWA,Sub-Saharan Africa,Low income,Rwanda,DHS,2000,,1,Region & Sex,Female,,,Gitarama,,,,,,0.299299985170364,0.0714000016450882,0.0234999991953373,0.417100012302399,0.0513999983668327,0.0245999991893768,,0.145999997854233,0.270099997520447,0.17509999871254,0.628199994564056,0.925899982452393,137.0,98.0,85.0,350.0,350.0,285.0,137.0,137.0,137.0,417.0,156.0,108.0,,,,,0.12219999730587,352.0,0.259299993515015,54.0,,,0.0,99.0,0.0,99.0,0.0,86.0,0.0,146.0,0.327499985694885,345.0,0.792500019073486,371.0,,,,,,,,,,,,,,,,,,,,,,,,
44416,RWA,Sub-Saharan Africa,Low income,Rwanda,DHS,2000,,1,Region & Sex,Female,,,Kibungo,,,,,,0.215800002217293,0.0476000010967255,0.0176999997347593,0.349000006914139,0.0370999984443188,0.0102000003680587,,0.237000003457069,0.335299998521805,0.350100010633469,0.534699976444244,0.898400008678436,139.0,126.0,113.0,404.0,404.0,293.0,173.0,173.0,173.0,357.0,144.0,128.0,,,,,0.237499997019768,299.0,0.366699993610382,60.0,,,0.0,97.0,0.0,97.0,0.0,87.0,0.0,187.0,,,0.704599976539612,413.0,,,,,,,,,,,,,,,,,,,,,,,,
44417,RWA,Sub-Saharan Africa,Low income,Rwanda,DHS,2000,,1,Region & Sex,Female,,,Kibuye,,,,,,0.150499999523163,0.0,0.015599999576807,0.226600006222725,0.0143999997526407,0.0043999999761581,,0.36939999461174,0.47749999165535,0.219300001859665,0.724500000476837,0.96670001745224,93.0,97.0,64.0,278.0,278.0,225.0,111.0,111.0,111.0,374.0,98.0,90.0,,,,,0.220200002193451,277.0,,,,,0.0,95.0,0.0,95.0,0.0,72.0,0.0,139.0,0.345999985933304,367.0,0.574500024318695,275.0,,,,,,,,,,,,,,,,,,,,,,,,
44418,RWA,Sub-Saharan Africa,Low income,Rwanda,DHS,2000,,1,Region & Sex,Female,,,Kigali City,,,,,,0.478899985551834,0.244800001382828,0.145600005984306,0.603999972343445,0.230199992656708,0.169799998402596,,0.0866999998688698,0.124700002372265,0.238999992609024,0.56139999628067,0.694400012493134,380.0,286.0,206.0,947.0,947.0,636.0,369.0,369.0,369.0,431.0,342.0,373.0,,,,,0.112899996340275,443.0,0.641099989414215,248.0,0.8125,96.0,0.0531000010669231,207.0,0.0144999995827675,207.0,0.0216000005602837,139.0,0.0130000002682209,386.0,0.272700011730194,165.0,0.863600015640259,1122.0,,,,,,,,,,,,,,,,,,,,,,,,
44419,RWA,Sub-Saharan Africa,Low income,Rwanda,DHS,2000,,1,Region & Sex,Female,,,Kigali Rural,,,,,,0.336800009012222,0.0812000036239624,0.0263000000268221,0.394899994134903,0.0874999985098839,0.0397999994456768,,0.166700005531311,0.29899999499321,0.194600000977516,0.557200014591217,0.824199974536896,193.0,160.0,114.0,514.0,514.0,377.0,204.0,204.0,204.0,406.0,201.0,182.0,,,,,0.121200002729893,363.0,0.41049998998642,95.0,,,0.0,134.0,0.0,134.0,0.010499999858439,95.0,0.0,220.0,,,0.774100005626678,509.0,,,,,,,,,,,,,,,,,,,,,,,,
44420,RWA,Sub-Saharan Africa,Low income,Rwanda,DHS,2000,,1,Region & Sex,Female,,,Ruhengeri,,,,,,0.198699995875359,0.0555999986827374,0.0434999987483025,0.286100000143051,0.0538000017404556,0.0753000006079674,,0.277399986982346,0.343100011348724,0.283499985933304,0.6807000041008,0.949199974536896,151.0,90.0,69.0,353.0,353.0,279.0,137.0,137.0,137.0,515.0,166.0,118.0,,,,,0.266799986362457,431.0,0.268299996852875,41.0,,,0.0,123.0,0.0,123.0,0.0,97.0,0.0,129.0,0.347799986600876,483.0,0.684099972248077,383.0,,,,,,,,,,,,,,,,,,,,,,,,
44421,RWA,Sub-Saharan Africa,Low income,Rwanda,DHS,2000,,1,Region & Sex,Female,,,Umutara,,,,,,0.14470000565052,0.0370000004768372,0.0,0.234300002455711,0.011400000192225,0.0,,0.272700011730194,0.400000005960464,0.182899996638298,0.520799994468689,0.903199970722198,76.0,54.0,33.0,175.0,175.0,151.0,55.0,55.0,55.0,246.0,96.0,62.0,,,,,0.228400006890297,232.0,,,,,0.0,78.0,0.0,78.0,0.0,38.0,0.0,73.0,0.421600013971329,287.0,0.645699977874756,175.0,,,,,,,,,,,,,,,,,,,,,,,,
44422,RWA,Sub-Saharan Africa,Low income,Rwanda,DHS,2000,,1,Region & Sex,Male,,,Butare,,,,,,0.214300006628036,0.0575000010430813,0.0109999999403954,0.308699995279312,0.0395000018179417,0.0320999994874001,,0.239999994635582,0.435999989509583,0.318599998950958,0.631699979305267,0.844099998474121,149.0,99.0,62.0,335.0,335.0,212.0,111.0,111.0,111.0,291.0,167.0,136.0,,,,,0.185499995946884,269.0,0.347400009632111,49.0,,,0.0331999994814396,83.0,0.0165999997407198,83.0,0.0258000008761883,82.0,0.0,130.0,,,0.73879998922348,114.0,,,,,,,,,,,,,,,,,,,,,,,,
44423,RWA,Sub-Saharan Africa,Low income,Rwanda,DHS,2000,,1,Region & Sex,Male,,,Byumba,,,,,,0.335599988698959,0.0505999997258186,0.0168999992311001,0.363900005817413,0.0315999984741211,0.0414999984204769,,0.203899994492531,0.32039999961853,0.289400011301041,0.563399970531464,0.84060001373291,149.0,79.0,59.0,316.0,316.0,193.0,103.0,103.0,103.0,311.0,142.0,138.0,,,,,0.145500004291534,268.0,0.25,44.0,,,0.0138999996706843,72.0,0.0,72.0,0.0,64.0,0.0,113.0,,,0.854399979114532,103.0,,,,,,,,,,,,,,,,,,,,,,,,
44424,RWA,Sub-Saharan Africa,Low income,Rwanda,DHS,2000,,1,Region & Sex,Male,,,Cyangugu,,,,,,0.318699985742569,0.123599998652935,0.0533000007271767,0.433499991893768,0.0750999972224236,0.0577999986708164,,0.145199999213219,0.233899995684624,0.204300001263618,0.566900014877319,0.890799999237061,160.0,89.0,75.0,346.0,346.0,225.0,124.0,124.0,124.0,323.0,157.0,119.0,,,,,0.182500004768372,252.0,0.442600011825562,61.0,,,0.0119000002741814,84.0,0.0,84.0,0.0,54.0,0.0071999998763203,139.0,0.313199996948242,348.0,0.733900010585785,124.0,,,,,,,,,,,,,,,,,,,,,,,,
44425,RWA,Sub-Saharan Africa,Low income,Rwanda,DHS,2000,,1,Region & Sex,Male,,,Gikongoro,,,,,,0.271299988031387,0.0625,0.0232999995350838,0.296400010585785,0.064300000667572,0.0141000002622604,,0.258799999952316,0.388200014829636,0.29449999332428,0.573499977588654,0.883300006389618,129.0,80.0,43.0,280.0,280.0,142.0,85.0,85.0,85.0,309.0,136.0,120.0,,,,,0.227500006556511,255.0,0.357100009918213,42.0,,,0.0,51.0,0.0,51.0,0.0,58.0,0.0,98.0,0.360799998044968,97.0,0.737500011920929,80.0,,,,,,,,,,,,,,,,,,,,,,,,
44426,RWA,Sub-Saharan Africa,Low income,Rwanda,DHS,2000,,1,Region & Sex,Male,,,Gisenyi,,,,,,0.284099996089935,0.159999996423721,0.127700001001358,0.430400013923645,0.134800001978874,0.100000001490116,,0.192300006747246,0.320499986410141,0.206000000238419,0.417400002479553,0.767400026321411,88.0,75.0,47.0,230.0,230.0,150.0,78.0,78.0,78.0,301.0,115.0,86.0,,,,,0.215700000524521,255.0,0.452800005674362,53.0,,,0.0164000000804663,61.0,0.0,61.0,0.0,45.0,0.0,104.0,0.437700003385544,377.0,0.814300000667572,70.0,,,,,,,,,,,,,,,,,,,,,,,,
44427,RWA,Sub-Saharan Africa,Low income,Rwanda,DHS,2000,,1,Region & Sex,Male,,,Gitarama,,,,,,0.302599996328354,0.0531999990344048,0.0384999997913837,0.355800002813339,0.0513000003993511,0.0588000006973743,,0.266000002622604,0.372299998998642,0.186100006103516,0.692300021648407,0.860499978065491,152.0,94.0,52.0,312.0,312.0,170.0,94.0,94.0,94.0,360.0,195.0,129.0,,,,,0.149800002574921,327.0,0.3091000020504,55.0,,,0.0,61.0,0.0,61.0,0.0,71.0,0.0,125.0,0.336800009012222,288.0,0.617999970912933,89.0,,,,,,,,,,,,,,,,,,,,,,,,
44428,RWA,Sub-Saharan Africa,Low income,Rwanda,DHS,2000,,1,Region & Sex,Male,,,Kibungo,,,,,,0.161799997091293,0.0115000000223517,0.0260000005364418,0.300900012254715,0.0395000018179417,0.0403999984264374,,0.218799993395805,0.335900008678436,0.365900009870529,0.606199979782104,0.809899985790253,136.0,87.0,77.0,329.0,329.0,223.0,128.0,128.0,128.0,369.0,160.0,121.0,,,,,0.226500004529953,309.0,0.405400007963181,37.0,,,0.0303000006824732,66.0,0.0152000002563,66.0,0.0,50.0,0.0,126.0,,,0.617399990558624,115.0,,,,,,,,,,,,,,,,,,,,,,,,
44429,RWA,Sub-Saharan Africa,Low income,Rwanda,DHS,2000,,1,Region & Sex,Male,,,Kibuye,,,,,,0.154499992728233,0.0255999993532896,0.0221999995410442,0.246999993920326,0.0239000003784895,0.0244999993592501,,0.317600011825562,0.470600008964539,0.24210000038147,0.508599996566772,0.898000001907349,110.0,78.0,45.0,251.0,251.0,163.0,85.0,85.0,85.0,318.0,116.0,98.0,,,,,0.211899995803833,269.0,,,,,0.0164000000804663,61.0,0.0,61.0,0.0,40.0,0.0,111.0,0.392399996519089,344.0,0.662299990653992,77.0,,,,,,,,,,,,,,,,,,,,,,,,
44430,RWA,Sub-Saharan Africa,Low income,Rwanda,DHS,2000,,1,Region & Sex,Male,,,Kigali City,,,,,,0.492700010538101,0.20720000565052,0.140900000929832,0.630100011825562,0.229100003838539,0.147799998521805,,0.0710999965667725,0.126300007104874,0.208199992775917,0.477699995040894,0.657999992370605,274.0,251.0,220.0,838.0,838.0,670.0,380.0,380.0,380.0,389.0,224.0,269.0,,,,,0.0854000002145767,316.0,0.62389999628067,218.0,0.790000021457672,100.0,0.0461999997496605,238.0,0.0083999997004866,238.0,0.010499999858439,190.0,0.0241999998688698,372.0,0.274500012397766,153.0,0.891700029373169,351.0,,,,,,,,,,,,,,,,,,,,,,,,
44431,RWA,Sub-Saharan Africa,Low income,Rwanda,DHS,2000,,1,Region & Sex,Male,,,Kigali Rural,,,,,,0.328399986028671,0.10530000180006,0.0388000011444092,0.394899994134903,0.0830999985337257,0.0625,,0.211199998855591,0.304300010204315,0.245700001716614,0.591899991035461,0.81580001115799,204.0,95.0,103.0,433.0,433.0,272.0,161.0,161.0,161.0,411.0,223.0,152.0,,,,,0.156800001859665,370.0,0.432399988174438,74.0,,,0.0221999995410442,90.0,0.0,90.0,0.0,88.0,0.0,152.0,,,0.787599980831146,113.0,,,,,,,,,,,,,,,,,,,,,,,,
44432,RWA,Sub-Saharan Africa,Low income,Rwanda,DHS,2000,,1,Region & Sex,Male,,,Ruhengeri,,,,,,0.274599999189377,0.024100000038743,0.0425999984145164,0.386999994516373,0.061599999666214,0.0824000015854836,,0.252900004386902,0.333299994468689,0.183200001716614,0.575600028038025,0.899999976158142,142.0,83.0,47.0,292.0,292.0,170.0,87.0,87.0,87.0,453.0,172.0,100.0,,,,,0.184300005435944,369.0,0.210500001907349,57.0,,,0.0,67.0,0.0,67.0,0.0,78.0,0.0,115.0,0.410699993371964,504.0,0.765399992465973,81.0,,,,,,,,,,,,,,,,,,,,,,,,
44433,RWA,Sub-Saharan Africa,Low income,Rwanda,DHS,2000,,1,Region & Sex,Male,,,Umutara,,,,,,0.193200007081032,0.025000000372529,0.0500000007450581,0.304300010204315,0.0434999987483025,0.0615000016987324,,0.1891999989748,0.324299991130829,0.229200005531311,0.565999984741211,0.841300010681152,88.0,40.0,40.0,184.0,184.0,130.0,74.0,74.0,74.0,240.0,106.0,63.0,,,,,0.270900011062622,203.0,,,,,0.0,44.0,0.0,44.0,0.0,42.0,0.0,73.0,0.455900013446808,261.0,0.697000026702881,33.0,,,,,,,,,,,,,,,,,,,,,,,,
44434,RWA,Sub-Saharan Africa,Low income,Rwanda,DHS,2000,,1,Total,,,,,,,,,,0.278400003910065,0.0747999995946884,0.0419000014662743,0.372999995946884,0.0710999965667725,0.0505999997258186,,0.212699994444847,0.319499999284744,0.247600004076958,0.587400019168854,0.85290002822876,3602.0,2563.0,1964.0,8866.0,8866.0,6198.0,3367.0,3367.0,3367.0,8573.0,3760.0,3183.0,,,,,0.184200003743172,7289.0,0.375900000333786,1554.0,0.781799972057343,393.0,0.0103000001981854,2256.0,0.002199999988079,2256.0,0.002600000007078,1872.0,0.0015999999595806,3694.0,0.370200008153915,4942.0,0.735400021076202,6366.0,,,,,,,,,,,,,,,,,,,,,,,,
44435,RWA,Sub-Saharan Africa,Low income,Rwanda,DHS,2005,,1,Location,,Rural,,,,,,,,0.0842000022530556,0.0285999998450279,0.0186000000685453,0.159999996423721,0.0262000001966953,0.023199999704957,,0.255299985408783,0.491200000047684,0.151299998164177,0.260300010442734,0.641700029373169,2608.0,2223.0,2051.0,7471.0,7471.0,5773.0,3372.0,3372.0,3372.0,6599.0,2959.0,2558.0,,,,,0.275400012731552,5271.0,0.396200001239777,511.0,0.76690000295639,129.0,0.0024000001139938,2136.0,0.0012000000569969,2136.0,0.0031000000890344,1524.0,0.0003999999898951,3517.0,0.647300004959106,8813.0,0.66949999332428,5564.0,,,,,,,,,,,,,,,,,,,,,,,,
44436,RWA,Sub-Saharan Africa,Low income,Rwanda,DHS,2005,,1,Location,,Urban,,,,,,,,0.221699997782707,0.194900006055832,0.149800002574921,0.403200000524521,0.181999996304512,0.151999995112419,,0.151999995112419,0.27649998664856,0.0974999964237213,0.257299989461899,0.592299997806549,702.0,737.0,704.0,2346.0,2346.0,2039.0,1172.0,1172.0,1172.0,1615.0,761.0,725.0,,,,,0.14470000565052,1269.0,0.68860000371933,420.0,0.837100028991699,265.0,0.061999998986721,782.0,0.0337000004947186,782.0,0.0518999993801117,520.0,0.022299999371171,1163.0,0.495400011539459,2247.0,0.836899995803833,2156.0,,,,,,,,,,,,,,,,,,,,,,,,
44437,RWA,Sub-Saharan Africa,Low income,Rwanda,DHS,2005,,1,Location & Religion,,Rural,,,,Catholic,,,,0.101700000464916,0.0148999998345971,0.0225000008940697,0.18129999935627,0.0221999995410442,0.0207000002264977,,0.218099996447563,0.449999988079071,0.146799996495247,0.244499996304512,0.637099981307983,587.0,486.0,386.0,1568.0,1568.0,1164.0,658.0,658.0,658.0,1632.0,694.0,563.0,,,,,,,0.30799999833107,177.0,0.832599997520447,46.0,0.001700000022538,726.0,0.0,726.0,0.006000000052154,553.0,0.0010999999940395,1110.0,1.0,443.0,0.716899991035461,2561.0,,,,,,,,,,,,,,,,,,,,,,,,
44438,RWA,Sub-Saharan Africa,Low income,Rwanda,DHS,2005,,1,Location & Religion,,Rural,,,,Eglise Du 7E Jour,,,,0.0812000036239624,0.0278999991714954,0.0148000000044703,0.135900005698204,0.0204000007361174,0.031700000166893,,0.214900001883507,0.52130001783371,0.11150000244379,0.254099994897842,0.58050000667572,162.0,95.0,93.0,386.0,386.0,302.0,156.0,156.0,156.0,431.0,189.0,149.0,,,,,,,,,,,,,,,,,,,,,,,,,,,,,,,,,,,,,,,,,,,,,,
44439,RWA,Sub-Saharan Africa,Low income,Rwanda,DHS,2005,,1,Location & Religion,,Rural,,,,Muslim,,,,,,,0.171499997377396,0.0203000009059906,0.0,,,,0.147200003266335,,,,,,48.0,48.0,35.0,,,,41.0,,,,,,,,,,,,,,,,,,,,,,,0.728200018405914,59.0,,,,,,,,,,,,,,,,,,,,,,,,
44440,RWA,Sub-Saharan Africa,Low income,Rwanda,DHS,2005,,1,Location & Religion,,Rural,,,,No Religion/None,,,,,,,0.0746999979019165,0.0,0.0,,,,0.222100004553795,,,,,,54.0,54.0,47.0,,,,51.0,,,,,,,,,,,,,,,,,,,,,,,,,,,,,,,,,,,,,,,,,,,,,,,,
44441,RWA,Sub-Saharan Africa,Low income,Rwanda,DHS,2005,,1,Location & Religion,,Rural,,,,Protestant,,,,0.0553000010550022,0.0425000004470348,0.0074000000022351,0.129999995231628,0.0261000003665686,0.0223999992012978,,0.299199998378754,0.554099977016449,0.15090000629425,0.243900001049042,0.618099987506866,430.0,330.0,352.0,1203.0,1203.0,929.0,558.0,558.0,558.0,1074.0,462.0,405.0,,,,,,,0.466399997472763,122.0,0.703000009059906,31.0,0.0041000000201165,626.0,0.0041000000201165,626.0,0.0049000000581145,427.0,0.0,1027.0,1.0,345.0,0.593999981880188,2229.0,,,,,,,,,,,,,,,,,,,,,,,,
44442,RWA,Sub-Saharan Africa,Low income,Rwanda,DHS,2005,,1,Location & Religion,,Urban,,,,Catholic,,,,0.213599994778633,0.207800000905991,0.133300006389618,0.384799987077713,0.167500004172325,0.145899996161461,,0.115299999713898,0.242200002074242,0.0921000018715858,0.300599992275238,0.571699976921082,154.0,150.0,122.0,462.0,462.0,365.0,210.0,210.0,210.0,355.0,152.0,160.0,,,,,,,0.630900025367737,119.0,0.887600004673004,71.0,0.0781000033020973,202.0,0.0623999983072281,202.0,0.0229000002145767,153.0,0.0286999996751547,316.0,1.0,74.0,0.86599999666214,873.0,,,,,,,,,,,,,,,,,,,,,,,,
44443,RWA,Sub-Saharan Africa,Low income,Rwanda,DHS,2005,,1,Location & Religion,,Urban,,,,Eglise Du 7E Jour,,,,0.113499999046326,0.174799993634224,0.108000002801418,0.317799985408783,0.155300006270409,0.144899994134903,,0.225099995732307,0.363299995660782,0.123400002717972,0.19030000269413,0.59689998626709,42.0,47.0,34.0,139.0,139.0,101.0,61.0,61.0,61.0,123.0,64.0,48.0,,,,,,,,,,,,,,,,,,,,,,,,,,,,,,,,,,,,,,,,,,,,,,
44444,RWA,Sub-Saharan Africa,Low income,Rwanda,DHS,2005,,1,Location & Religion,,Urban,,,,Muslim,,,,,,,0.35479998588562,0.0980999991297722,0.0068999999202787,,0.313400000333786,0.353399991989136,0.167500004172325,,,,,,65.0,65.0,47.0,31.0,31.0,31.0,50.0,,,,,,,,,,,,,0.0685999989509583,37.0,0.0051000001840293,37.0,,,0.0,50.0,,,0.856100022792816,125.0,,,,,,,,,,,,,,,,,,,,,,,,
44445,RWA,Sub-Saharan Africa,Low income,Rwanda,DHS,2005,,1,Location & Religion,,Urban,,,,Protestant,,,,0.218999996781349,0.170699998736382,0.169400006532669,0.40200001001358,0.197799995541573,0.162799999117851,,0.167400002479553,0.305999994277954,0.0681999996304512,0.236000001430511,0.599900007247925,117.0,94.0,117.0,358.0,358.0,329.0,183.0,183.0,183.0,287.0,120.0,109.0,,,,,,,0.690999984741211,120.0,0.794900000095367,76.0,0.0388000011444092,221.0,0.0245999991893768,221.0,0.133799999952316,113.0,0.0096000004559755,332.0,1.0,71.0,0.804499983787537,843.0,,,,,,,,,,,,,,,,,,,,,,,,
44446,RWA,Sub-Saharan Africa,Low income,Rwanda,DHS,2005,,1,Location & Sex,Female,Rural,,,,,,,,0.0851999968290329,0.0278999991714954,0.0160000007599592,0.151899993419647,0.023199999704957,0.0195000004023314,,0.26570001244545,0.501999974250793,0.140699997544289,0.246299996972084,0.686999976634979,1307.0,1119.0,1130.0,3896.0,3896.0,3196.0,1834.0,1834.0,1834.0,3287.0,1515.0,1293.0,,,,,0.25789999961853,2681.0,0.343699991703033,241.0,0.765200018882751,60.0,0.0,1204.0,0.0,1204.0,0.0,893.0,0.0003000000142492,1827.0,0.64190000295639,4437.0,0.645699977874756,3896.0,,,,,,,,,,,,,,,,,,,,,,,,
44447,RWA,Sub-Saharan Africa,Low income,Rwanda,DHS,2005,,1,Location & Sex,Female,Urban,,,,,,,,0.225999996066093,0.209900006651878,0.168699994683266,0.407000005245209,0.179900005459785,0.165800005197525,,0.135600000619888,0.282900005578995,0.0869999974966049,0.292199999094009,0.605000019073486,408.0,405.0,361.0,1290.0,1290.0,1070.0,617.0,617.0,617.0,822.0,413.0,418.0,,,,,0.141000002622604,652.0,0.693300008773804,239.0,0.861800014972687,145.0,0.0658999979496002,404.0,0.0331999994814396,404.0,0.0177999995648861,255.0,0.0216000005602837,620.0,0.476799994707108,1155.0,0.820999979972839,1502.0,,,,,,,,,,,,,,,,,,,,,,,,
44448,RWA,Sub-Saharan Africa,Low income,Rwanda,DHS,2005,,1,Location & Sex,Male,Rural,,,,,,,,0.0830999985337257,0.0292000006884336,0.0218000002205372,0.16889999806881,0.0295000001788139,0.0278999991714954,,0.24269999563694,0.478199988603592,0.161899998784065,0.275000005960464,0.595099985599518,1301.0,1104.0,921.0,3575.0,3575.0,2577.0,1538.0,1538.0,1538.0,3312.0,1444.0,1265.0,,,,,0.293599992990494,2590.0,0.442799985408783,270.0,0.768299996852875,69.0,0.0054999999701976,932.0,0.0027999999001622,932.0,0.0076000001281499,631.0,0.0003999999898951,1690.0,0.652899980545044,4376.0,0.693499982357025,1668.0,,,,,,,,,,,,,,,,,,,,,,,,
44449,RWA,Sub-Saharan Africa,Low income,Rwanda,DHS,2005,,1,Location & Sex,Male,Urban,,,,,,,,0.215599998831749,0.176599994301796,0.129700005054474,0.398499995470047,0.184599995613098,0.13680000603199,,0.170300006866455,0.269300013780594,0.108300000429153,0.213599994778633,0.575100004673004,294.0,332.0,343.0,1056.0,1056.0,969.0,555.0,555.0,555.0,793.0,347.0,307.0,,,,,0.148599997162819,617.0,0.682399988174438,181.0,0.807600021362305,120.0,0.0579000003635883,378.0,0.0342000015079975,378.0,0.0832000002264977,265.0,0.0230999998748302,543.0,0.514999985694885,1092.0,0.852500021457672,654.0,,,,,,,,,,,,,,,,,,,,,,,,
44450,RWA,Sub-Saharan Africa,Low income,Rwanda,DHS,2005,,1,Location & Sex & Wealth,Female,Rural,Quintile 1,,,,,,,0.0522000007331371,0.0175000000745058,0.0,0.0851000025868416,0.0104000000283122,0.0032999999821186,,0.35589998960495,0.605300009250641,0.177100002765656,0.322100013494492,0.762899994850159,340.0,260.0,277.0,957.0,957.0,767.0,437.0,437.0,437.0,792.0,350.0,311.0,,,,,0.33950001001358,617.0,0.228499993681908,35.0,,,0.0,300.0,0.0,300.0,0.0,222.0,0.0,421.0,0.676599979400635,984.0,0.542599976062775,912.0,,,,,,,,,,,,,,,,,,,,,,,,
44451,RWA,Sub-Saharan Africa,Low income,Rwanda,DHS,2005,,1,Location & Sex & Wealth,Female,Rural,Quintile 2,,,,,,,0.0586999990046024,0.0,0.0097000002861022,0.130799993872643,0.0063000000081956,0.0035000001080334,,0.258100003004074,0.509100019931793,0.1283999979496,0.228699997067451,0.694199979305267,290.0,266.0,259.0,893.0,893.0,732.0,433.0,433.0,433.0,676.0,305.0,296.0,,,,,0.269300013780594,573.0,0.165600001811981,42.0,,,0.0,263.0,0.0,263.0,0.0,198.0,0.0,434.0,0.665899991989136,939.0,0.615800023078918,872.0,,,,,,,,,,,,,,,,,,,,,,,,
44452,RWA,Sub-Saharan Africa,Low income,Rwanda,DHS,2005,,1,Location & Sex & Wealth,Female,Rural,Quintile 3,,,,,,,0.0798000022768974,0.0063000000081956,0.009800000116229,0.116599999368191,0.0066999997943639,0.0098999999463558,,0.267100006341934,0.53030002117157,0.140699997544289,0.252099990844727,0.682699978351593,243.0,208.0,209.0,734.0,734.0,630.0,345.0,345.0,345.0,721.0,300.0,260.0,,,,,0.250099986791611,586.0,0.213200002908707,34.0,,,0.0,257.0,0.0,257.0,0.0,209.0,0.0,351.0,0.629499971866608,948.0,0.634999990463257,722.0,,,,,,,,,,,,,,,,,,,,,,,,
44453,RWA,Sub-Saharan Africa,Low income,Rwanda,DHS,2005,,1,Location & Sex & Wealth,Female,Rural,Quintile 4,,,,,,,0.0851000025868416,0.0137000000104308,0.0190999992191792,0.169200003147125,0.0216000005602837,0.0153999999165535,,0.221900001168251,0.451299995183945,0.139400005340576,0.203999996185303,0.684400022029877,264.0,228.0,276.0,841.0,841.0,701.0,423.0,423.0,423.0,711.0,338.0,244.0,,,,,0.234200000762939,577.0,0.193000003695488,48.0,,,0.0,243.0,0.0,243.0,0.0,172.0,0.0015000000130385,405.0,0.658200025558472,976.0,0.678900003433228,821.0,,,,,,,,,,,,,,,,,,,,,,,,
44454,RWA,Sub-Saharan Africa,Low income,Rwanda,DHS,2005,,1,Location & Sex & Wealth,Female,Rural,Quintile 5,,,,,,,0.208700001239777,0.140499994158745,0.0766000002622604,0.353500008583069,0.11089999973774,0.108000002801418,,0.17569999396801,0.316799998283386,0.0916000008583069,0.202199995517731,0.552999973297119,170.0,157.0,109.0,471.0,471.0,366.0,196.0,196.0,196.0,387.0,222.0,182.0,,,,,0.13910000026226,328.0,0.60860002040863,82.0,0.780900001525879,32.0,0.0,141.0,0.0,141.0,0.0,92.0,0.0,216.0,0.541499972343445,590.0,0.823300004005432,569.0,,,,,,,,,,,,,,,,,,,,,,,,
44455,RWA,Sub-Saharan Africa,Low income,Rwanda,DHS,2005,,1,Location & Sex & Wealth,Female,Urban,Quintile 1,,,,,,,,,,0.136700004339218,0.0177999995648861,0.0,,,,0.128199994564056,,,,,,66.0,66.0,37.0,,,,56.0,,,,,,,0.230000004172325,45.0,,,,,,,,,,,,,0.722199976444244,85.0,0.624599993228912,60.0,,,,,,,,,,,,,,,,,,,,,,,,
44456,RWA,Sub-Saharan Africa,Low income,Rwanda,DHS,2005,,1,Location & Sex & Wealth,Female,Urban,Quintile 2,,,,,,,,0.0313999988138676,,0.180099993944168,0.0182000007480383,0.008500000461936,,0.293099999427795,0.52590000629425,0.165199995040894,0.234099999070168,0.633800029754639,,33.0,,94.0,94.0,78.0,47.0,47.0,47.0,74.0,35.0,33.0,,,,,0.24549999833107,65.0,,,,,,,,,,,0.0,47.0,0.676800012588501,105.0,0.659799993038177,91.0,,,,,,,,,,,,,,,,,,,,,,,,
44457,RWA,Sub-Saharan Africa,Low income,Rwanda,DHS,2005,,1,Location & Sex & Wealth,Female,Urban,Quintile 3,,,,,,,0.0750000029802322,0.0,,0.232800006866455,0.0293000005185604,0.0,,0.182099997997284,0.447299987077713,0.10360000282526,0.260899990797043,0.558300018310547,38.0,38.0,,108.0,108.0,90.0,44.0,44.0,44.0,112.0,44.0,38.0,,,,,0.305400013923645,90.0,,,,,0.0,46.0,0.0,46.0,,,0.0,53.0,0.687900006771088,149.0,0.69980001449585,101.0,,,,,,,,,,,,,,,,,,,,,,,,
44458,RWA,Sub-Saharan Africa,Low income,Rwanda,DHS,2005,,1,Location & Sex & Wealth,Female,Urban,Quintile 4,,,,,,,0.122400000691414,0.118500001728535,0.0324000008404255,0.240799993276596,0.0522000007331371,0.0152000002563,,0.273499995470047,0.477299988269806,0.10419999808073,0.166700005531311,0.547500014305115,56.0,40.0,46.0,156.0,156.0,128.0,76.0,76.0,76.0,129.0,62.0,46.0,,,,,0.152999997138977,100.0,,,,,0.0,46.0,0.0,46.0,0.0,36.0,0.0,71.0,0.542900025844574,183.0,0.753499984741211,161.0,,,,,,,,,,,,,,,,,,,,,,,,
44459,RWA,Sub-Saharan Africa,Low income,Rwanda,DHS,2005,,1,Location & Sex & Wealth,Female,Urban,Quintile 5,,,,,,,0.29449999332428,0.285600006580353,0.224399998784065,0.49770000576973,0.246700003743172,0.231800004839897,,0.0908000022172928,0.202399998903275,0.0617999993264675,0.340999990701675,0.630299985408783,262.0,270.0,253.0,866.0,866.0,737.0,429.0,429.0,429.0,451.0,245.0,274.0,,,,,0.0694999992847443,352.0,0.748199999332428,193.0,0.872099995613098,134.0,0.0957999974489212,272.0,0.048200000077486,272.0,0.0264999996870756,165.0,0.0309999994933605,420.0,0.349799990653992,633.0,0.863099992275238,1089.0,,,,,,,,,,,,,,,,,,,,,,,,
44460,RWA,Sub-Saharan Africa,Low income,Rwanda,DHS,2005,,1,Location & Sex & Wealth,Male,Rural,Quintile 1,,,,,,,0.0195000004023314,0.0087999999523162,0.0082000000402331,0.09740000218153,0.0119000002741814,0.0057000000961124,,0.276399999856949,0.56360000371933,0.19030000269413,0.234699994325638,0.634500026702881,269.0,219.0,183.0,724.0,724.0,527.0,311.0,311.0,311.0,811.0,324.0,263.0,,,,,0.346700012683868,640.0,0.326999992132187,32.0,,,0.0,191.0,0.0,191.0,0.0,153.0,0.0,339.0,0.704500019550323,1004.0,0.627399981021881,325.0,,,,,,,,,,,,,,,,,,,,,,,,
44461,RWA,Sub-Saharan Africa,Low income,Rwanda,DHS,2005,,1,Location & Sex & Wealth,Male,Rural,Quintile 2,,,,,,,0.096900001168251,0.0115000000223517,0.0073000001721084,0.13910000026226,0.0147000001743436,0.0070000002160668,,0.296900004148483,0.541899979114532,0.156800001859665,0.263900011777878,0.589600026607513,261.0,229.0,164.0,707.0,707.0,486.0,288.0,288.0,288.0,691.0,287.0,262.0,,,,,0.292600005865097,519.0,0.29449999332428,47.0,,,0.0,176.0,0.0,176.0,0.0,112.0,0.0,329.0,0.653800010681152,920.0,0.631600022315979,310.0,,,,,,,,,,,,,,,,,,,,,,,,
44462,RWA,Sub-Saharan Africa,Low income,Rwanda,DHS,2005,,1,Location & Sex & Wealth,Male,Rural,Quintile 3,,,,,,,0.0689999982714653,0.0272000003606081,0.0065999999642372,0.145500004291534,0.0233999993652105,0.0156999994069338,,0.248699992895126,0.48989999294281,0.16889999806881,0.296099990606308,0.6317999958992,299.0,251.0,202.0,806.0,806.0,537.0,333.0,333.0,333.0,704.0,331.0,284.0,,,,,0.319599986076355,569.0,0.462999999523163,57.0,,,0.0,188.0,0.0,188.0,0.0,149.0,0.0,383.0,0.676500022411346,935.0,0.652199983596802,369.0,,,,,,,,,,,,,,,,,,,,,,,,
44463,RWA,Sub-Saharan Africa,Low income,Rwanda,DHS,2005,,1,Location & Sex & Wealth,Male,Rural,Quintile 4,,,,,,,0.0683000013232231,0.0307000000029802,0.023700000718236,0.1807000041008,0.0318000018596649,0.0242999996989965,,0.224000006914139,0.42739999294281,0.162799999117851,0.31029999256134,0.590399980545044,279.0,244.0,207.0,788.0,788.0,616.0,354.0,354.0,354.0,703.0,297.0,272.0,,,,,0.29899999499321,543.0,0.491800010204315,63.0,,,0.0031000000890344,232.0,0.0,232.0,0.0,120.0,0.0,381.0,0.628600001335144,912.0,0.749199986457825,370.0,,,,,,,,,,,,,,,,,,,,,,,,
44464,RWA,Sub-Saharan Africa,Low income,Rwanda,DHS,2005,,1,Location & Sex & Wealth,Male,Rural,Quintile 5,,,,,,,0.196899995207787,0.0851000025868416,0.0672999992966652,0.322299987077713,0.0785000026226044,0.103799998760223,,0.155200004577637,0.353700011968613,0.10080000013113,0.267199993133545,0.491100013256073,193.0,161.0,165.0,550.0,550.0,411.0,252.0,252.0,252.0,403.0,205.0,184.0,,,,,0.13510000705719,319.0,0.531000018119812,71.0,,,0.0305000003427267,145.0,0.0182000007480383,145.0,0.0480999983847141,97.0,0.0028999999631196,258.0,0.564800024032593,605.0,0.826399981975555,294.0,,,,,,,,,,,,,,,,,,,,,,,,
44465,RWA,Sub-Saharan Africa,Low income,Rwanda,DHS,2005,,1,Location & Sex & Wealth,Male,Urban,Quintile 1,,,,,,,,,,0.139200001955032,0.046000000089407,0.0,,,,0.104999996721745,,,,,,60.0,60.0,36.0,,,,72.0,,,,,,,0.199100002646446,64.0,,,,,,,,,,,,,0.731400012969971,97.0,,,,,,,,,,,,,,,,,,,,,,,,,,
44466,RWA,Sub-Saharan Africa,Low income,Rwanda,DHS,2005,,1,Location & Sex & Wealth,Male,Urban,Quintile 2,,,,,,,,,,0.110399998724461,0.0,0.0,,,,0.142800003290176,0.21170000731945,,,,,50.0,50.0,31.0,,,,60.0,39.0,,,,,,0.24600000679493,50.0,,,,,,,,,,,,,0.660799980163574,87.0,,,,,,,,,,,,,,,,,,,,,,,,,,
44467,RWA,Sub-Saharan Africa,Low income,Rwanda,DHS,2005,,1,Location & Sex & Wealth,Male,Urban,Quintile 3,,,,,,,0.111800000071526,0.0,0.0122999995946884,0.184599995613098,0.0243999995291233,0.0172000005841255,,0.210800006985664,0.415699988603592,0.182199999690056,0.263200014829636,,33.0,34.0,40.0,119.0,119.0,98.0,62.0,62.0,62.0,105.0,51.0,,,,,,0.201100006699562,86.0,,,,,0.0,34.0,0.0,34.0,,,0.0,58.0,0.642499983310699,140.0,0.750400006771088,44.0,,,,,,,,,,,,,,,,,,,,,,,,
44468,RWA,Sub-Saharan Africa,Low income,Rwanda,DHS,2005,,1,Location & Sex & Wealth,Male,Urban,Quintile 4,,,,,,,0.114699997007847,0.0593000017106533,0.0195000004023314,0.234599992632866,0.0294000003486872,0.0100999996066093,,0.213300004601479,0.370599985122681,0.145500004291534,0.179399996995926,0.658200025558472,48.0,54.0,36.0,147.0,147.0,118.0,66.0,66.0,66.0,134.0,56.0,55.0,,,,,0.191100001335144,112.0,,,,,0.0,48.0,0.0,48.0,0.0,38.0,0.0,70.0,0.664499998092651,178.0,0.729399979114532,81.0,,,,,,,,,,,,,,,,,,,,,,,,
44469,RWA,Sub-Saharan Africa,Low income,Rwanda,DHS,2005,,1,Location & Sex & Wealth,Male,Urban,Quintile 5,,,,,,,0.299699991941452,0.251800000667572,0.177000001072884,0.504000008106232,0.263599991798401,0.184000000357628,,0.14020000398159,0.213200002908707,0.0769999995827675,0.194600000977516,0.541499972343445,167.0,212.0,238.0,680.0,680.0,686.0,383.0,383.0,383.0,422.0,175.0,193.0,,,,,0.093800000846386,305.0,0.714999973773956,145.0,0.799499988555908,114.0,0.0775000005960464,275.0,0.0456999987363815,275.0,0.111199997365475,195.0,0.033100001513958,366.0,0.395399987697601,590.0,0.880800008773804,483.0,,,,,,,,,,,,,,,,,,,,,,,,
44470,RWA,Sub-Saharan Africa,Low income,Rwanda,DHS,2005,,1,Location & Wealth,,Rural,Quintile 1,,,,,,,0.0379000008106232,0.0135000003501773,0.0031999999191612,0.0904000028967857,0.0110999997705221,0.0043000001460313,,0.323100000619888,0.588100016117096,0.183699995279312,0.281399995088577,0.70389997959137,609.0,479.0,460.0,1681.0,1681.0,1294.0,748.0,748.0,748.0,1603.0,674.0,574.0,,,,,0.343199998140335,1257.0,0.277099996805191,67.0,,,0.0,491.0,0.0,491.0,0.0,375.0,0.0,760.0,0.690599977970123,1988.0,0.580999970436096,1237.0,,,,,,,,,,,,,,,,,,,,,,,,
44471,RWA,Sub-Saharan Africa,Low income,Rwanda,DHS,2005,,1,Location & Wealth,,Rural,Quintile 2,,,,,,,0.0768000036478043,0.0052999998442828,0.0087999999523162,0.134499996900558,0.0099999997764825,0.0049000000581145,,0.273499995470047,0.522199988365173,0.142900004982948,0.245700001716614,0.645799994468689,551.0,495.0,423.0,1600.0,1600.0,1218.0,721.0,721.0,721.0,1367.0,592.0,558.0,,,,,0.280499994754791,1092.0,0.231499999761581,89.0,,,0.0,439.0,0.0,439.0,0.0,310.0,0.0,763.0,0.659900009632111,1859.0,0.623000025749207,1182.0,,,,,,,,,,,,,,,,,,,,,,,,
44472,RWA,Sub-Saharan Africa,Low income,Rwanda,DHS,2005,,1,Location & Wealth,,Rural,Quintile 3,,,,,,,0.0737000033259392,0.0176999997347593,0.0082000000402331,0.1317999958992,0.0154999997466803,0.0125000001862645,,0.258100003004074,0.510599970817566,0.154599994421005,0.275000005960464,0.655399978160858,542.0,459.0,411.0,1540.0,1540.0,1167.0,678.0,678.0,678.0,1425.0,631.0,544.0,,,,,0.28439998626709,1155.0,0.377499997615814,91.0,,,0.0,445.0,0.0,445.0,0.0,358.0,0.0,734.0,0.652800023555756,1883.0,0.644400000572205,1091.0,,,,,,,,,,,,,,,,,,,,,,,,
44473,RWA,Sub-Saharan Africa,Low income,Rwanda,DHS,2005,,1,Location & Wealth,,Rural,Quintile 4,,,,,,,0.0767000019550323,0.0225000008940697,0.0210999995470047,0.174700006842613,0.0264999996870756,0.0196000002324581,,0.222900003194809,0.440299987792969,0.15090000629425,0.254400014877319,0.636099994182587,543.0,472.0,483.0,1629.0,1629.0,1317.0,777.0,777.0,777.0,1414.0,635.0,516.0,,,,,0.265199989080429,1120.0,0.363200008869171,111.0,0.756099998950958,31.0,0.0015000000130385,475.0,0.0,475.0,0.0,292.0,0.0007999999797903,786.0,0.643899977207184,1888.0,0.714900016784668,1191.0,,,,,,,,,,,,,,,,,,,,,,,,
44474,RWA,Sub-Saharan Africa,Low income,Rwanda,DHS,2005,,1,Location & Wealth,,Rural,Quintile 5,,,,,,,0.202399998903275,0.112999998033047,0.0710000023245811,0.336800009012222,0.0935000032186508,0.105800002813339,,0.164399996399879,0.337199985980988,0.0962999984622002,0.233799993991852,0.521899998188019,363.0,318.0,274.0,1021.0,1021.0,777.0,448.0,448.0,448.0,790.0,427.0,366.0,,,,,0.137099996209145,647.0,0.573400020599365,153.0,0.805199980735779,60.0,0.0152000002563,286.0,0.0091000003740191,286.0,0.0245999991893768,189.0,0.0015999999595806,474.0,0.553300023078918,1195.0,0.824999988079071,863.0,,,,,,,,,,,,,,,,,,,,,,,,
44475,RWA,Sub-Saharan Africa,Low income,Rwanda,DHS,2005,,1,Location & Wealth,,Urban,Quintile 1,,,,,,,0.0668999999761581,0.0278999991714954,0.0,0.137799993157387,0.0304000005125999,0.0,,0.1891999989748,0.39300000667572,0.115099996328354,0.267699986696243,0.461600005626678,48.0,42.0,34.0,126.0,126.0,73.0,47.0,47.0,47.0,128.0,53.0,43.0,,,,,0.211600005626678,109.0,,,,,,,,,,,0.0,58.0,0.726999998092651,182.0,0.771200001239777,86.0,,,,,,,,,,,,,,,,,,,,,,,,
44476,RWA,Sub-Saharan Africa,Low income,Rwanda,DHS,2005,,1,Location & Wealth,,Urban,Quintile 2,,,,,,,0.0794999971985817,0.0225000008940697,0.0187999997287989,0.156299993395805,0.0120000001043081,0.006000000052154,,0.361000001430511,0.559899985790253,0.155100002884865,0.222000002861023,0.653800010681152,50.0,47.0,35.0,144.0,144.0,109.0,65.0,65.0,65.0,134.0,74.0,47.0,,,,,0.245700001716614,115.0,,,,,0.0,40.0,0.0,40.0,,,0.0,67.0,0.66949999332428,192.0,0.674300014972687,111.0,,,,,,,,,,,,,,,,,,,,,,,,
44477,RWA,Sub-Saharan Africa,Low income,Rwanda,DHS,2005,,1,Location & Wealth,,Urban,Quintile 3,,,,,,,0.0921000018715858,0.0,0.0082000000402331,0.207699999213219,0.0267999991774559,0.008899999782443,,0.19879999756813,0.428900003433228,0.141800001263618,0.262199997901917,0.606299996376038,71.0,72.0,62.0,227.0,227.0,188.0,106.0,106.0,106.0,217.0,95.0,67.0,,,,,0.255299985408783,176.0,,,,,0.0,80.0,0.0,80.0,0.0,37.0,0.0,111.0,0.665799975395203,289.0,0.725199997425079,145.0,,,,,,,,,,,,,,,,,,,,,,,,
44478,RWA,Sub-Saharan Africa,Low income,Rwanda,DHS,2005,,1,Location & Wealth,,Urban,Quintile 4,,,,,,,0.11879999935627,0.0838000029325485,0.0266999993473291,0.237800002098083,0.0410000011324883,0.0127999996766448,,0.245399996638298,0.427500009536743,0.124700002372265,0.172900006175041,0.608200013637543,104.0,94.0,82.0,303.0,303.0,246.0,142.0,142.0,142.0,263.0,118.0,101.0,,,,,0.172700002789497,212.0,0.557200014591217,39.0,,,0.0,94.0,0.0,94.0,0.0,74.0,0.0,141.0,0.601599991321564,361.0,0.740299999713898,242.0,,,,,,,,,,,,,,,,,,,,,,,,
44479,RWA,Sub-Saharan Africa,Low income,Rwanda,DHS,2005,,1,Location & Wealth,,Urban,Quintile 5,,,,,,,0.296499997377396,0.270599991083145,0.201700001955032,0.500500023365021,0.254200011491776,0.208700001239777,,0.114100001752377,0.207499995827675,0.0692000016570091,0.282400012016296,0.592599987983704,429.0,482.0,491.0,1546.0,1546.0,1423.0,812.0,812.0,812.0,873.0,421.0,467.0,,,,,0.0806000009179115,657.0,0.733799993991852,338.0,0.838500022888184,248.0,0.086499996483326,547.0,0.0469999983906746,547.0,0.0728999972343445,360.0,0.0320000015199184,786.0,0.372099995613098,1223.0,0.872099995613098,1572.0,,,,,,,,,,,,,,,,,,,,,,,,
44480,RWA,Sub-Saharan Africa,Low income,Rwanda,DHS,2005,,1,Region,,,,Butare,,,,,,0.0888999998569489,0.0546999983489513,0.0271000005304813,0.159799993038177,0.0399000011384487,0.0366000011563301,,0.24210000038147,0.50739997625351,0.214000001549721,0.370799988508224,0.683600008487701,274.0,228.0,234.0,810.0,810.0,646.0,387.0,387.0,387.0,625.0,294.0,257.0,,,,,0.252799987792969,490.0,0.60699999332428,58.0,,,0.0062000001780688,224.0,0.0,224.0,0.0,152.0,0.0054000001400709,377.0,0.585200011730194,753.0,0.664200007915497,603.0,,,,,,,,,,,,,,,,,,,,,,,,
44481,RWA,Sub-Saharan Africa,Low income,Rwanda,DHS,2005,,1,Region,,,,Byumba,,,,,,0.0555999986827374,0.032600000500679,0.0104000000283122,0.108499996364117,0.0260000005364418,0.0104000000283122,,0.225299999117851,0.465499997138977,0.136099994182587,0.281599998474121,0.670400023460388,238.0,220.0,216.0,734.0,734.0,624.0,355.0,355.0,355.0,728.0,275.0,245.0,,,,,0.251300007104874,548.0,0.822799980640411,50.0,,,0.0007999999797903,247.0,0.0,247.0,0.0041999998502433,154.0,0.0,347.0,0.56470000743866,930.0,0.691799998283386,596.0,,,,,,,,,,,,,,,,,,,,,,,,
44482,RWA,Sub-Saharan Africa,Low income,Rwanda,DHS,2005,,1,Region,,,,Cyangugu,,,,,,0.0860999971628189,0.0217000003904104,0.0299999993294477,0.184400007128716,0.0300999991595745,0.0315000005066395,,0.270099997520447,0.48539999127388,0.171399995684624,0.245299994945526,0.687200009822845,325.0,258.0,229.0,885.0,885.0,678.0,402.0,402.0,402.0,765.0,376.0,284.0,,,,,0.214699998497963,592.0,0.363999992609024,68.0,,,0.0041000000201165,241.0,0.0,241.0,0.006000000052154,172.0,0.0,408.0,0.643400013446808,1022.0,0.695900022983551,698.0,,,,,,,,,,,,,,,,,,,,,,,,
44483,RWA,Sub-Saharan Africa,Low income,Rwanda,DHS,2005,,1,Region,,,,Gikongoro,,,,,,0.0582999996840954,0.0172000005841255,0.0115999998524785,0.145199999213219,0.0149999996647239,0.0230000000447035,,0.240899994969368,0.531700015068054,0.165399998426437,0.267800003290176,0.592400014400482,247.0,221.0,197.0,716.0,716.0,560.0,324.0,324.0,324.0,765.0,298.0,244.0,,,,,0.350600004196167,597.0,0.284599989652634,45.0,,,0.0074999998323619,204.0,0.0,204.0,0.0130000002682209,169.0,0.0,338.0,0.679700016975403,962.0,0.701399981975555,564.0,,,,,,,,,,,,,,,,,,,,,,,,
44484,RWA,Sub-Saharan Africa,Low income,Rwanda,DHS,2005,,1,Region,,,,Gisenyi,,,,,,0.0737000033259392,0.0722000002861023,0.0456000007688999,0.152799993753433,0.0494999997317791,0.035300001502037,,0.297600001096725,0.488499999046326,0.141599997878075,0.257600009441376,0.606800019741058,293.0,255.0,227.0,828.0,828.0,613.0,357.0,357.0,357.0,804.0,329.0,298.0,,,,,0.294400006532669,644.0,0.591000020503998,76.0,0.843200027942657,34.0,0.0087000001221895,237.0,0.0028999999631196,237.0,0.0107000004500151,151.0,0.0070000002160668,401.0,0.615499973297119,1079.0,0.634999990463257,642.0,,,,,,,,,,,,,,,,,,,,,,,,
44485,RWA,Sub-Saharan Africa,Low income,Rwanda,DHS,2005,,1,Region,,,,Gitarama,,,,,,0.139200001955032,0.0348999984562397,0.0408000014722347,0.249200001358986,0.0447999984025955,0.0452999994158745,,0.217099994421005,0.412900000810623,0.10869999974966,0.282999992370605,0.666599988937378,273.0,239.0,220.0,800.0,800.0,585.0,365.0,365.0,365.0,652.0,310.0,284.0,,,,,0.199799999594688,532.0,0.264899998903275,88.0,,,0.0130000002682209,198.0,0.0054999999701976,198.0,0.0113000003620982,165.0,0.0,379.0,0.606599986553192,905.0,0.747600018978119,619.0,,,,,,,,,,,,,,,,,,,,,,,,
44486,RWA,Sub-Saharan Africa,Low income,Rwanda,DHS,2005,,1,Region,,,,Kibungo,,,,,,0.0597000010311604,0.0498999990522861,0.0163000002503395,0.131500005722046,0.0329000018537045,0.0216000005602837,,0.280699998140335,0.556800007820129,0.133300006389618,0.193399995565414,0.561699986457825,289.0,256.0,226.0,832.0,832.0,632.0,365.0,365.0,365.0,628.0,328.0,286.0,,,,,0.266600012779236,526.0,0.540799975395203,45.0,,,0.0027000000700354,234.0,0.0027000000700354,234.0,0.0,152.0,0.0,395.0,0.710300028324127,964.0,0.667200028896332,609.0,,,,,,,,,,,,,,,,,,,,,,,,
44487,RWA,Sub-Saharan Africa,Low income,Rwanda,DHS,2005,,1,Region,,,,Kibuye,,,,,,0.109399996697903,0.0,0.0065999999642372,0.171299993991852,0.012699999846518,0.0299999993294477,,0.285299986600876,0.521200001239777,0.155599996447563,0.225299999117851,0.63289999961853,268.0,223.0,212.0,769.0,769.0,586.0,346.0,346.0,346.0,724.0,331.0,268.0,,,,,0.276600003242493,593.0,0.205899998545647,55.0,,,0.003400000045076,221.0,0.003400000045076,221.0,0.0063000000081956,153.0,0.0,367.0,0.648699998855591,987.0,0.65200001001358,561.0,,,,,,,,,,,,,,,,,,,,,,,,
44488,RWA,Sub-Saharan Africa,Low income,Rwanda,DHS,2005,,1,Region,,,,Kigali City,,,,,,0.302300006151199,0.234300002455711,0.185900002717972,0.496800005435944,0.251399993896484,0.198599994182587,,0.11879999935627,0.224800005555153,0.0813999995589256,0.306300014257431,0.580999970436096,244.0,340.0,344.0,1031.0,1031.0,1015.0,570.0,570.0,570.0,492.0,236.0,285.0,,,,,0.095100000500679,369.0,0.707099974155426,226.0,0.821200013160706,167.0,0.0870999991893768,400.0,0.0542000010609627,400.0,0.0872000008821487,234.0,0.0274000000208616,537.0,0.401399999856949,679.0,0.866800010204315,1017.0,,,,,,,,,,,,,,,,,,,,,,,,
44489,RWA,Sub-Saharan Africa,Low income,Rwanda,DHS,2005,,1,Region,,,,Kigali Rural,,,,,,0.128600001335144,0.0299999993294477,0.0272000003606081,0.220100000500679,0.0287999995052814,0.023700000718236,,0.21170000731945,0.399100005626678,0.143900007009506,0.252999991178513,0.600399971008301,275.0,225.0,234.0,802.0,802.0,674.0,380.0,380.0,380.0,619.0,285.0,248.0,,,,,0.263999998569489,525.0,0.324999988079071,85.0,,,0.0035999999381601,254.0,0.0,254.0,0.0,185.0,0.0,360.0,0.637399971485138,846.0,0.692499995231628,606.0,,,,,,,,,,,,,,,,,,,,,,,,
44490,RWA,Sub-Saharan Africa,Low income,Rwanda,DHS,2005,,1,Region,,,,Ruhengeri,,,,,,0.101000003516674,0.0522000007331371,0.0397000014781952,0.19480000436306,0.0441000014543533,0.0458000004291534,,0.231700003147125,0.431400001049042,0.107400000095367,0.259600013494492,0.680499970912933,333.0,242.0,200.0,834.0,834.0,563.0,327.0,327.0,327.0,723.0,328.0,328.0,,,,,0.241400003433228,571.0,0.506600022315979,73.0,,,0.0054000001400709,206.0,0.0054000001400709,206.0,0.0,171.0,0.002600000007078,386.0,0.651799976825714,997.0,0.693099975585938,644.0,,,,,,,,,,,,,,,,,,,,,,,,
44491,RWA,Sub-Saharan Africa,Low income,Rwanda,DHS,2005,,1,Region,,,,Umutara,,,,,,0.0879999995231628,0.0498000010848045,0.0252000000327826,0.16609999537468,0.0357000008225441,0.0226000007241964,,0.251399993896484,0.493499994277954,0.193499997258186,0.221699997782707,0.614099979400635,251.0,253.0,216.0,776.0,776.0,636.0,366.0,366.0,366.0,689.0,330.0,256.0,,,,,0.368600010871887,553.0,0.496300011873245,62.0,,,0.0,252.0,0.0,252.0,0.0,186.0,0.0059000002220273,385.0,0.699299991130829,936.0,0.668299973011017,561.0,,,,,,,,,,,,,,,,,,,,,,,,
44492,RWA,Sub-Saharan Africa,Low income,Rwanda,DHS,2005,,1,Religion,,,,,,Catholic,,,,0.119000002741814,0.0494000017642975,0.0414000004529953,0.215599998831749,0.0465999990701675,0.0425000004470348,,0.19990000128746,0.413300007581711,0.139599993824959,0.251899987459183,0.626399993896484,741.0,636.0,508.0,2030.0,2030.0,1529.0,868.0,868.0,868.0,1987.0,846.0,723.0,,,,,,,0.401800006628036,296.0,0.858399987220764,117.0,0.0144999995827675,928.0,0.010499999858439,928.0,0.008899999782443,706.0,0.0055999998003244,1426.0,1.0,517.0,0.745599985122681,3434.0,,,,,,,,,,,,,,,,,,,,,,,,
44493,RWA,Sub-Saharan Africa,Low income,Rwanda,DHS,2005,,1,Religion,,,,,,Eglise Du 7E Jour,,,,0.0857999995350838,0.0650999993085861,0.0326999984681606,0.170800000429153,0.0463000014424324,0.0520999990403652,,0.216999992728233,0.488599985837936,0.113399997353554,0.242899999022484,0.583299994468689,204.0,142.0,127.0,525.0,525.0,403.0,217.0,217.0,217.0,554.0,253.0,197.0,,,,,,,,,,,,,,,,,,,,,,,,,,,,,,,,,,,,,,,,,,,,,,
44494,RWA,Sub-Saharan Africa,Low income,Rwanda,DHS,2005,,1,Religion,,,,,,Muslim,,,,0.140699997544289,0.0644000023603439,0.0,0.258899986743927,0.0573999993503094,0.003400000045076,,0.266400009393692,0.384400010108948,0.156200006604195,0.125,0.665300011634827,41.0,34.0,31.0,113.0,113.0,82.0,53.0,53.0,53.0,91.0,41.0,40.0,,,,,,,,,,,0.0386999994516373,56.0,0.0028999999631196,56.0,0.0,38.0,0.0,77.0,,,0.796999990940094,184.0,,,,,,,,,,,,,,,,,,,,,,,,
44495,RWA,Sub-Saharan Africa,Low income,Rwanda,DHS,2005,,1,Religion,,,,,,No Religion/None,,,,,,,0.14300000667572,0.0502999983727932,0.0216000005602837,,0.394600003957748,0.628400027751923,0.214499995112419,0.342599987983704,,,,,71.0,71.0,65.0,32.0,32.0,32.0,67.0,30.0,,,,,,,,,,,,,,,,,,,,,,,,,,,,,,,,,,,,,,,,,,,,,,,
44496,RWA,Sub-Saharan Africa,Low income,Rwanda,DHS,2005,,1,Religion,,,,,,Protestant,,,,0.0803000032901764,0.0637999996542931,0.0386999994516373,0.176599994301796,0.0555000007152557,0.0507000014185905,,0.273900002241135,0.506500005722046,0.138600006699562,0.24269999563694,0.615400016307831,547.0,424.0,469.0,1561.0,1561.0,1258.0,741.0,741.0,741.0,1361.0,582.0,514.0,,,,,,,0.551900029182434,242.0,0.759100019931793,107.0,0.0110999997705221,847.0,0.0082999998703599,847.0,0.0244999993592501,540.0,0.001700000022538,1359.0,1.0,416.0,0.637899994850159,3072.0,,,,,,,,,,,,,,,,,,,,,,,,
44497,RWA,Sub-Saharan Africa,Low income,Rwanda,DHS,2005,,1,Sex,Female,,,,,,,,,0.109300002455711,0.0637999996542931,0.0430000014603138,0.198300004005432,0.0516999997198582,0.0465000011026859,,0.241600006818771,0.461400002241135,0.133200004696846,0.25330001115799,0.672699987888336,1715.0,1524.0,1491.0,5186.0,5186.0,4266.0,2451.0,2451.0,2451.0,4109.0,1928.0,1711.0,,,,,0.241699993610382,3333.0,0.483700007200241,480.0,0.824599981307983,205.0,0.0121999997645617,1608.0,0.0060999998822808,1608.0,0.0027999999001622,1148.0,0.0043000001460313,2447.0,0.617799997329712,5592.0,0.682099997997284,5398.0,,,,,,,,,,,,,,,,,,,,,,,,
44498,RWA,Sub-Saharan Africa,Low income,Rwanda,DHS,2005,,1,Sex,Male,,,,,,,,,0.100100003182888,0.0542000010609627,0.0434000007808208,0.206799998879433,0.0551000013947487,0.0500000007450581,,0.228400006890297,0.437099993228912,0.154599994421005,0.266499996185303,0.592299997806549,1595.0,1436.0,1264.0,4631.0,4631.0,3546.0,2093.0,2093.0,2093.0,4105.0,1791.0,1572.0,,,,,0.274199992418289,3207.0,0.517499983310699,451.0,0.789399981498718,189.0,0.0167999994009733,1310.0,0.0096000004559755,1310.0,0.0244999993592501,896.0,0.0044999998062849,2233.0,0.633300006389618,5468.0,0.727199971675873,2322.0,,,,,,,,,,,,,,,,,,,,,,,,
44499,RWA,Sub-Saharan Africa,Low income,Rwanda,DHS,2005,,1,Region & Sex,Female,,,Butare,,,,,,0.129299998283386,0.0509000010788441,0.0375000014901161,0.183300003409386,0.0476999990642071,0.043699998408556,,0.181999996304512,0.437000006437302,0.197999998927116,0.314000010490417,0.704699993133545,133.0,130.0,111.0,413.0,413.0,342.0,193.0,193.0,193.0,308.0,140.0,140.0,,,,,0.209800004959106,239.0,0.47189998626709,30.0,,,0.0,129.0,0.0,129.0,0.0,89.0,0.0104000000283122,197.0,0.55460000038147,377.0,0.657599985599518,419.0,,,,,,,,,,,,,,,,,,,,,,,,
44500,RWA,Sub-Saharan Africa,Low income,Rwanda,DHS,2005,,1,Region & Sex,Female,,,Byumba,,,,,,0.0498000010848045,0.029899999499321,0.0098999999463558,0.0822999998927116,0.0233999993652105,0.0091000003740191,,0.241899996995926,0.488200008869171,0.12899999320507,0.292699992656708,0.728500008583069,122.0,103.0,120.0,383.0,383.0,344.0,197.0,197.0,197.0,357.0,148.0,115.0,,,,,0.235300004482269,274.0,,,,,0.0013999999500811,141.0,0.0,141.0,0.0,87.0,0.0,170.0,0.53600001335144,463.0,0.68970000743866,417.0,,,,,,,,,,,,,,,,,,,,,,,,
44501,RWA,Sub-Saharan Africa,Low income,Rwanda,DHS,2005,,1,Region & Sex,Female,,,Cyangugu,,,,,,0.0631000027060509,0.0285999998450279,0.0364000014960766,0.156800001859665,0.0303000006824732,0.0218000002205372,,0.304300010204315,0.494599997997284,0.164199993014336,0.236900001764297,0.729300022125244,164.0,134.0,130.0,477.0,477.0,370.0,228.0,228.0,228.0,384.0,184.0,138.0,,,,,0.216900005936623,290.0,,,,,0.0,123.0,0.0,123.0,0.0,111.0,0.0,225.0,0.622600018978119,505.0,0.664900004863739,482.0,,,,,,,,,,,,,,,,,,,,,,,,
44502,RWA,Sub-Saharan Africa,Low income,Rwanda,DHS,2005,,1,Region & Sex,Female,,,Gikongoro,,,,,,0.0667999982833862,0.0229000002145767,0.0118000004440546,0.131400004029274,0.0165999997407198,0.0189999993890524,,0.227200001478195,0.579200029373169,0.159400001168251,0.287099987268448,0.620800018310547,140.0,118.0,99.0,386.0,386.0,302.0,165.0,165.0,165.0,360.0,162.0,136.0,,,,,0.314300000667572,287.0,,,,,0.0,117.0,0.0,117.0,0.0,96.0,0.0,182.0,0.688099980354309,473.0,0.71069997549057,395.0,,,,,,,,,,,,,,,,,,,,,,,,
44503,RWA,Sub-Saharan Africa,Low income,Rwanda,DHS,2005,,1,Region & Sex,Female,,,Gisenyi,,,,,,0.0755999982357025,0.0649000033736229,0.0251000002026558,0.130400002002716,0.0346999987959862,0.0230999998748302,,0.3682000041008,0.567399978637695,0.124899998307228,0.2533999979496,0.673799991607666,166.0,129.0,138.0,467.0,467.0,368.0,212.0,212.0,212.0,423.0,180.0,173.0,,,,,0.293700009584427,358.0,0.487300008535385,32.0,,,0.0096000004559755,142.0,0.0048000002279877,142.0,0.0,90.0,0.0093999998643994,222.0,0.62610000371933,580.0,0.583400011062622,462.0,,,,,,,,,,,,,,,,,,,,,,,,
44504,RWA,Sub-Saharan Africa,Low income,Rwanda,DHS,2005,,1,Region & Sex,Female,,,Gitarama,,,,,,0.178100004792213,0.0362000018358231,0.0553999990224838,0.277500003576279,0.0467999987304211,0.0538999997079372,,0.166899994015694,0.384499996900558,0.0967999994754791,0.205799996852875,0.673900008201599,121.0,122.0,124.0,404.0,404.0,307.0,198.0,198.0,198.0,328.0,150.0,135.0,,,,,0.195199996232986,279.0,0.260899990797043,49.0,,,0.0156999994069338,96.0,0.0,96.0,0.0,104.0,0.0,196.0,0.603500008583069,467.0,0.79119998216629,423.0,,,,,,,,,,,,,,,,,,,,,,,,
44505,RWA,Sub-Saharan Africa,Low income,Rwanda,DHS,2005,,1,Region & Sex,Female,,,Kibungo,,,,,,0.0467000007629395,0.0722000002861023,0.0051000001840293,0.124899998307228,0.0381000004708767,0.0184000004082918,,0.312000006437302,0.58490002155304,0.121799997985363,0.201199993491173,0.611800014972687,158.0,126.0,121.0,436.0,436.0,343.0,193.0,193.0,193.0,316.0,177.0,152.0,,,,,0.241699993610382,272.0,,,,,0.0,131.0,0.0,131.0,0.0,90.0,0.0,196.0,0.710500001907349,495.0,0.588500022888184,431.0,,,,,,,,,,,,,,,,,,,,,,,,
44506,RWA,Sub-Saharan Africa,Low income,Rwanda,DHS,2005,,1,Region & Sex,Female,,,Kibuye,,,,,,0.105999998748302,0.0,0.0055999998003244,0.179900005459785,0.0082000000402331,0.0230000000447035,,0.321700006723404,0.550999999046326,0.121799997985363,0.180099993944168,0.645900011062622,152.0,116.0,114.0,420.0,420.0,335.0,182.0,182.0,182.0,365.0,159.0,160.0,,,,,0.238499999046326,299.0,0.136999994516373,40.0,,,0.0054999999701976,138.0,0.0054999999701976,138.0,0.0,75.0,0.0,195.0,0.639900028705597,515.0,0.608399987220764,413.0,,,,,,,,,,,,,,,,,,,,,,,,
44507,RWA,Sub-Saharan Africa,Low income,Rwanda,DHS,2005,,1,Region & Sex,Female,,,Kigali City,,,,,,0.296000003814697,0.250400006771088,0.212699994444847,0.500800013542175,0.246700003743172,0.219699993729591,,0.0834999978542328,0.225600004196167,0.0729999989271164,0.420100003480911,0.594299972057343,149.0,192.0,176.0,566.0,566.0,508.0,291.0,291.0,291.0,236.0,130.0,168.0,,,,,0.0974999964237213,186.0,0.705699980258942,138.0,0.852800011634827,89.0,0.097900003194809,193.0,0.0546000003814697,193.0,0.0441000014543533,91.0,0.0208999998867512,286.0,0.391799986362457,322.0,0.854600012302399,696.0,,,,,,,,,,,,,,,,,,,,,,,,
44508,RWA,Sub-Saharan Africa,Low income,Rwanda,DHS,2005,,1,Region & Sex,Female,,,Kigali Rural,,,,,,0.120600000023842,0.0417999997735023,0.0209999997168779,0.224800005555153,0.0272000003606081,0.0227000005543232,,0.193399995565414,0.380299985408783,0.139500007033348,0.210400000214577,0.59850001335144,133.0,117.0,128.0,418.0,418.0,372.0,214.0,214.0,214.0,309.0,152.0,117.0,,,,,0.256000012159348,273.0,0.411399990320206,46.0,,,0.0,129.0,0.0,129.0,0.0,110.0,0.0,187.0,0.629199981689453,428.0,0.699000000953674,432.0,,,,,,,,,,,,,,,,,,,,,,,,
44509,RWA,Sub-Saharan Africa,Low income,Rwanda,DHS,2005,,1,Region & Sex,Female,,,Ruhengeri,,,,,,0.106299996376038,0.0498999990522861,0.0296000000089407,0.165299996733665,0.0353999994695187,0.0359000004827976,,0.286100000143051,0.483999997377396,0.10700000077486,0.299100011587143,0.750800013542175,178.0,123.0,116.0,456.0,456.0,336.0,190.0,190.0,190.0,373.0,175.0,173.0,,,,,0.223000004887581,287.0,0.530499994754791,33.0,,,0.0,131.0,0.0,131.0,0.0,102.0,0.0,205.0,0.643800020217896,505.0,0.610199987888336,457.0,,,,,,,,,,,,,,,,,,,,,,,,
44510,RWA,Sub-Saharan Africa,Low income,Rwanda,DHS,2005,,1,Region & Sex,Female,,,Umutara,,,,,,0.0890000015497208,0.0271000005304813,0.0274000000208616,0.166500002145767,0.0300999991595745,0.0313999988138676,,0.253100007772446,0.478799998760223,0.18809999525547,0.226699993014336,0.665700018405914,99.0,114.0,114.0,360.0,360.0,339.0,188.0,188.0,188.0,350.0,171.0,104.0,,,,,0.340999990701675,289.0,,,,,0.0,138.0,0.0,138.0,0.0,103.0,0.0055999998003244,186.0,0.676100015640259,462.0,0.70389997959137,371.0,,,,,,,,,,,,,,,,,,,,,,,,
44511,RWA,Sub-Saharan Africa,Low income,Rwanda,DHS,2005,,1,Region & Sex,Male,,,Butare,,,,,,0.0522999987006187,0.0599000006914139,0.0177999995648861,0.13570000231266,0.0318999998271465,0.0285999998450279,,0.30120000243187,0.57669997215271,0.229000002145767,0.42059999704361,0.658599972724915,141.0,98.0,123.0,397.0,397.0,304.0,194.0,194.0,194.0,317.0,153.0,117.0,,,,,0.292400002479553,251.0,,,,,0.0144999995827675,95.0,0.0,95.0,0.0,63.0,0.0,180.0,0.615299999713898,376.0,0.670499980449677,184.0,,,,,,,,,,,,,,,,,,,,,,,,
44512,RWA,Sub-Saharan Africa,Low income,Rwanda,DHS,2005,,1,Region & Sex,Male,,,Byumba,,,,,,0.0612999983131886,0.0348999984562397,0.0110999997705221,0.13629999756813,0.0287999995052814,0.0118000004440546,,0.205099999904633,0.437799990177155,0.142800003290176,0.268999993801117,0.622200012207031,116.0,117.0,96.0,351.0,351.0,280.0,158.0,158.0,158.0,371.0,127.0,130.0,,,,,0.267300009727478,274.0,0.824199974536896,31.0,,,0.0,106.0,0.0,106.0,0.0097000002861022,67.0,0.0,177.0,0.592899978160858,467.0,0.693899989128113,179.0,,,,,,,,,,,,,,,,,,,,,,,,
44513,RWA,Sub-Saharan Africa,Low income,Rwanda,DHS,2005,,1,Region & Sex,Male,,,Cyangugu,,,,,,0.109399996697903,0.0140000004321337,0.0216000005602837,0.216900005936623,0.0297999996691942,0.0434000007808208,,0.224500000476837,0.473100006580353,0.178700000047684,0.253199994564056,0.647300004959106,161.0,124.0,99.0,408.0,408.0,308.0,174.0,174.0,174.0,381.0,192.0,146.0,,,,,0.212599992752075,302.0,0.350300014019012,43.0,,,0.0086000002920627,118.0,0.0,118.0,0.0166999995708466,61.0,0.0,183.0,0.663800001144409,517.0,0.726599991321564,216.0,,,,,,,,,,,,,,,,,,,,,,,,
44514,RWA,Sub-Saharan Africa,Low income,Rwanda,DHS,2005,,1,Region & Sex,Male,,,Gikongoro,,,,,,0.0472000017762184,0.010499999858439,0.011400000192225,0.161500006914139,0.0131999999284744,0.0275999996811152,,0.255499988794327,0.481099992990494,0.170800000429153,0.245100006461143,0.556999981403351,107.0,103.0,98.0,330.0,330.0,258.0,159.0,159.0,159.0,405.0,136.0,108.0,,,,,0.384600013494492,310.0,,,,,0.0178999993950129,87.0,0.0,87.0,0.0306000001728535,73.0,0.0,156.0,0.671400010585785,489.0,0.692200005054474,169.0,,,,,,,,,,,,,,,,,,,,,,,,
44515,RWA,Sub-Saharan Africa,Low income,Rwanda,DHS,2005,,1,Region & Sex,Male,,,Gisenyi,,,,,,0.0714000016450882,0.0794000029563904,0.0790999978780746,0.181799992918968,0.0687000006437302,0.0538999997079372,,0.191699996590614,0.370000004768372,0.159999996423721,0.262800008058548,0.515900015830994,127.0,126.0,89.0,361.0,361.0,245.0,145.0,145.0,145.0,381.0,149.0,125.0,,,,,0.295300006866455,286.0,0.66729998588562,44.0,,,0.0071999998763203,95.0,0.0,95.0,0.0255999993532896,61.0,0.0038999998942017,179.0,0.603100001811981,499.0,0.692300021648407,180.0,,,,,,,,,,,,,,,,,,,,,,,,
44516,RWA,Sub-Saharan Africa,Low income,Rwanda,DHS,2005,,1,Region & Sex,Male,,,Gitarama,,,,,,0.109099999070168,0.033500000834465,0.0218000002205372,0.220699995756149,0.0428999997675419,0.0359999984502792,,0.275400012731552,0.446000009775162,0.120600000023842,0.354200005531311,0.660099983215332,152.0,117.0,96.0,396.0,396.0,278.0,167.0,167.0,167.0,324.0,160.0,149.0,,,,,0.204699993133545,253.0,0.27020001411438,39.0,,,0.0105999996885657,102.0,0.0105999996885657,102.0,0.031700000166893,61.0,0.0,183.0,0.609799981117249,438.0,0.707000017166138,196.0,,,,,,,,,,,,,,,,,,,,,,,,
44517,RWA,Sub-Saharan Africa,Low income,Rwanda,DHS,2005,,1,Region & Sex,Male,,,Kibungo,,,,,,0.0760999992489815,0.0294000003486872,0.0295000001788139,0.138799995183945,0.0272000003606081,0.0253999996930361,,0.245000004768372,0.524699985980988,0.14470000565052,0.1841000020504,0.505299985408783,131.0,130.0,105.0,396.0,396.0,289.0,172.0,172.0,172.0,312.0,151.0,134.0,,,,,0.292400002479553,254.0,,,,,0.006000000052154,103.0,0.006000000052154,103.0,0.0,62.0,0.0,199.0,0.710200011730194,469.0,0.751699984073639,178.0,,,,,,,,,,,,,,,,,,,,,,,,
44518,RWA,Sub-Saharan Africa,Low income,Rwanda,DHS,2005,,1,Region & Sex,Male,,,Kibuye,,,,,,0.113799996674061,0.0,0.0077999997884035,0.160999998450279,0.0181000009179115,0.0395000018179417,,0.243900001049042,0.487300008535385,0.18970000743866,0.266799986362457,0.614300012588501,116.0,107.0,98.0,349.0,349.0,251.0,164.0,164.0,164.0,359.0,172.0,108.0,,,,,0.315400004386902,294.0,,,,,0.0,83.0,0.0,83.0,0.0124000003561378,78.0,0.0,172.0,0.658200025558472,472.0,0.704100012779236,148.0,,,,,,,,,,,,,,,,,,,,,,,,
44519,RWA,Sub-Saharan Africa,Low income,Rwanda,DHS,2005,,1,Region & Sex,Male,,,Kigali City,,,,,,0.311899989843369,0.213799998164177,0.158000007271767,0.491899996995926,0.257200002670288,0.177200004458427,,0.155699998140335,0.224000006914139,0.0888999998569489,0.160699993371964,0.562399983406067,95.0,148.0,168.0,465.0,465.0,507.0,279.0,279.0,279.0,256.0,106.0,117.0,,,,,0.0925000011920929,183.0,0.709399998188019,88.0,0.784699976444244,78.0,0.0768999978899956,207.0,0.0538000017404556,207.0,0.114100001752377,143.0,0.0344999991357327,251.0,0.409700006246567,357.0,0.878199994564056,321.0,,,,,,,,,,,,,,,,,,,,,,,,
44520,RWA,Sub-Saharan Africa,Low income,Rwanda,DHS,2005,,1,Region & Sex,Male,,,Kigali Rural,,,,,,0.135800004005432,0.0178999993950129,0.0351999998092651,0.215000003576279,0.0306000001728535,0.0249000005424023,,0.236100003123283,0.423900008201599,0.148499995470047,0.300599992275238,0.602100014686584,142.0,108.0,106.0,384.0,384.0,302.0,166.0,166.0,166.0,310.0,133.0,131.0,,,,,0.272899985313416,252.0,0.224600002169609,39.0,,,0.0073000001721084,125.0,0.0,125.0,0.0,75.0,0.0,173.0,0.645699977874756,418.0,0.685599982738495,174.0,,,,,,,,,,,,,,,,,,,,,,,,
44521,RWA,Sub-Saharan Africa,Low income,Rwanda,DHS,2005,,1,Region & Sex,Male,,,Ruhengeri,,,,,,0.0948999971151352,0.0546000003814697,0.0531999990344048,0.229599997401237,0.0544999986886978,0.060199998319149,,0.158800005912781,0.360900014638901,0.107799999415874,0.216000005602837,0.601199984550476,155.0,119.0,84.0,378.0,378.0,227.0,137.0,137.0,137.0,350.0,153.0,155.0,,,,,0.259600013494492,284.0,0.488900005817413,40.0,,,0.0149999996647239,75.0,0.0149999996647239,75.0,0.0,69.0,0.0054999999701976,181.0,0.659799993038177,492.0,0.779699981212616,187.0,,,,,,,,,,,,,,,,,,,,,,,,
44522,RWA,Sub-Saharan Africa,Low income,Rwanda,DHS,2005,,1,Region & Sex,Male,,,Umutara,,,,,,0.0873000025749207,0.0676999986171722,0.02280000038445,0.165700003504753,0.0403999984264374,0.0130000002682209,,0.249699994921684,0.508199989795685,0.199000000953674,0.216499999165535,0.579100012779236,152.0,139.0,102.0,416.0,416.0,297.0,178.0,178.0,178.0,339.0,159.0,152.0,,,,,0.398499995470047,264.0,0.569000005722046,36.0,,,0.0,114.0,0.0,114.0,0.0,83.0,0.0060999998822808,199.0,0.721700012683868,474.0,0.639100015163422,190.0,,,,,,,,,,,,,,,,,,,,,,,,
44523,RWA,Sub-Saharan Africa,Low income,Rwanda,DHS,2005,,1,Religion & Sex,Female,,,,,Catholic,,,,0.112300001084805,0.0562000013887882,0.0518000014126301,0.210600003600121,0.0507000014185905,0.0441999994218349,,0.221699997782707,0.449000000953674,0.131400004029274,0.230199992656708,0.647599995136261,349.0,344.0,279.0,1056.0,1056.0,879.0,477.0,477.0,477.0,945.0,434.0,358.0,,,,,,,0.434799998998642,199.0,0.863399982452393,80.0,0.0109000001102686,664.0,0.0057999999262392,664.0,0.0019000000320375,499.0,0.0041999998502433,959.0,1.0,330.0,0.733500003814697,2268.0,,,,,,,,,,,,,,,,,,,,,,,,
44524,RWA,Sub-Saharan Africa,Low income,Rwanda,DHS,2005,,1,Religion & Sex,Female,,,,,Eglise Du 7E Jour,,,,0.0995000004768372,0.0948000028729439,0.0454000011086464,0.166899994015694,0.0505999997258186,0.0538000017404556,,0.253699988126755,0.538999974727631,0.0948999971151352,0.259200006723404,0.608299970626831,117.0,72.0,75.0,297.0,297.0,238.0,129.0,129.0,129.0,284.0,123.0,107.0,,,,,,,,,,,,,,,,,,,,,,,,,,,,,,,,,,,,,,,,,,,,,,
44525,RWA,Sub-Saharan Africa,Low income,Rwanda,DHS,2005,,1,Religion & Sex,Female,,,,,Muslim,,,,,,,0.243499994277954,0.0667999982833862,0.0057000000961124,,0.308600008487701,0.361400008201599,0.200599998235703,,,,,,67.0,67.0,47.0,31.0,31.0,31.0,41.0,,,,,,,,,,,,,0.0348000004887581,35.0,0.0062000001780688,35.0,,,0.0,49.0,,,0.801199972629547,121.0,,,,,,,,,,,,,,,,,,,,,,,,
44526,RWA,Sub-Saharan Africa,Low income,Rwanda,DHS,2005,,1,Religion & Sex,Female,,,,,No Religion/None,,,,,,,0.171200007200241,0.0542999990284443,0.0,,,,0.200499996542931,,,,,,40.0,40.0,34.0,,,,38.0,,,,,,,,,,,,,,,,,,,,,,,,,,,,,,,,,,,,,,,,,,,,,,,,
44527,RWA,Sub-Saharan Africa,Low income,Rwanda,DHS,2005,,1,Religion & Sex,Female,,,,,Protestant,,,,0.0912000015377998,0.0663999989628792,0.0244999993592501,0.17339999973774,0.0483999997377396,0.0474999994039536,,0.290600001811981,0.515600025653839,0.129399999976158,0.254200011491776,0.700900018215179,313.0,241.0,274.0,902.0,902.0,724.0,428.0,428.0,428.0,687.0,324.0,298.0,,,,,,,0.491899996995926,175.0,0.779999971389771,74.0,0.0082000000402331,638.0,0.0063000000081956,638.0,0.0057000000961124,407.0,0.0031999999191612,1010.0,1.0,279.0,0.614199995994568,2267.0,,,,,,,,,,,,,,,,,,,,,,,,
44528,RWA,Sub-Saharan Africa,Low income,Rwanda,DHS,2005,,1,Religion & Sex,Male,,,,,Catholic,,,,0.125,0.0417000018060207,0.0283000003546476,0.220899999141693,0.0423000007867813,0.0403000004589558,,0.173099994659424,0.36939999461174,0.146999999880791,0.273799985647202,0.605799973011017,392.0,292.0,229.0,974.0,974.0,650.0,391.0,391.0,391.0,1042.0,412.0,365.0,,,,,,,0.374799996614456,97.0,0.854300022125244,37.0,0.0182000007480383,264.0,0.0153999999165535,264.0,0.0160000007599592,207.0,0.006800000090152,467.0,1.0,187.0,0.755900025367737,1166.0,,,,,,,,,,,,,,,,,,,,,,,,
44529,RWA,Sub-Saharan Africa,Low income,Rwanda,DHS,2005,,1,Religion & Sex,Male,,,,,Eglise Du 7E Jour,,,,0.066200003027916,0.0372000001370907,0.0154999997466803,0.175899997353554,0.0406999997794628,0.0496999993920326,,0.164700001478195,0.416700005531311,0.133100003004074,0.228499993681908,0.551400005817413,87.0,70.0,52.0,228.0,228.0,165.0,88.0,88.0,88.0,270.0,130.0,90.0,,,,,,,,,,,,,,,,,,,,,,,,,,,,,,,,,,,,,,,,,,,,,,
44530,RWA,Sub-Saharan Africa,Low income,Rwanda,DHS,2005,,1,Religion & Sex,Male,,,,,Muslim,,,,,,,0.28150001168251,0.0434999987483025,0.0,,,,0.118299998342991,,,,,,46.0,46.0,35.0,,,,50.0,,,,,,,,,,,,,,,,,,,,,,,0.793699979782104,63.0,,,,,,,,,,,,,,,,,,,,,,,,
44531,RWA,Sub-Saharan Africa,Low income,Rwanda,DHS,2005,,1,Religion & Sex,Male,,,,,No Religion/None,,,,,,,0.108900003135204,0.0454000011086464,0.0465000011026859,,,,,,,,,,31.0,31.0,31.0,,,,,,,,,,,,,,,,,,,,,,,,,,,,,,,,,,,,,,,,,,,,,,,,,,,,
44532,RWA,Sub-Saharan Africa,Low income,Rwanda,DHS,2005,,1,Religion & Sex,Male,,,,,Protestant,,,,0.066600002348423,0.0604999996721745,0.0592000000178814,0.180999994277954,0.065200001001358,0.0553000010550022,,0.25,0.493400007486343,0.148300006985664,0.228000000119209,0.504599988460541,234.0,183.0,195.0,659.0,659.0,534.0,313.0,313.0,313.0,674.0,258.0,216.0,,,,,,,0.611000001430511,67.0,0.741400003433228,33.0,0.0149999996647239,209.0,0.0108000002801418,209.0,0.0485999993979931,133.0,0.0,349.0,1.0,137.0,0.666599988937378,805.0,,,,,,,,,,,,,,,,,,,,,,,,
44533,RWA,Sub-Saharan Africa,Low income,Rwanda,DHS,2005,,1,Sex & Wealth,Female,,Quintile 1,,,,,,,0.0544000007212162,0.0194000005722046,0.0,0.0874999985098839,0.0107000004500151,0.0031999999191612,,0.350499987602234,0.601499974727631,0.174999997019768,0.316700011491776,0.746900022029877,365.0,284.0,292.0,1023.0,1023.0,804.0,458.0,458.0,458.0,848.0,377.0,338.0,,,,,0.334600001573563,662.0,0.269400000572205,40.0,,,0.0,313.0,0.0,313.0,0.0,241.0,0.0,450.0,0.678900003433228,1069.0,0.546199977397919,972.0,,,,,,,,,,,,,,,,,,,,,,,,
44534,RWA,Sub-Saharan Africa,Low income,Rwanda,DHS,2005,,1,Sex & Wealth,Female,,Quintile 2,,,,,,,0.0597000010311604,0.0024000001139938,0.0107000004500151,0.133900001645088,0.0071000000461936,0.0038000000640749,,0.260300010442734,0.510200023651123,0.130799993872643,0.229100003838539,0.690299987792969,317.0,299.0,284.0,987.0,987.0,810.0,480.0,480.0,480.0,750.0,340.0,329.0,,,,,0.267699986696243,638.0,0.18979999423027,52.0,,,0.0,290.0,0.0,290.0,0.0,213.0,0.0,481.0,0.666599988937378,1044.0,0.618600010871887,963.0,,,,,,,,,,,,,,,,,,,,,,,,
44535,RWA,Sub-Saharan Africa,Low income,Rwanda,DHS,2005,,1,Sex & Wealth,Female,,Quintile 3,,,,,,,0.0794000029563904,0.0055999998003244,0.0093000000342726,0.126200005412102,0.0086000002920627,0.0091000003740191,,0.261099994182587,0.524399995803833,0.137600004673004,0.252700001001358,0.672299981117249,281.0,246.0,231.0,842.0,842.0,720.0,389.0,389.0,389.0,833.0,344.0,298.0,,,,,0.254900008440018,676.0,0.220899999141693,46.0,,,0.0,303.0,0.0,303.0,0.0,229.0,0.0,404.0,0.634599983692169,1097.0,0.640200018882751,823.0,,,,,,,,,,,,,,,,,,,,,,,,
44536,RWA,Sub-Saharan Africa,Low income,Rwanda,DHS,2005,,1,Sex & Wealth,Female,,Quintile 4,,,,,,,0.0895000025629997,0.0239000003784895,0.0204000007361174,0.176699995994568,0.0248000007122755,0.0153999999165535,,0.227300003170967,0.453999996185303,0.13570000231266,0.200000002980232,0.670499980449677,320.0,268.0,322.0,997.0,997.0,829.0,499.0,499.0,499.0,840.0,400.0,290.0,,,,,0.225899994373322,677.0,0.264499992132187,67.0,,,0.0,289.0,0.0,289.0,0.0,208.0,0.0013999999500811,476.0,0.645500004291534,1159.0,0.686999976634979,982.0,,,,,,,,,,,,,,,,,,,,,,,,
44537,RWA,Sub-Saharan Africa,Low income,Rwanda,DHS,2005,,1,Sex & Wealth,Female,,Quintile 5,,,,,,,0.252999991178513,0.218799993395805,0.168099999427795,0.43419998884201,0.18690000474453,0.17960000038147,,0.124700002372265,0.248099997639656,0.0785000026226044,0.262199997901917,0.592299997806549,432.0,427.0,362.0,1337.0,1337.0,1103.0,625.0,625.0,625.0,838.0,467.0,456.0,,,,,0.109499998390675,680.0,0.693099975585938,275.0,0.847199976444244,166.0,0.0540999993681908,413.0,0.0273000001907349,413.0,0.014299999922514,257.0,0.0176999997347593,636.0,0.461800009012222,1223.0,0.846099972724915,1658.0,,,,,,,,,,,,,,,,,,,,,,,,
44538,RWA,Sub-Saharan Africa,Low income,Rwanda,DHS,2005,,1,Sex & Wealth,Male,,Quintile 1,,,,,,,0.0199999995529652,0.0083999997004866,0.0076999999582767,0.0993999987840652,0.0136000001803041,0.0054999999701976,,0.272300004959106,0.551199972629547,0.185699999332428,0.23929999768734,0.629000008106232,292.0,237.0,202.0,784.0,784.0,563.0,337.0,337.0,337.0,883.0,350.0,279.0,,,,,0.337599992752075,704.0,0.353799998760223,35.0,,,0.0,199.0,0.0,199.0,0.0,162.0,0.0,368.0,0.706099987030029,1101.0,0.642000019550323,351.0,,,,,,,,,,,,,,,,,,,,,,,,
44539,RWA,Sub-Saharan Africa,Low income,Rwanda,DHS,2005,,1,Sex & Wealth,Male,,Quintile 2,,,,,,,0.0961999967694283,0.0109999999403954,0.0070000002160668,0.137899994850159,0.0141000002622604,0.0066999997943639,,0.306300014257431,0.54610002040863,0.156000003218651,0.259700000286102,0.592999994754791,284.0,243.0,174.0,757.0,757.0,517.0,306.0,306.0,306.0,751.0,326.0,276.0,,,,,0.289900004863739,569.0,0.307099997997284,51.0,,,0.0,189.0,0.0,189.0,0.0,118.0,0.0,349.0,0.65420001745224,1007.0,0.634400010108948,330.0,,,,,,,,,,,,,,,,,,,,,,,,
44540,RWA,Sub-Saharan Africa,Low income,Rwanda,DHS,2005,,1,Sex & Wealth,Male,,Quintile 3,,,,,,,0.0715999975800514,0.0252000000327826,0.0071999998763203,0.148699998855591,0.0234999991953373,0.0157999992370605,,0.2449000030756,0.482499986886978,0.170100003480911,0.293099999427795,0.634100019931793,332.0,285.0,242.0,925.0,925.0,635.0,395.0,395.0,395.0,809.0,382.0,313.0,,,,,0.309700012207031,655.0,0.455700010061264,66.0,,,0.0,222.0,0.0,222.0,0.0,166.0,0.0,441.0,0.673600018024445,1075.0,0.658800005912781,413.0,,,,,,,,,,,,,,,,,,,,,,,,
44541,RWA,Sub-Saharan Africa,Low income,Rwanda,DHS,2005,,1,Sex & Wealth,Male,,Quintile 4,,,,,,,0.0731000006198883,0.0342000015079975,0.0232999995350838,0.186499997973442,0.0315000005066395,0.0227000005543232,,0.222800001502037,0.421299993991852,0.160899996757507,0.295800000429153,0.598200023174286,327.0,298.0,243.0,935.0,935.0,734.0,420.0,420.0,420.0,837.0,353.0,327.0,,,,,0.286199986934662,655.0,0.500299990177155,83.0,,,0.0027000000700354,280.0,0.0,280.0,0.0,158.0,0.0,451.0,0.632499992847443,1090.0,0.746800005435944,451.0,,,,,,,,,,,,,,,,,,,,,,,,
44542,RWA,Sub-Saharan Africa,Low income,Rwanda,DHS,2005,,1,Sex & Wealth,Male,,Quintile 5,,,,,,,0.235400006175041,0.166800007224083,0.122000001370907,0.407000005245209,0.164700001478195,0.147300004959106,,0.147400006651878,0.280400007963181,0.0908999964594841,0.24099999666214,0.512799978256226,360.0,373.0,403.0,1230.0,1230.0,1097.0,635.0,635.0,635.0,825.0,380.0,377.0,,,,,0.119199998676777,624.0,0.638899981975555,216.0,0.808700025081635,142.0,0.0573999993503094,420.0,0.034000001847744,420.0,0.0844999998807907,292.0,0.0181000009179115,624.0,0.496800005435944,1195.0,0.856500029563904,777.0,,,,,,,,,,,,,,,,,,,,,,,,
44543,RWA,Sub-Saharan Africa,Low income,Rwanda,DHS,2005,,1,Region & Sex & Wealth,Female,,Quintile 1,Butare,,,,,,0.104400001466274,,,0.0734999999403954,0.0,0.0,,,,0.237900003790855,0.443800002336502,,32.0,,,77.0,77.0,51.0,,,,64.0,32.0,,,,,,0.355100005865097,49.0,,,,,,,,,,,0.0,34.0,0.620500028133392,70.0,0.519500017166138,74.0,,,,,,,,,,,,,,,,,,,,,,,,
44544,RWA,Sub-Saharan Africa,Low income,Rwanda,DHS,2005,,1,Region & Sex & Wealth,Female,,Quintile 1,Byumba,,,,,,0.0,0.0,0.0,0.0193000007420778,0.0096000004559755,0.0,,0.27020001411438,0.485000014305115,0.144800007343292,0.42519998550415,,30.0,31.0,33.0,103.0,103.0,96.0,53.0,53.0,53.0,98.0,41.0,,,,,,0.212999999523163,67.0,,,,,0.0,41.0,0.0,41.0,,,0.0,47.0,0.510599970817566,119.0,0.580200016498566,101.0,,,,,,,,,,,,,,,,,,,,,,,,
44545,RWA,Sub-Saharan Africa,Low income,Rwanda,DHS,2005,,1,Region & Sex & Wealth,Female,,Quintile 1,Cyangugu,,,,,,0.0653999969363213,,,0.135800004005432,0.0227000005543232,0.0,,0.417699992656708,0.5867999792099,0.202199995517731,0.237399995326996,,30.0,,,87.0,87.0,76.0,45.0,45.0,45.0,78.0,33.0,,,,,,0.24609999358654,59.0,,,,,,,,,0.0,30.0,0.0,38.0,0.693000018596649,95.0,0.565199971199036,82.0,,,,,,,,,,,,,,,,,,,,,,,,
44546,RWA,Sub-Saharan Africa,Low income,Rwanda,DHS,2005,,1,Region & Sex & Wealth,Female,,Quintile 1,Gikongoro,,,,,,0.0320999994874001,,,0.0537000000476837,0.0,0.0115000000223517,,0.309899985790253,0.701300024986267,0.141800001263618,0.303799986839294,0.780799984931946,38.0,,,100.0,100.0,86.0,40.0,40.0,40.0,101.0,40.0,34.0,,,,,0.283199995756149,83.0,,,,,0.0,43.0,0.0,43.0,,,0.0,46.0,0.72869998216629,128.0,0.620500028133392,98.0,,,,,,,,,,,,,,,,,,,,,,,,
44547,RWA,Sub-Saharan Africa,Low income,Rwanda,DHS,2005,,1,Region & Sex & Wealth,Female,,Quintile 1,Gisenyi,,,,,,0.0863000005483627,,,0.0764999985694885,0.0100999996066093,0.0,,0.339800000190735,0.563000023365021,0.166299998760223,0.277700006961823,0.773500025272369,34.0,,,91.0,91.0,71.0,41.0,41.0,41.0,76.0,32.0,34.0,,,,,0.430999994277954,59.0,,,,,,,,,,,0.0,36.0,0.695599973201752,98.0,0.591899991035461,84.0,,,,,,,,,,,,,,,,,,,,,,,,
44548,RWA,Sub-Saharan Africa,Low income,Rwanda,DHS,2005,,1,Region & Sex & Wealth,Female,,Quintile 1,Gitarama,,,,,,,,,0.089699998497963,0.0,0.0,,,,0.0705000013113022,,,,,,55.0,55.0,38.0,,,,43.0,,,,,,,0.335999995470047,36.0,,,,,,,,,,,,,0.628600001335144,64.0,0.689100027084351,50.0,,,,,,,,,,,,,,,,,,,,,,,,
44549,RWA,Sub-Saharan Africa,Low income,Rwanda,DHS,2005,,1,Region & Sex & Wealth,Female,,Quintile 1,Kibungo,,,,,,0.0,0.0318000018596649,0.0,0.0412000007927418,0.0097000002861022,0.0,,0.478300005197525,0.717100024223328,0.211300000548363,0.235100001096725,0.627900004386902,45.0,34.0,30.0,115.0,115.0,73.0,43.0,43.0,43.0,69.0,49.0,45.0,,,,,0.421299993991852,61.0,,,,,,,,,,,0.0,47.0,0.756600022315979,113.0,0.439200013875961,110.0,,,,,,,,,,,,,,,,,,,,,,,,
44550,RWA,Sub-Saharan Africa,Low income,Rwanda,DHS,2005,,1,Region & Sex & Wealth,Female,,Quintile 1,Kibuye,,,,,,0.0807999968528748,0.0,0.0,0.119400002062321,0.0087000001221895,0.0,,0.349500000476837,0.621800005435944,0.190699994564056,0.273299992084503,0.837300002574921,37.0,33.0,38.0,120.0,120.0,107.0,63.0,63.0,63.0,85.0,34.0,38.0,,,,,0.330799996852875,64.0,,,,,0.0,39.0,0.0,39.0,,,0.0,61.0,0.701099991798401,100.0,0.565400004386902,111.0,,,,,,,,,,,,,,,,,,,,,,,,
44551,RWA,Sub-Saharan Africa,Low income,Rwanda,DHS,2005,,1,Region & Sex & Wealth,Female,,Quintile 1,Kigali Rural,,,,,,,,0.0,0.168400004506111,0.0100999996066093,0.0119000002741814,,0.283199995756149,0.514599978923798,0.236699998378754,,,,,35.0,95.0,95.0,80.0,52.0,52.0,52.0,73.0,,,,,,,0.282000005245209,62.0,,,,,,,,,,,0.0,41.0,0.715399980545044,85.0,0.566999971866608,90.0,,,,,,,,,,,,,,,,,,,,,,,,
44552,RWA,Sub-Saharan Africa,Low income,Rwanda,DHS,2005,,1,Region & Sex & Wealth,Female,,Quintile 1,Ruhengeri,,,,,,0.0452999994158745,0.0368999987840652,,0.0873000025749207,0.0203000009059906,0.0,,0.469500005245209,0.606500029563904,0.12219999730587,0.380400002002716,0.743300020694733,50.0,33.0,,111.0,111.0,72.0,36.0,36.0,36.0,90.0,42.0,50.0,,,,,0.333499997854233,68.0,,,,,0.0,32.0,0.0,32.0,,,0.0,48.0,0.713800013065338,122.0,0.421000003814697,104.0,,,,,,,,,,,,,,,,,,,,,,,,
44553,RWA,Sub-Saharan Africa,Low income,Rwanda,DHS,2005,,1,Region & Sex & Wealth,Female,,Quintile 1,Umutara,,,,,,,,,0.112899996340275,0.017000000923872,0.0256999991834164,,,,0.261500000953674,,,,,,54.0,54.0,43.0,,,,63.0,,,,,,,0.563700020313263,47.0,,,,,,,,,,,,,0.708500027656555,60.0,0.606199979782104,55.0,,,,,,,,,,,,,,,,,,,,,,,,
44554,RWA,Sub-Saharan Africa,Low income,Rwanda,DHS,2005,,1,Region & Sex & Wealth,Female,,Quintile 2,Butare,,,,,,,0.0,0.0322999991476536,0.115699999034405,0.0207000002264977,0.0130000002682209,,0.166299998760223,0.444099992513657,0.254900008440018,,0.671599984169006,,33.0,30.0,96.0,96.0,75.0,50.0,50.0,50.0,63.0,,33.0,,,,,0.300799995660782,45.0,,,,,,,,,,,0.0,50.0,0.604200005531311,73.0,0.656499981880188,93.0,,,,,,,,,,,,,,,,,,,,,,,,
44555,RWA,Sub-Saharan Africa,Low income,Rwanda,DHS,2005,,1,Region & Sex & Wealth,Female,,Quintile 2,Byumba,,,,,,,,0.0,0.0304000005125999,0.0,0.0,,0.237900003790855,0.472600013017654,0.0592000000178814,0.250299990177155,,,,33.0,97.0,97.0,98.0,56.0,56.0,56.0,89.0,36.0,,,,,,0.284799993038177,71.0,,,,,0.0,41.0,0.0,41.0,,,0.0,49.0,0.516300022602081,121.0,0.693000018596649,102.0,,,,,,,,,,,,,,,,,,,,,,,,
44556,RWA,Sub-Saharan Africa,Low income,Rwanda,DHS,2005,,1,Region & Sex & Wealth,Female,,Quintile 2,Cyangugu,,,,,,,,,0.0828000009059906,0.0124000003561378,0.0175999999046326,,,,,,,,,,44.0,44.0,33.0,,,,,,,,,,,,,,,,,,,,,,,,,0.688300013542175,48.0,0.535000026226044,40.0,,,,,,,,,,,,,,,,,,,,,,,,
44557,RWA,Sub-Saharan Africa,Low income,Rwanda,DHS,2005,,1,Region & Sex & Wealth,Female,,Quintile 2,Gikongoro,,,,,,0.0577000007033348,,,0.13120000064373,0.0,0.0,,0.173199996352196,0.566699981689453,0.109999999403954,0.298400014638901,0.58950001001358,34.0,,,92.0,92.0,78.0,41.0,41.0,41.0,83.0,39.0,34.0,,,,,0.397100001573563,71.0,,,,,,,,,,,0.0,39.0,0.723399996757507,116.0,0.711899995803833,87.0,,,,,,,,,,,,,,,,,,,,,,,,
44558,RWA,Sub-Saharan Africa,Low income,Rwanda,DHS,2005,,1,Region & Sex & Wealth,Female,,Quintile 2,Gisenyi,,,,,,0.0258000008761883,,,0.125499993562698,0.0147000001743436,0.0215000007301569,,0.279500007629395,0.493900001049042,0.140400007367134,0.130899995565414,0.629000008106232,32.0,,,81.0,81.0,56.0,32.0,32.0,32.0,74.0,31.0,33.0,,,,,0.345299988985062,70.0,,,,,,,,,,,0.0,40.0,0.711499989032745,108.0,0.574400007724762,80.0,,,,,,,,,,,,,,,,,,,,,,,,
44559,RWA,Sub-Saharan Africa,Low income,Rwanda,DHS,2005,,1,Region & Sex & Wealth,Female,,Quintile 2,Gitarama,,,,,,,0.0,,0.264099985361099,0.0,0.0,,0.215100005269051,0.479200005531311,0.134499996900558,0.258799999952316,0.715699970722198,,34.0,,91.0,91.0,68.0,45.0,45.0,45.0,61.0,31.0,32.0,,,,,0.193800002336502,51.0,,,,,,,,,,,0.0,53.0,0.616400003433228,84.0,0.728299975395203,89.0,,,,,,,,,,,,,,,,,,,,,,,,
44560,RWA,Sub-Saharan Africa,Low income,Rwanda,DHS,2005,,1,Region & Sex & Wealth,Female,,Quintile 2,Kibungo,,,,,,0.0200999993830919,0.0197000000625849,0.0,0.132200002670288,0.0178999993950129,0.0,,0.30799999833107,0.554199993610382,0.125200003385544,0.288500010967255,0.779600024223328,53.0,38.0,39.0,141.0,141.0,106.0,64.0,64.0,64.0,91.0,50.0,47.0,,,,,0.1942999958992,82.0,,,,,0.0,37.0,0.0,37.0,,,0.0,66.0,0.730499982833862,136.0,0.524900019168854,137.0,,,,,,,,,,,,,,,,,,,,,,,,
44561,RWA,Sub-Saharan Africa,Low income,Rwanda,DHS,2005,,1,Region & Sex & Wealth,Female,,Quintile 2,Kibuye,,,,,,0.12219999730587,0.0,,0.149900004267693,0.0,0.0,,0.319799989461899,0.498100012540817,0.157600000500679,0.125400006771088,0.66159999370575,34.0,30.0,,93.0,93.0,62.0,38.0,38.0,38.0,84.0,31.0,36.0,,,,,0.269899994134903,64.0,,,,,,,,,,,0.0,44.0,0.665499985218048,114.0,0.609099984169006,88.0,,,,,,,,,,,,,,,,,,,,,,,,
44562,RWA,Sub-Saharan Africa,Low income,Rwanda,DHS,2005,,1,Region & Sex & Wealth,Female,,Quintile 2,Kigali Rural,,,,,,,,0.0,0.174400001764297,0.0,0.0,,0.209900006651878,0.449299991130829,0.0763999968767166,,,,,34.0,94.0,94.0,82.0,52.0,52.0,52.0,52.0,,,,,,,0.253800004720688,49.0,,,,,,,,,,,0.0,40.0,0.691200017929077,76.0,0.663299977779388,94.0,,,,,,,,,,,,,,,,,,,,,,,,
44563,RWA,Sub-Saharan Africa,Low income,Rwanda,DHS,2005,,1,Region & Sex & Wealth,Female,,Quintile 2,Ruhengeri,,,,,,,,,0.090999998152256,0.0,0.0,,0.402599990367889,0.646399974822998,0.179800003767014,,,,,,72.0,72.0,62.0,34.0,34.0,34.0,54.0,,,,,,,0.185100004076958,47.0,,,,,,,,,,,0.0,35.0,0.692300021648407,75.0,0.463699996471405,65.0,,,,,,,,,,,,,,,,,,,,,,,,
44564,RWA,Sub-Saharan Africa,Low income,Rwanda,DHS,2005,,1,Region & Sex & Wealth,Female,,Quintile 2,Umutara,,,,,,,,,0.0760999992489815,0.0,0.0,,0.327699989080429,0.578100025653839,0.0870999991893768,,,,,,78.0,78.0,81.0,44.0,44.0,44.0,65.0,,,,,,,0.286399990320206,54.0,,,,,0.0,34.0,0.0,34.0,,,0.0,40.0,0.702899992465973,85.0,0.630599975585938,80.0,,,,,,,,,,,,,,,,,,,,,,,,
44565,RWA,Sub-Saharan Africa,Low income,Rwanda,DHS,2005,,1,Region & Sex & Wealth,Female,,Quintile 3,Butare,,,,,,,,,0.0930000022053719,0.0,0.0309999994933605,,,,0.151099994778633,,,,,,51.0,51.0,52.0,,,,58.0,,,,,,,0.139200001955032,49.0,,,,,,,,,,,,,0.539799988269806,74.0,0.6007000207901,52.0,,,,,,,,,,,,,,,,,,,,,,,,
44566,RWA,Sub-Saharan Africa,Low income,Rwanda,DHS,2005,,1,Region & Sex & Wealth,Female,,Quintile 3,Byumba,,,,,,,,,0.0355999991297722,0.0081000002101063,0.0,,0.258500009775162,0.613399982452393,0.208700001239777,,,,,,71.0,71.0,62.0,34.0,34.0,34.0,74.0,,,,,,,0.322299987077713,55.0,,,,,,,,,,,,,0.628000020980835,81.0,0.649200022220612,71.0,,,,,,,,,,,,,,,,,,,,,,,,
44567,RWA,Sub-Saharan Africa,Low income,Rwanda,DHS,2005,,1,Region & Sex & Wealth,Female,,Quintile 3,Cyangugu,,,,,,0.124600000679493,,,0.153899997472763,0.0273000001907349,0.0252000000327826,,0.367599993944168,0.606299996376038,0.128800004720688,0.210700005292892,0.722299993038177,31.0,,,96.0,96.0,81.0,49.0,49.0,49.0,86.0,34.0,31.0,,,,,0.244800001382828,67.0,,,,,,,,,,,0.0,48.0,0.566799998283386,108.0,0.629499971866608,99.0,,,,,,,,,,,,,,,,,,,,,,,,
44568,RWA,Sub-Saharan Africa,Low income,Rwanda,DHS,2005,,1,Region & Sex & Wealth,Female,,Quintile 3,Gikongoro,,,,,,,,,0.147100001573563,0.0,0.0,,,,0.133699998259544,,,,,,62.0,62.0,46.0,,,,57.0,,,,,,,0.307500004768372,38.0,,,,,,,,,,,,,0.636099994182587,76.0,0.817499995231628,58.0,,,,,,,,,,,,,,,,,,,,,,,,
44569,RWA,Sub-Saharan Africa,Low income,Rwanda,DHS,2005,,1,Region & Sex & Wealth,Female,,Quintile 3,Gisenyi,,,,,,,,,0.0644999966025352,0.0,0.0,,0.403600007295609,0.578700006008148,0.121399998664856,0.30469998717308,0.667100012302399,,,,83.0,83.0,69.0,34.0,34.0,34.0,86.0,33.0,35.0,,,,,0.298200011253357,78.0,,,,,0.0,32.0,0.0,32.0,,,0.0,41.0,0.642199993133545,118.0,0.484499990940094,79.0,,,,,,,,,,,,,,,,,,,,,,,,
44570,RWA,Sub-Saharan Africa,Low income,Rwanda,DHS,2005,,1,Region & Sex & Wealth,Female,,Quintile 3,Gitarama,,,,,,,,,0.182899996638298,0.0156999994069338,0.0207000002264977,,0.156599998474121,0.324400007724762,0.10419999808073,,,,,,67.0,67.0,50.0,30.0,30.0,30.0,70.0,,,,,,,0.175799995660782,60.0,,,,,,,,,,,0.0,40.0,0.617999970912933,91.0,0.801100015640259,67.0,,,,,,,,,,,,,,,,,,,,,,,,
44571,RWA,Sub-Saharan Africa,Low income,Rwanda,DHS,2005,,1,Region & Sex & Wealth,Female,,Quintile 3,Kibungo,,,,,,,,,0.0910999998450279,0.0120000001043081,0.0,,0.301099985837936,0.582599997520447,0.163200005888939,0.134900003671646,,,,,81.0,81.0,70.0,40.0,40.0,40.0,62.0,40.0,,,,,,0.176899999380112,56.0,,,,,,,,,,,0.0,35.0,0.774200022220612,101.0,0.604700028896332,75.0,,,,,,,,,,,,,,,,,,,,,,,,
44572,RWA,Sub-Saharan Africa,Low income,Rwanda,DHS,2005,,1,Region & Sex & Wealth,Female,,Quintile 3,Kibuye,,,,,,0.119300000369549,,,0.226699993014336,0.0127999996766448,0.0163000002503395,,0.201800003647804,0.478500008583069,0.104999996721745,0.119099996984005,0.503600001335144,34.0,,,87.0,87.0,70.0,32.0,32.0,32.0,91.0,37.0,36.0,,,,,0.330099999904633,71.0,,,,,0.0,36.0,0.0,36.0,,,0.0,38.0,0.658999979496002,131.0,0.602800011634827,87.0,,,,,,,,,,,,,,,,,,,,,,,,
44573,RWA,Sub-Saharan Africa,Low income,Rwanda,DHS,2005,,1,Region & Sex & Wealth,Female,,Quintile 3,Kigali Rural,,,,,,,,,0.149399995803833,0.0,0.0,,0.147900000214577,0.377600014209747,0.151399999856949,0.298400014638901,,,,,83.0,83.0,85.0,42.0,42.0,42.0,83.0,37.0,,,,,,0.287600010633469,68.0,,,,,0.0,34.0,0.0,34.0,,,0.0,42.0,0.599399983882904,110.0,0.652300000190735,84.0,,,,,,,,,,,,,,,,,,,,,,,,
44574,RWA,Sub-Saharan Africa,Low income,Rwanda,DHS,2005,,1,Region & Sex & Wealth,Female,,Quintile 3,Ruhengeri,,,,,,0.115000002086163,,0.0,0.108400002121925,0.0126000000163913,0.0120000001043081,,0.317499995231628,0.589900016784668,0.0456999987363815,0.428000003099442,0.832300007343292,31.0,,30.0,91.0,91.0,75.0,44.0,44.0,44.0,88.0,32.0,31.0,,,,,0.178900003433228,64.0,,,,,,,,,,,0.0,42.0,0.59170001745224,112.0,0.621399998664856,87.0,,,,,,,,,,,,,,,,,,,,,,,,
44575,RWA,Sub-Saharan Africa,Low income,Rwanda,DHS,2005,,1,Region & Sex & Wealth,Female,,Quintile 3,Umutara,,,,,,,,,0.140400007367134,0.0,0.0,,,,0.341300010681152,,,,,,52.0,52.0,48.0,,,,63.0,,,,,,,0.414299994707108,60.0,,,,,,,,,,,,,0.78549998998642,77.0,0.711700022220612,48.0,,,,,,,,,,,,,,,,,,,,,,,,
44576,RWA,Sub-Saharan Africa,Low income,Rwanda,DHS,2005,,1,Region & Sex & Wealth,Female,,Quintile 4,Butare,,,,,,,,,0.196099996566772,0.0,0.0,,0.159299999475479,0.496899992227554,0.195800006389618,,,,,,84.0,84.0,73.0,42.0,42.0,42.0,51.0,,,,,,,0.0724999979138374,39.0,,,,,,,,,,,0.0,46.0,0.519900023937225,65.0,0.579999983310699,82.0,,,,,,,,,,,,,,,,,,,,,,,,
44577,RWA,Sub-Saharan Africa,Low income,Rwanda,DHS,2005,,1,Region & Sex & Wealth,Female,,Quintile 4,Byumba,,,,,,,,,0.127399995923042,0.0401999987661839,0.0478999987244606,,0.200499996542931,0.481700003147125,0.086499996483326,,,,,,55.0,55.0,47.0,30.0,30.0,30.0,46.0,,,,,,,0.149800002574921,37.0,,,,,,,,,,,,,0.556599974632263,70.0,0.714900016784668,58.0,,,,,,,,,,,,,,,,,,,,,,,,
44578,RWA,Sub-Saharan Africa,Low income,Rwanda,DHS,2005,,1,Region & Sex & Wealth,Female,,Quintile 4,Cyangugu,,,,,,0.0211999993771315,0.0,0.0212999992072582,0.123700000345707,0.0066999997943639,0.0082000000402331,,0.250400006771088,0.425799995660782,0.223700001835823,0.218500003218651,0.717400014400482,49.0,42.0,48.0,152.0,152.0,123.0,76.0,76.0,76.0,115.0,62.0,40.0,,,,,0.281899988651276,86.0,,,,,0.0,39.0,0.0,39.0,,,0.0,79.0,0.718299984931946,148.0,0.65530002117157,145.0,,,,,,,,,,,,,,,,,,,,,,,,
44579,RWA,Sub-Saharan Africa,Low income,Rwanda,DHS,2005,,1,Region & Sex & Wealth,Female,,Quintile 4,Gikongoro,,,,,,,0.0,,0.130899995565414,0.0173000004142523,0.0,,0.272000014781952,0.607400000095367,0.217600002884865,0.222399994730949,,,32.0,,87.0,87.0,63.0,43.0,43.0,43.0,85.0,38.0,,,,,,0.320800006389618,65.0,,,,,,,,,,,0.0,49.0,0.698599994182587,110.0,0.681100010871887,86.0,,,,,,,,,,,,,,,,,,,,,,,,
44580,RWA,Sub-Saharan Africa,Low income,Rwanda,DHS,2005,,1,Region & Sex & Wealth,Female,,Quintile 4,Gisenyi,,,,,,0.0399999991059303,,0.0,0.117899999022484,0.0243999995291233,0.0,,0.389800012111664,0.646700024604797,0.129600003361702,0.279700011014938,,32.0,,37.0,102.0,102.0,86.0,55.0,55.0,55.0,97.0,36.0,,,,,,0.200299993157387,78.0,,,,,,,,,,,0.0,50.0,0.664200007915497,123.0,0.585799992084503,96.0,,,,,,,,,,,,,,,,,,,,,,,,
44581,RWA,Sub-Saharan Africa,Low income,Rwanda,DHS,2005,,1,Region & Sex & Wealth,Female,,Quintile 4,Gitarama,,,,,,0.188500002026558,0.0390000008046627,0.0575000010430813,0.265500009059906,0.0386999994516373,0.0410000011324883,,0.148000001907349,0.324099987745285,0.114600002765656,0.134399995207787,0.606700003147125,34.0,30.0,31.0,105.0,105.0,73.0,51.0,51.0,51.0,80.0,32.0,32.0,,,,,0.207000002264977,69.0,,,,,,,,,,,0.0,49.0,0.688000023365021,113.0,0.751800000667572,105.0,,,,,,,,,,,,,,,,,,,,,,,,
44582,RWA,Sub-Saharan Africa,Low income,Rwanda,DHS,2005,,1,Region & Sex & Wealth,Female,,Quintile 4,Kibungo,,,,,,,,,0.175300002098083,0.0758000016212463,0.0195000004023314,,,,0.02280000038445,,,,,,47.0,47.0,52.0,,,,45.0,,,,,,,0.305900007486343,37.0,,,,,,,,,,,,,0.679799973964691,71.0,0.732400000095367,49.0,,,,,,,,,,,,,,,,,,,,,,,,
44583,RWA,Sub-Saharan Africa,Low income,Rwanda,DHS,2005,,1,Region & Sex & Wealth,Female,,Quintile 4,Kibuye,,,,,,0.0784000009298325,,,0.153099998831749,0.0,0.0,,0.426800012588501,0.619700014591217,0.0640000030398369,0.258100003004074,0.614300012588501,34.0,,,77.0,77.0,60.0,31.0,31.0,31.0,64.0,31.0,31.0,,,,,0.154899999499321,56.0,,,,,,,,,,,0.0,30.0,0.565699994564056,101.0,0.617900013923645,74.0,,,,,,,,,,,,,,,,,,,,,,,,
44584,RWA,Sub-Saharan Africa,Low income,Rwanda,DHS,2005,,1,Region & Sex & Wealth,Female,,Quintile 4,Kigali Rural,,,,,,,,,0.29109999537468,0.0372000001370907,0.0171000007539988,,0.107400000095367,0.184200003743172,0.125900000333786,0.110699996352196,,,,,61.0,61.0,56.0,32.0,32.0,32.0,50.0,30.0,,,,,,0.301600009202957,51.0,,,,,,,,,,,,,0.649800002574921,73.0,0.842899978160858,59.0,,,,,,,,,,,,,,,,,,,,,,,,
44585,RWA,Sub-Saharan Africa,Low income,Rwanda,DHS,2005,,1,Region & Sex & Wealth,Female,,Quintile 4,Ruhengeri,,,,,,0.107699997723103,,,0.157299995422363,0.0221999995410442,0.0199999995529652,,0.166800007224083,0.398499995470047,0.111400000751019,0.259200006723404,0.830200016498566,41.0,,,101.0,101.0,68.0,39.0,39.0,39.0,80.0,38.0,37.0,,,,,0.204799994826317,63.0,,,,,,,,,,,0.0,46.0,0.65530002117157,104.0,0.715699970722198,95.0,,,,,,,,,,,,,,,,,,,,,,,,
44586,RWA,Sub-Saharan Africa,Low income,Rwanda,DHS,2005,,1,Region & Sex & Wealth,Female,,Quintile 4,Umutara,,,,,,,,0.0555999986827374,0.167899996042252,0.0306000001728535,0.0297999996691942,,0.164499998092651,0.332300007343292,0.142599999904633,0.222800001502037,,,,37.0,99.0,99.0,103.0,59.0,59.0,59.0,112.0,60.0,,,,,,0.274100005626678,83.0,,,,,0.0,40.0,0.0,40.0,0.0,30.0,0.0201999992132187,51.0,0.609799981117249,157.0,0.718299984931946,103.0,,,,,,,,,,,,,,,,,,,,,,,,
44587,RWA,Sub-Saharan Africa,Low income,Rwanda,DHS,2005,,1,Region & Sex & Wealth,Female,,Quintile 5,Butare,,,,,,0.216600000858307,,,0.413800001144409,0.202900007367134,0.159199997782707,,0.0509999990463257,0.108800001442432,0.141100004315376,0.25560000538826,0.558700025081635,35.0,,,105.0,105.0,91.0,49.0,49.0,49.0,72.0,35.0,35.0,,,,,0.155200004577637,57.0,,,,,0.0,33.0,0.0,33.0,,,0.0617999993264675,41.0,0.491499990224838,95.0,0.876699984073639,118.0,,,,,,,,,,,,,,,,,,,,,,,,
44588,RWA,Sub-Saharan Africa,Low income,Rwanda,DHS,2005,,1,Region & Sex & Wealth,Female,,Quintile 5,Byumba,,,,,,,,,0.410600006580353,0.12559999525547,0.0333000011742115,,,,0.144400000572205,,,,,,57.0,57.0,41.0,,,,50.0,,,,,,,0.111299999058247,44.0,,,,,,,,,,,,,0.470099985599518,72.0,0.903800010681152,85.0,,,,,,,,,,,,,,,,,,,,,,,,
44589,RWA,Sub-Saharan Africa,Low income,Rwanda,DHS,2005,,1,Region & Sex & Wealth,Female,,Quintile 5,Cyangugu,,,,,,0.0544999986886978,,,0.275400012731552,0.090999998152256,0.0847999975085258,,0.153999999165535,0.355300009250641,0.0917999967932701,0.33390000462532,0.78600001335144,40.0,,,98.0,98.0,57.0,38.0,38.0,38.0,76.0,33.0,33.0,,,,,0.0303000006824732,49.0,,,,,,,,,,,0.0,39.0,0.435499995946884,106.0,0.843999981880188,116.0,,,,,,,,,,,,,,,,,,,,,,,,
44590,RWA,Sub-Saharan Africa,Low income,Rwanda,DHS,2005,,1,Region & Sex & Wealth,Female,,Quintile 5,Gikongoro,,,,,,,,,0.339100003242493,0.142000004649162,,,,,0.23989999294281,,,,,,45.0,45.0,,,,,34.0,,,,,,,0.19140000641346,30.0,,,,,,,,,,,,,0.519500017166138,43.0,0.812200009822845,66.0,,,,,,,,,,,,,,,,,,,,,,,,
44591,RWA,Sub-Saharan Africa,Low income,Rwanda,DHS,2005,,1,Region & Sex & Wealth,Female,,Quintile 5,Gisenyi,,,,,,0.196799993515015,0.274100005626678,0.0762000009417534,0.270399987697601,0.125499993562698,0.0998999997973442,,0.411300003528595,0.51639997959137,0.0577000007033348,0.263300001621246,0.611100018024445,39.0,32.0,35.0,110.0,110.0,86.0,50.0,50.0,50.0,90.0,48.0,42.0,,,,,0.200299993157387,73.0,,,,,0.0483000017702579,33.0,0.024100000038743,33.0,,,0.0476999990642071,55.0,0.41100001335144,133.0,0.660300016403198,123.0,,,,,,,,,,,,,,,,,,,,,,,,
44592,RWA,Sub-Saharan Africa,Low income,Rwanda,DHS,2005,,1,Region & Sex & Wealth,Female,,Quintile 5,Gitarama,,,,,,,,,0.516600012779236,0.169599995017052,0.172199994325638,,0.0816000029444695,0.218299999833107,0.0531999990344048,0.192900002002716,,,,,86.0,86.0,78.0,46.0,46.0,46.0,74.0,37.0,,,,,,0.115299999713898,63.0,,,,,,,,,,,0.0,38.0,0.485199987888336,115.0,0.928200006484985,112.0,,,,,,,,,,,,,,,,,,,,,,,,
44593,RWA,Sub-Saharan Africa,Low income,Rwanda,DHS,2005,,1,Region & Sex & Wealth,Female,,Quintile 5,Kibungo,,,,,,,,,0.294900000095367,0.161200001835823,0.136700004339218,,,,0.0204000007361174,,,,,,52.0,52.0,42.0,,,,49.0,,,,,,,0.0646999999880791,36.0,,,,,,,,,,,,,0.538500010967255,74.0,0.865800023078918,60.0,,,,,,,,,,,,,,,,,,,,,,,,
44594,RWA,Sub-Saharan Africa,Low income,Rwanda,DHS,2005,,1,Region & Sex & Wealth,Female,,Quintile 5,Kibuye,,,,,,,,,0.387800008058548,0.0320000015199184,0.201399996876717,,,,0.0200999993830919,,,,,,43.0,43.0,36.0,,,,41.0,,,,,,,0.0,44.0,,,,,,,,,,,,,0.577899992465973,69.0,0.701300024986267,53.0,,,,,,,,,,,,,,,,,,,,,,,,
44595,RWA,Sub-Saharan Africa,Low income,Rwanda,DHS,2005,,1,Region & Sex & Wealth,Female,,Quintile 5,Kigali City,,,,,,0.308299988508224,0.275700002908707,0.239999994635582,0.528699994087219,0.274899989366531,0.248099997639656,,0.0650999993085861,0.193599998950958,0.0659999996423721,0.452300012111664,0.617799997329712,131.0,169.0,155.0,498.0,498.0,451.0,258.0,258.0,258.0,193.0,106.0,145.0,,,,,0.0494999997317791,151.0,0.728900015354156,127.0,0.861800014972687,87.0,0.112300001084805,170.0,0.0626000016927719,170.0,0.049600001424551,79.0,0.0232999995350838,255.0,0.329199999570847,257.0,0.872399985790253,629.0,,,,,,,,,,,,,,,,,,,,,,,,
44596,RWA,Sub-Saharan Africa,Low income,Rwanda,DHS,2005,,1,Region & Sex & Wealth,Female,,Quintile 5,Kigali Rural,,,,,,0.224900007247925,0.13510000705719,,0.432300001382828,0.123199999332428,0.12559999525547,,0.152099996805191,0.197799995541573,0.0412000007927418,0.1841000020504,,34.0,32.0,,85.0,85.0,69.0,36.0,36.0,36.0,51.0,37.0,,,,,,0.0926999971270561,43.0,,,,,,,,,,,0.0,40.0,0.474000006914139,84.0,0.85259997844696,105.0,,,,,,,,,,,,,,,,,,,,,,,,
44597,RWA,Sub-Saharan Africa,Low income,Rwanda,DHS,2005,,1,Region & Sex & Wealth,Female,,Quintile 5,Ruhengeri,,,,,,0.29679998755455,,,0.48089998960495,0.155799999833107,0.185399994254112,,0.0428000018000603,0.111000001430511,0.0964000001549721,0.218999996781349,0.530200004577637,32.0,,,81.0,81.0,59.0,37.0,37.0,37.0,61.0,38.0,31.0,,,,,0.157499998807907,45.0,,,,,,,,,,,0.0,34.0,0.536300003528595,92.0,0.827300012111664,106.0,,,,,,,,,,,,,,,,,,,,,,,,
44598,RWA,Sub-Saharan Africa,Low income,Rwanda,DHS,2005,,1,Region & Sex & Wealth,Female,,Quintile 5,Umutara,,,,,,,,,0.324600011110306,0.0952000021934509,0.112800002098083,,0.256999999284744,0.341300010681152,0.119300000369549,0.125400006771088,,,,,77.0,77.0,64.0,36.0,36.0,36.0,47.0,38.0,,,,,,0.197200000286102,45.0,,,,,,,,,,,0.0,39.0,0.643899977207184,83.0,0.825299978256226,85.0,,,,,,,,,,,,,,,,,,,,,,,,
44599,RWA,Sub-Saharan Africa,Low income,Rwanda,DHS,2005,,1,Region & Sex & Wealth,Male,,Quintile 1,Butare,,,,,,,,,0.0329999998211861,0.0,0.0,,,,0.304300010204315,,,,,,60.0,60.0,36.0,,,,76.0,,,,,,,0.370900005102158,56.0,,,,,,,,,,,,,0.656199991703033,77.0,,,,,,,,,,,,,,,,,,,,,,,,,,
44600,RWA,Sub-Saharan Africa,Low income,Rwanda,DHS,2005,,1,Region & Sex & Wealth,Male,,Quintile 1,Byumba,,,,,,0.0348999984562397,,,0.0595999993383884,0.023199999704957,0.0,,0.20160000026226,0.563300013542175,0.180899992585182,0.370599985122681,,30.0,,,82.0,82.0,75.0,36.0,36.0,36.0,99.0,43.0,,,,,,0.395099997520447,80.0,,,,,0.0,33.0,0.0,33.0,,,0.0,37.0,0.703599989414215,120.0,0.576600015163422,36.0,,,,,,,,,,,,,,,,,,,,,,,,
44601,RWA,Sub-Saharan Africa,Low income,Rwanda,DHS,2005,,1,Region & Sex & Wealth,Male,,Quintile 1,Cyangugu,,,,,,,,,0.133200004696846,0.0,0.0,,0.296600013971329,0.618600010871887,0.195600003004074,0.193299993872643,0.795700013637543,,,,74.0,74.0,52.0,31.0,31.0,31.0,73.0,43.0,30.0,,,,,0.269300013780594,59.0,,,,,,,,,,,0.0,37.0,0.715499997138977,101.0,,,,,,,,,,,,,,,,,,,,,,,,,,
44602,RWA,Sub-Saharan Africa,Low income,Rwanda,DHS,2005,,1,Region & Sex & Wealth,Male,,Quintile 1,Gikongoro,,,,,,,,,0.0769999995827675,0.0,0.0,,0.201800003647804,0.554400026798248,0.178100004792213,0.0912000015377998,,,,,77.0,77.0,64.0,37.0,37.0,37.0,112.0,30.0,,,,,,0.433699995279312,83.0,,,,,,,,,,,0.0,34.0,0.661899983882904,134.0,0.701099991798401,42.0,,,,,,,,,,,,,,,,,,,,,,,,
44603,RWA,Sub-Saharan Africa,Low income,Rwanda,DHS,2005,,1,Region & Sex & Wealth,Male,,Quintile 1,Gisenyi,,,,,,,,,0.126399993896484,0.0370000004768372,0.0548000000417233,,,,0.157299995422363,,,,,,65.0,65.0,43.0,,,,84.0,,,,,,,0.325199991464615,64.0,,,,,,,,,,,0.0,30.0,0.634800016880035,109.0,0.75739997625351,37.0,,,,,,,,,,,,,,,,,,,,,,,,
44604,RWA,Sub-Saharan Africa,Low income,Rwanda,DHS,2005,,1,Region & Sex & Wealth,Male,,Quintile 1,Gitarama,,,,,,,,,0.12219999730587,0.0,,,,,0.188500002026558,,,,,,40.0,40.0,,,,,46.0,,,,,,,0.175200000405312,39.0,,,,,,,,,,,,,0.702300012111664,59.0,,,,,,,,,,,,,,,,,,,,,,,,,,
44605,RWA,Sub-Saharan Africa,Low income,Rwanda,DHS,2005,,1,Region & Sex & Wealth,Male,,Quintile 1,Kibungo,,,,,,,0.0,,0.0384999997913837,0.0,0.0,,0.297300010919571,0.60970002412796,0.213599994778633,,,,31.0,,83.0,83.0,62.0,40.0,40.0,40.0,78.0,,,,,,,0.341100007295609,52.0,,,,,,,,,,,0.0,44.0,0.709100008010864,101.0,0.674300014972687,37.0,,,,,,,,,,,,,,,,,,,,,,,,
44606,RWA,Sub-Saharan Africa,Low income,Rwanda,DHS,2005,,1,Region & Sex & Wealth,Male,,Quintile 1,Kibuye,,,,,,0.0190999992191792,,,0.115699999034405,0.0251000002026558,0.0,,0.303600013256073,0.477200001478195,0.207100003957748,0.287299990653992,,34.0,,,84.0,84.0,55.0,33.0,33.0,33.0,89.0,49.0,,,,,,0.32940000295639,78.0,,,,,,,,,,,0.0,37.0,0.778999984264374,117.0,0.587599992752075,32.0,,,,,,,,,,,,,,,,,,,,,,,,
44607,RWA,Sub-Saharan Africa,Low income,Rwanda,DHS,2005,,1,Region & Sex & Wealth,Male,,Quintile 1,Kigali Rural,,,,,,,,,0.124799996614456,0.0144999995827675,0.0,,0.297500014305115,0.558799982070923,0.142599999904633,,,,,,68.0,68.0,55.0,32.0,32.0,32.0,67.0,,,,,,,0.411100000143051,56.0,,,,,,,,,,,0.0,38.0,0.678300023078918,79.0,,,,,,,,,,,,,,,,,,,,,,,,,,
44608,RWA,Sub-Saharan Africa,Low income,Rwanda,DHS,2005,,1,Region & Sex & Wealth,Male,,Quintile 1,Ruhengeri,,,,,,0.0,0.0,,0.14020000398159,0.012699999846518,0.0,,0.308999985456467,0.582400023937225,0.126300007104874,0.258500009775162,0.506699979305267,36.0,31.0,,89.0,89.0,49.0,30.0,30.0,30.0,89.0,32.0,38.0,,,,,0.307900011539459,82.0,,,,,,,,,,,0.0,44.0,0.796599984169006,120.0,0.625699996948242,42.0,,,,,,,,,,,,,,,,,,,,,,,,
44609,RWA,Sub-Saharan Africa,Low income,Rwanda,DHS,2005,,1,Region & Sex & Wealth,Male,,Quintile 1,Umutara,,,,,,,,,0.107799999415874,0.0,0.0,,,,0.235599994659424,,,,,,50.0,50.0,42.0,,,,56.0,,,,,,,0.403200000524521,42.0,,,,,,,,,,,,,0.701900005340576,65.0,,,,,,,,,,,,,,,,,,,,,,,,,,
44610,RWA,Sub-Saharan Africa,Low income,Rwanda,DHS,2005,,1,Region & Sex & Wealth,Male,,Quintile 2,Butare,,,,,,0.0296000000089407,,,0.0930999964475632,0.011400000192225,0.0,,0.350899994373322,0.608900010585785,0.250600010156631,0.463299989700317,,32.0,,,81.0,81.0,52.0,34.0,34.0,34.0,62.0,36.0,,,,,,0.23759999871254,53.0,,,,,,,,,,,0.0,35.0,0.713599979877472,71.0,0.612399995326996,41.0,,,,,,,,,,,,,,,,,,,,,,,,
44611,RWA,Sub-Saharan Africa,Low income,Rwanda,DHS,2005,,1,Region & Sex & Wealth,Male,,Quintile 2,Byumba,,,,,,,,,0.116700001060963,0.0146000003442168,0.0,,,,0.164900004863739,,0.73989999294281,,,,71.0,71.0,56.0,,,,102.0,,32.0,,,,,0.205200001597404,65.0,,,,,,,,,,,0.0,38.0,0.50739997625351,117.0,0.7257000207901,32.0,,,,,,,,,,,,,,,,,,,,,,,,
44612,RWA,Sub-Saharan Africa,Low income,Rwanda,DHS,2005,,1,Region & Sex & Wealth,Male,,Quintile 2,Cyangugu,,,,,,,,,0.147799998521805,0.0,,,,,0.133599996566772,,,,,,34.0,34.0,,,,,35.0,,,,,,,,,,,,,,,,,,,,,0.75629997253418,54.0,,,,,,,,,,,,,,,,,,,,,,,,,,
44613,RWA,Sub-Saharan Africa,Low income,Rwanda,DHS,2005,,1,Region & Sex & Wealth,Male,,Quintile 2,Gikongoro,,,,,,,,,0.148699998855591,0.0168999992311001,0.0438000001013279,,,,0.158099994063377,,,,,,67.0,67.0,51.0,,,,90.0,,,,,,,0.350899994373322,58.0,,,,,,,,,,,0.0,31.0,0.648100018501282,100.0,,,,,,,,,,,,,,,,,,,,,,,,,,
44614,RWA,Sub-Saharan Africa,Low income,Rwanda,DHS,2005,,1,Region & Sex & Wealth,Male,,Quintile 2,Gisenyi,,,,,,,,,0.0943000018596649,0.0157999992370605,0.0,,,,0.150999993085861,,,,,,52.0,52.0,39.0,,,,56.0,,,,,,,0.250499993562698,42.0,,,,,,,,,,,0.0,30.0,0.593200027942657,76.0,,,,,,,,,,,,,,,,,,,,,,,,,,
44615,RWA,Sub-Saharan Africa,Low income,Rwanda,DHS,2005,,1,Region & Sex & Wealth,Male,,Quintile 2,Gitarama,,,,,,,,,0.173299998044968,0.0267999991774559,0.0214000009000301,,0.319400012493134,0.610400021076202,0.192699998617172,0.361000001430511,,,,,74.0,74.0,45.0,32.0,32.0,32.0,63.0,35.0,,,,,,0.255699992179871,51.0,,,,,,,,,,,0.0,32.0,0.641600012779236,77.0,0.562699973583221,37.0,,,,,,,,,,,,,,,,,,,,,,,,
44616,RWA,Sub-Saharan Africa,Low income,Rwanda,DHS,2005,,1,Region & Sex & Wealth,Male,,Quintile 2,Kibungo,,,,,,0.0830999985337257,0.033100001513958,,0.116200000047684,0.0115000000223517,0.0,,0.304500013589859,0.51800000667572,0.0344999991357327,0.199000000953674,0.437599986791611,30.0,33.0,,94.0,94.0,67.0,37.0,37.0,37.0,75.0,40.0,33.0,,,,,0.24210000038147,61.0,,,,,,,,,,,0.0,46.0,0.698300004005432,124.0,0.776000022888184,44.0,,,,,,,,,,,,,,,,,,,,,,,,
44617,RWA,Sub-Saharan Africa,Low income,Rwanda,DHS,2005,,1,Region & Sex & Wealth,Male,,Quintile 2,Kibuye,,,,,,,,,0.165800005197525,0.013399999588728,0.0166999995708466,,0.16949999332428,0.433499991893768,0.142499998211861,0.20160000026226,,,,,69.0,69.0,54.0,39.0,39.0,39.0,64.0,32.0,,,,,,0.271100014448166,52.0,,,,,,,,,,,0.0,35.0,0.661199986934662,90.0,0.717100024223328,30.0,,,,,,,,,,,,,,,,,,,,,,,,
44618,RWA,Sub-Saharan Africa,Low income,Rwanda,DHS,2005,,1,Region & Sex & Wealth,Male,,Quintile 2,Kigali Rural,,,,,,0.13850000500679,,,0.153899997472763,0.0130000002682209,0.0,,0.230900004506111,0.508400022983551,0.168099999427795,0.184200003743172,0.449600011110306,35.0,,,85.0,85.0,61.0,33.0,33.0,33.0,62.0,34.0,30.0,,,,,0.247400000691414,49.0,,,,,,,,,,,0.0,35.0,0.64819997549057,99.0,,,,,,,,,,,,,,,,,,,,,,,,,,
44619,RWA,Sub-Saharan Africa,Low income,Rwanda,DHS,2005,,1,Region & Sex & Wealth,Male,,Quintile 2,Ruhengeri,,,,,,,,,0.222100004553795,0.0,,,,,0.155399993062019,,,,,,51.0,51.0,,,,,62.0,,,,,,,0.398400008678436,50.0,,,,,,,,,,,,,0.717299997806549,83.0,,,,,,,,,,,,,,,,,,,,,,,,,,
44620,RWA,Sub-Saharan Africa,Low income,Rwanda,DHS,2005,,1,Region & Sex & Wealth,Male,,Quintile 2,Umutara,,,,,,0.0615000016987324,,,0.107500001788139,0.0238000005483627,0.0,,,,0.152999997138977,0.227300003170967,0.492399990558624,32.0,,,73.0,73.0,43.0,,,,71.0,35.0,32.0,,,,,0.518499970436096,55.0,,,,,,,,,,,0.0,31.0,0.728900015354156,104.0,,,,,,,,,,,,,,,,,,,,,,,,,,
44621,RWA,Sub-Saharan Africa,Low income,Rwanda,DHS,2005,,1,Region & Sex & Wealth,Male,,Quintile 3,Butare,,,,,,0.0458999983966351,,,0.1216000020504,0.0511000007390976,0.0148999998345971,,0.342000007629395,0.619599997997284,0.276100009679794,0.414099991321564,,35.0,,,91.0,91.0,66.0,44.0,44.0,44.0,54.0,32.0,,,,,,0.392599999904633,48.0,,,,,,,,,,,0.0,37.0,0.67110002040863,64.0,0.531599998474121,37.0,,,,,,,,,,,,,,,,,,,,,,,,
44622,RWA,Sub-Saharan Africa,Low income,Rwanda,DHS,2005,,1,Region & Sex & Wealth,Male,,Quintile 3,Byumba,,,,,,0.0313999988138676,,0.0,0.0986000001430511,0.0102000003680587,0.0,,0.118500001728535,0.427799999713898,0.141000002622604,,0.685800015926361,33.0,,32.0,94.0,94.0,62.0,43.0,43.0,43.0,66.0,,35.0,,,,,0.274300009012222,50.0,,,,,,,,,,,0.0,44.0,0.6317999958992,89.0,0.65310001373291,52.0,,,,,,,,,,,,,,,,,,,,,,,,
44623,RWA,Sub-Saharan Africa,Low income,Rwanda,DHS,2005,,1,Region & Sex & Wealth,Male,,Quintile 3,Cyangugu,,,,,,0.0841000005602837,,,0.187700003385544,0.0381000004708767,0.0348999984562397,,0.250800013542175,0.495900005102158,0.198699995875359,0.33500000834465,,32.0,,,85.0,85.0,64.0,38.0,38.0,38.0,78.0,48.0,,,,,,0.189300000667572,64.0,,,,,,,,,,,0.0,39.0,0.66509997844696,110.0,0.735499978065491,37.0,,,,,,,,,,,,,,,,,,,,,,,,
44624,RWA,Sub-Saharan Africa,Low income,Rwanda,DHS,2005,,1,Region & Sex & Wealth,Male,,Quintile 3,Gikongoro,,,,,,,,,0.162799999117851,0.0,0.0,,,,0.165000006556511,,,,,,52.0,52.0,44.0,,,,65.0,,,,,,,0.405900001525879,54.0,,,,,,,,,,,,,0.792800009250641,86.0,,,,,,,,,,,,,,,,,,,,,,,,,,
44625,RWA,Sub-Saharan Africa,Low income,Rwanda,DHS,2005,,1,Region & Sex & Wealth,Male,,Quintile 3,Gisenyi,,,,,,0.0068999999202787,,,0.0847000032663345,0.0425999984145164,0.0504000000655651,,,,0.170900002121925,0.250800013542175,0.511300027370453,38.0,,,84.0,84.0,48.0,,,,86.0,41.0,32.0,,,,,0.377000004053116,62.0,,,,,,,,,,,0.0,38.0,0.712400019168854,120.0,0.648599982261658,46.0,,,,,,,,,,,,,,,,,,,,,,,,
44626,RWA,Sub-Saharan Africa,Low income,Rwanda,DHS,2005,,1,Region & Sex & Wealth,Male,,Quintile 3,Gitarama,,,,,,0.115699999034405,0.0350000001490116,,0.215499997138977,0.0120000001043081,0.0,,0.316300004720688,0.398799985647202,0.0886000022292137,0.297500014305115,0.609799981117249,33.0,30.0,,88.0,88.0,54.0,36.0,36.0,36.0,61.0,36.0,34.0,,,,,0.226699993014336,49.0,,,,,,,,,,,0.0,46.0,0.66159999370575,93.0,0.715300023555756,36.0,,,,,,,,,,,,,,,,,,,,,,,,
44627,RWA,Sub-Saharan Africa,Low income,Rwanda,DHS,2005,,1,Region & Sex & Wealth,Male,,Quintile 3,Kibungo,,,,,,0.0322999991476536,0.0,,0.112700000405312,0.0,0.0,,0.3158999979496,0.675300002098083,0.221900001168251,0.318300008773804,0.412800014019012,30.0,30.0,,88.0,88.0,63.0,34.0,34.0,34.0,76.0,32.0,30.0,,,,,0.359499990940094,65.0,,,,,,,,,,,0.0,41.0,0.729600012302399,103.0,0.61760002374649,35.0,,,,,,,,,,,,,,,,,,,,,,,,
44628,RWA,Sub-Saharan Africa,Low income,Rwanda,DHS,2005,,1,Region & Sex & Wealth,Male,,Quintile 3,Kibuye,,,,,,,,,0.196400001645088,0.0,0.0165999997407198,,0.354600012302399,0.562600016593933,0.249099999666214,0.417199999094009,,,,,83.0,83.0,63.0,41.0,41.0,41.0,84.0,38.0,,,,,,0.339899986982346,75.0,,,,,,,,,,,0.0,46.0,0.628499984741211,93.0,0.634400010108948,34.0,,,,,,,,,,,,,,,,,,,,,,,,
44629,RWA,Sub-Saharan Africa,Low income,Rwanda,DHS,2005,,1,Region & Sex & Wealth,Male,,Quintile 3,Kigali Rural,,,,,,0.132400006055832,,,0.166500002145767,0.011400000192225,0.0,,0.36829999089241,0.572200000286102,0.112400002777576,0.342099994421005,0.65090000629425,35.0,,,85.0,85.0,57.0,32.0,32.0,32.0,78.0,33.0,31.0,,,,,0.298599988222122,68.0,,,,,,,,,,,0.0,37.0,0.653299987316132,106.0,0.657599985599518,41.0,,,,,,,,,,,,,,,,,,,,,,,,
44630,RWA,Sub-Saharan Africa,Low income,Rwanda,DHS,2005,,1,Region & Sex & Wealth,Male,,Quintile 3,Ruhengeri,,,,,,0.114500001072884,,,0.147499993443489,0.0441999994218349,0.0487999990582466,,0.0722000002861023,0.310499995946884,0.0876000002026558,0.189400002360344,0.771799981594086,36.0,,,95.0,95.0,60.0,37.0,37.0,37.0,83.0,33.0,37.0,,,,,0.230199992656708,61.0,,,,,,,,,,,0.0,45.0,0.595099985599518,112.0,0.833000004291534,39.0,,,,,,,,,,,,,,,,,,,,,,,,
44631,RWA,Sub-Saharan Africa,Low income,Rwanda,DHS,2005,,1,Region & Sex & Wealth,Male,,Quintile 3,Umutara,,,,,,,,,0.18639999628067,0.0181000009179115,0.0,,,,0.291299998760223,,,,,,62.0,62.0,37.0,,,,61.0,,,,,,,0.395399987697601,48.0,,,,,,,,,,,0.0,34.0,0.756099998950958,78.0,,,,,,,,,,,,,,,,,,,,,,,,,,
44632,RWA,Sub-Saharan Africa,Low income,Rwanda,DHS,2005,,1,Region & Sex & Wealth,Male,,Quintile 4,Butare,,,,,,,,,0.129800006747246,0.0129000004380941,0.0,,0.307300001382828,0.646899998188019,0.166800007224083,,,,,,81.0,81.0,71.0,43.0,43.0,43.0,68.0,,,,,,,0.220799997448921,48.0,,,,,,,,,,,0.0,38.0,0.529699981212616,81.0,0.741699993610382,41.0,,,,,,,,,,,,,,,,,,,,,,,,
44633,RWA,Sub-Saharan Africa,Low income,Rwanda,DHS,2005,,1,Region & Sex & Wealth,Male,,Quintile 4,Byumba,,,,,,,,,0.222599998116493,0.0537000000476837,0.0194000005722046,,0.202299997210503,0.342000007629395,0.0754000023007393,,,,,,62.0,62.0,54.0,35.0,35.0,35.0,55.0,,,,,,,0.139500007033348,43.0,,,,,,,,,,,0.0,35.0,0.587199985980988,77.0,,,,,,,,,,,,,,,,,,,,,,,,,,
44634,RWA,Sub-Saharan Africa,Low income,Rwanda,DHS,2005,,1,Region & Sex & Wealth,Male,,Quintile 4,Cyangugu,,,,,,0.108800001442432,0.0,0.0190999992191792,0.208000004291534,0.0225000008940697,0.0274000000208616,,0.209299996495247,0.40200001001358,0.173099994659424,0.3125,0.701900005340576,49.0,32.0,30.0,118.0,118.0,97.0,51.0,51.0,51.0,119.0,45.0,42.0,,,,,0.202399998903275,90.0,,,,,0.0,41.0,0.0,41.0,,,0.0,49.0,0.609200000762939,138.0,0.685199975967407,65.0,,,,,,,,,,,,,,,,,,,,,,,,
44635,RWA,Sub-Saharan Africa,Low income,Rwanda,DHS,2005,,1,Region & Sex & Wealth,Male,,Quintile 4,Gikongoro,,,,,,,,,0.21170000731945,0.0269000008702278,0.0357000008225441,,0.341899991035461,0.504400014877319,0.23479999601841,0.305500000715256,,,,,79.0,79.0,61.0,42.0,42.0,42.0,89.0,31.0,,,,,,0.435600012540817,77.0,,,,,,,,,,,0.0,40.0,0.738900005817413,101.0,0.683099985122681,41.0,,,,,,,,,,,,,,,,,,,,,,,,
44636,RWA,Sub-Saharan Africa,Low income,Rwanda,DHS,2005,,1,Region & Sex & Wealth,Male,,Quintile 4,Gisenyi,,,,,,,,,0.17849999666214,0.0252999998629093,0.0388999991118908,,0.158199995756149,0.334600001573563,0.173099994659424,0.326700001955032,,,,,75.0,75.0,51.0,30.0,30.0,30.0,73.0,31.0,,,,,,0.365700006484985,57.0,,,,,,,,,,,0.0,35.0,0.600099980831146,94.0,0.647000014781952,31.0,,,,,,,,,,,,,,,,,,,,,,,,
44637,RWA,Sub-Saharan Africa,Low income,Rwanda,DHS,2005,,1,Region & Sex & Wealth,Male,,Quintile 4,Gitarama,,,,,,0.0575999990105629,,,0.1807000041008,0.0362000018358231,0.0,,0.30349999666214,0.491200000047684,0.108300000429153,0.451799988746643,,30.0,,,85.0,85.0,77.0,42.0,42.0,42.0,79.0,30.0,,,,,,0.279000014066696,59.0,,,,,0.0,32.0,0.0,32.0,,,0.0,37.0,0.546999990940094,96.0,0.653699994087219,42.0,,,,,,,,,,,,,,,,,,,,,,,,
44638,RWA,Sub-Saharan Africa,Low income,Rwanda,DHS,2005,,1,Region & Sex & Wealth,Male,,Quintile 4,Kibungo,,,,,,,,,0.19149999320507,0.0324000008404255,0.0192000009119511,,,,0.133499994874001,,,,,,64.0,64.0,51.0,,,,52.0,,,,,,,0.297600001096725,45.0,,,,,,,,,,,0.0,36.0,0.725000023841858,78.0,0.815100014209747,32.0,,,,,,,,,,,,,,,,,,,,,,,,
44639,RWA,Sub-Saharan Africa,Low income,Rwanda,DHS,2005,,1,Region & Sex & Wealth,Male,,Quintile 4,Kibuye,,,,,,,,,0.0715000033378601,0.0167999994009733,0.0240000002086163,,0.202800005674362,0.504899978637695,0.19820000231266,0.224500000476837,,,,,69.0,69.0,50.0,35.0,35.0,35.0,76.0,32.0,,,,,,0.396499991416931,59.0,,,,,,,,,,,0.0,37.0,0.627099990844727,99.0,,,,,,,,,,,,,,,,,,,,,,,,,,
44640,RWA,Sub-Saharan Africa,Low income,Rwanda,DHS,2005,,1,Region & Sex & Wealth,Male,,Quintile 4,Kigali Rural,,,,,,,,,0.287000000476837,0.030799999833107,0.0386999994516373,,0.153799995779991,0.18979999423027,0.231499999761581,,,,,,70.0,70.0,58.0,30.0,30.0,30.0,49.0,,,,,,,0.183200001716614,33.0,,,,,,,,,,,0.0,30.0,0.689300000667572,62.0,0.851599991321564,33.0,,,,,,,,,,,,,,,,,,,,,,,,
44641,RWA,Sub-Saharan Africa,Low income,Rwanda,DHS,2005,,1,Region & Sex & Wealth,Male,,Quintile 4,Ruhengeri,,,,,,0.0,0.0351999998092651,,0.187399998307228,0.0351000018417835,0.0586999990046024,,0.100900001823902,0.234400004148483,0.117299996316433,0.222000002861023,0.668699979782104,34.0,33.0,,90.0,90.0,57.0,31.0,31.0,31.0,66.0,39.0,39.0,,,,,0.210700005292892,58.0,,,,,,,,,,,0.0,45.0,0.647300004959106,102.0,0.839299976825714,45.0,,,,,,,,,,,,,,,,,,,,,,,,
44642,RWA,Sub-Saharan Africa,Low income,Rwanda,DHS,2005,,1,Region & Sex & Wealth,Male,,Quintile 4,Umutara,,,,,,0.0874999985098839,0.157000005245209,,0.18529999256134,0.063400000333786,0.0110999997705221,,0.178299993276596,0.425399988889694,0.184599995613098,0.234300002455711,0.648899972438812,49.0,42.0,,120.0,120.0,88.0,45.0,45.0,45.0,95.0,52.0,45.0,,,,,0.475499987602234,72.0,,,,,0.0,40.0,0.0,40.0,,,0.0,56.0,0.733399987220764,138.0,0.767700016498566,52.0,,,,,,,,,,,,,,,,,,,,,,,,
44643,RWA,Sub-Saharan Africa,Low income,Rwanda,DHS,2005,,1,Region & Sex & Wealth,Male,,Quintile 5,Butare,,,,,,,,,0.300500005483627,0.0821999981999397,0.113600000739098,,0.176400005817413,0.414299994707108,0.119800001382828,0.413300007581711,,,,,84.0,84.0,79.0,48.0,48.0,48.0,57.0,32.0,,,,,,0.230499997735023,46.0,,,,,,,,,,,0.0,45.0,0.514299988746643,83.0,0.849399983882904,41.0,,,,,,,,,,,,,,,,,,,,,,,,
44644,RWA,Sub-Saharan Africa,Low income,Rwanda,DHS,2005,,1,Region & Sex & Wealth,Male,,Quintile 5,Byumba,,,,,,,,,0.347699999809265,0.0887999981641769,0.0900000035762787,,,,0.0593000017106533,,,,,,42.0,42.0,33.0,,,,49.0,,,,,,,0.174500003457069,36.0,,,,,,,,,,,,,0.450300008058548,64.0,0.854600012302399,32.0,,,,,,,,,,,,,,,,,,,,,,,,
44645,RWA,Sub-Saharan Africa,Low income,Rwanda,DHS,2005,,1,Region & Sex & Wealth,Male,,Quintile 5,Cyangugu,,,,,,0.211099997162819,0.0219999998807907,,0.354600012302399,0.0679000020027161,0.118500001728535,,0.0917000025510788,0.356900006532669,0.170699998736382,0.236800000071526,0.462099999189377,37.0,32.0,,97.0,97.0,76.0,42.0,42.0,42.0,76.0,39.0,36.0,,,,,0.139200001955032,62.0,,,,,0.0361000001430511,30.0,0.0,30.0,,,0.0,46.0,0.632600009441376,114.0,0.850099980831146,72.0,,,,,,,,,,,,,,,,,,,,,,,,
44646,RWA,Sub-Saharan Africa,Low income,Rwanda,DHS,2005,,1,Region & Sex & Wealth,Male,,Quintile 5,Gikongoro,,,,,,,,,0.231000006198883,0.0208999998867512,0.0742999985814095,,,,0.0551000013947487,,,,,,55.0,55.0,38.0,,,,49.0,,,,,,,0.165600001811981,38.0,,,,,,,,,,,,,0.44530001282692,68.0,0.750599980354309,36.0,,,,,,,,,,,,,,,,,,,,,,,,
44647,RWA,Sub-Saharan Africa,Low income,Rwanda,DHS,2005,,1,Region & Sex & Wealth,Male,,Quintile 5,Gisenyi,,,,,,,,,0.413500010967255,0.209600001573563,0.112700000405312,,0.194399997591972,0.293999999761581,0.144600003957748,,,,,,85.0,85.0,64.0,41.0,41.0,41.0,82.0,,,,,,,0.120899997651577,61.0,,,,,,,,,,,0.0177999995648861,46.0,0.421299993991852,100.0,0.91210001707077,38.0,,,,,,,,,,,,,,,,,,,,,,,,
44648,RWA,Sub-Saharan Africa,Low income,Rwanda,DHS,2005,,1,Region & Sex & Wealth,Male,,Quintile 5,Gitarama,,,,,,0.171700000762939,0.0654999986290932,0.0370000004768372,0.331699997186661,0.104299999773502,0.118500001728535,,0.162900000810623,0.30579999089241,0.0518000014126301,0.363999992609024,0.583700001239777,40.0,34.0,31.0,109.0,109.0,80.0,43.0,43.0,43.0,75.0,38.0,42.0,,,,,0.0768000036478043,55.0,,,,,0.0340999998152256,33.0,0.0340999998152256,33.0,,,0.0,55.0,0.542900025844574,113.0,0.830799996852875,62.0,,,,,,,,,,,,,,,,,,,,,,,,
44649,RWA,Sub-Saharan Africa,Low income,Rwanda,DHS,2005,,1,Region & Sex & Wealth,Male,,Quintile 5,Kibungo,,,,,,,,,0.295100003480911,0.125100001692772,0.151099994778633,,0.098300002515316,0.316599994897842,0.062100000679493,,,,,,67.0,67.0,46.0,33.0,33.0,33.0,31.0,,,,,,,0.17059999704361,31.0,,,,,,,,,,,0.0,32.0,0.685000002384186,63.0,0.949400007724762,30.0,,,,,,,,,,,,,,,,,,,,,,,,
44650,RWA,Sub-Saharan Africa,Low income,Rwanda,DHS,2005,,1,Region & Sex & Wealth,Male,,Quintile 5,Kibuye,,,,,,,,,0.335900008678436,0.0511000007390976,,,,,0.098800003528595,,,,,,44.0,44.0,,,,,46.0,,,,,,,0.128299996256828,30.0,,,,,,,,,,,,,0.528599977493286,73.0,,,,,,,,,,,,,,,,,,,,,,,,,,
44651,RWA,Sub-Saharan Africa,Low income,Rwanda,DHS,2005,,1,Region & Sex & Wealth,Male,,Quintile 5,Kigali City,,,,,,0.345400005578995,0.24940000474453,0.178299993276596,0.537699997425079,0.28600001335144,0.195299997925758,,0.1283999979496,0.1925999969244,0.0815000012516975,0.131699994206429,0.572700023651123,79.0,127.0,149.0,407.0,407.0,461.0,254.0,254.0,254.0,200.0,85.0,101.0,,,,,0.0683000013232231,139.0,0.704800009727478,83.0,0.781700015068054,77.0,0.0851000025868416,187.0,0.0595999993383884,187.0,0.127900004386902,127.0,0.0390000008046627,222.0,0.352400004863739,281.0,0.892000019550323,298.0,,,,,,,,,,,,,,,,,,,,,,,,
44652,RWA,Sub-Saharan Africa,Low income,Rwanda,DHS,2005,,1,Region & Sex & Wealth,Male,,Quintile 5,Kigali Rural,,,,,,,,0.0998999997973442,0.394699990749359,0.10080000013113,0.0885000005364418,,0.107799999415874,0.24609999358654,0.100599996745586,,,,,34.0,76.0,76.0,71.0,39.0,39.0,39.0,54.0,,,,,,,0.138099998235703,46.0,,,,,0.0339000001549721,31.0,0.0,31.0,,,0.0,33.0,0.545300006866455,72.0,0.80019998550415,48.0,,,,,,,,,,,,,,,,,,,,,,,,
44653,RWA,Sub-Saharan Africa,Low income,Rwanda,DHS,2005,,1,Region & Sex & Wealth,Male,,Quintile 5,Ruhengeri,,,,,,,,,0.620899975299835,0.237900003790855,0.231000006198883,,,,0.023199999704957,,,,,,53.0,53.0,33.0,,,,50.0,,,,,,,0.0218000002205372,33.0,,,,,,,,,,,,,0.463800013065338,75.0,0.962000012397766,34.0,,,,,,,,,,,,,,,,,,,,,,,,
44654,RWA,Sub-Saharan Africa,Low income,Rwanda,DHS,2005,,1,Region & Sex & Wealth,Male,,Quintile 5,Umutara,,,,,,0.164700001478195,0.066100001335144,0.0697000026702881,0.19760000705719,0.0575000010430813,0.0337000004947186,,0.272899985313416,0.526199996471405,0.142199993133545,,0.496800005435944,36.0,33.0,34.0,111.0,111.0,87.0,56.0,56.0,56.0,56.0,,34.0,,,,,0.113200001418591,47.0,,,,,,,,,,,0.02280000038445,55.0,0.677900016307831,89.0,0.63239997625351,61.0,,,,,,,,,,,,,,,,,,,,,,,,
44655,RWA,Sub-Saharan Africa,Low income,Rwanda,DHS,2005,,1,Total,,,,,,,,,,0.104800000786781,0.0590999983251095,0.0432000011205673,0.202299997210503,0.0533000007271767,0.0480999983847141,,0.235599994659424,0.450300008058548,0.143900007009506,0.259799987077713,0.633899986743927,3310.0,2960.0,2755.0,9817.0,9817.0,7812.0,4544.0,4544.0,4544.0,8214.0,3720.0,3283.0,,,,,0.257600009441376,6540.0,0.500400006771088,931.0,0.807299971580505,394.0,0.014299999922514,2918.0,0.0076999999582767,2918.0,0.0120999999344349,2044.0,0.0043999999761581,4680.0,0.625500023365021,11060.0,0.704599976539612,7720.0,,,,,,,,,,,,,,,,,,,,,,,,
44656,RWA,Sub-Saharan Africa,Low income,Rwanda,DHS,2005,,1,Wealth,,,Quintile 1,,,,,,,0.0392999984323978,0.014299999922514,0.0031000000890344,0.0926000028848648,0.0120000001043081,0.0041000000201165,,0.317900002002716,0.58050000667572,0.180399999022484,0.280699998140335,0.693400025367737,657.0,521.0,494.0,1807.0,1807.0,1367.0,795.0,795.0,795.0,1731.0,727.0,617.0,,,,,0.33610001206398,1366.0,0.31020000576973,75.0,,,0.0,512.0,0.0,512.0,0.0,403.0,0.0,818.0,0.692600011825562,2170.0,0.589600026607513,1323.0,,,,,,,,,,,,,,,,,,,,,,,,
44657,RWA,Sub-Saharan Africa,Low income,Rwanda,DHS,2005,,1,Wealth,,,Quintile 2,,,,,,,0.0769999995827675,0.0063000000081956,0.0093000000342726,0.13570000231266,0.0100999996066093,0.0049000000581145,,0.278299987316132,0.524200022220612,0.14360000193119,0.244000002741814,0.646200001239777,601.0,542.0,458.0,1744.0,1744.0,1327.0,786.0,786.0,786.0,1501.0,666.0,605.0,,,,,0.278299987316132,1207.0,0.246999993920326,103.0,,,0.0,479.0,0.0,479.0,0.0,331.0,0.0,830.0,0.66049998998642,2051.0,0.625599980354309,1293.0,,,,,,,,,,,,,,,,,,,,,,,,
44658,RWA,Sub-Saharan Africa,Low income,Rwanda,DHS,2005,,1,Wealth,,,Quintile 3,,,,,,,0.0750000029802322,0.0162000004202127,0.0082000000402331,0.137999996542931,0.0164000000804663,0.0121999997645617,,0.253100007772446,0.503600001335144,0.153500005602837,0.273999989032745,0.652199983596802,613.0,531.0,473.0,1767.0,1767.0,1355.0,784.0,784.0,784.0,1642.0,726.0,611.0,,,,,0.281899988651276,1331.0,0.3682000041008,112.0,,,0.0,525.0,0.0,525.0,0.0,395.0,0.0,845.0,0.653999984264374,2172.0,0.650300025939941,1236.0,,,,,,,,,,,,,,,,,,,,,,,,
44659,RWA,Sub-Saharan Africa,Low income,Rwanda,DHS,2005,,1,Wealth,,,Quintile 4,,,,,,,0.0812999978661537,0.0293000005185604,0.0216000005602837,0.181400001049042,0.0280000008642673,0.0188999995589256,,0.225299999117851,0.438899993896484,0.148200005292892,0.245600000023842,0.633099973201752,647.0,566.0,565.0,1932.0,1932.0,1563.0,919.0,919.0,919.0,1677.0,753.0,617.0,,,,,0.254999995231628,1332.0,0.396299988031387,150.0,0.763599991798401,40.0,0.001300000003539,569.0,0.0,569.0,0.0,366.0,0.0006999999750405,927.0,0.639299988746643,2249.0,0.71780002117157,1433.0,,,,,,,,,,,,,,,,,,,,,,,,
44660,RWA,Sub-Saharan Africa,Low income,Rwanda,DHS,2005,,1,Wealth,,,Quintile 5,,,,,,,0.244699999690056,0.194399997591972,0.143500000238419,0.420899987220764,0.176100000739098,0.163499996066093,,0.136199995875359,0.264499992132187,0.0847000032663345,0.25330001115799,0.555299997329712,792.0,800.0,765.0,2567.0,2567.0,2200.0,1260.0,1260.0,1260.0,1663.0,848.0,833.0,,,,,0.114200003445148,1304.0,0.669099986553192,491.0,0.829299986362457,308.0,0.0557999983429909,833.0,0.0306000001728535,833.0,0.0516000017523766,549.0,0.0178999993950129,1260.0,0.479200005531311,2418.0,0.851499974727631,2435.0,,,,,,,,,,,,,,,,,,,,,,,,
44661,RWA,Sub-Saharan Africa,Low income,Rwanda,DHS,2005,,1,Region & Wealth,,,Quintile 1,Butare,,,,,,0.0562000013887882,0.0,0.0,0.0560000017285347,0.0,0.0,,0.377099990844727,0.62279999256134,0.274100005626678,0.387199997901917,0.815599977970123,60.0,34.0,38.0,137.0,137.0,87.0,54.0,54.0,54.0,140.0,61.0,50.0,,,,,0.363499999046326,105.0,,,,,,,,,0.0,32.0,0.0,59.0,0.639400005340576,147.0,0.565500020980835,98.0,,,,,,,,,,,,,,,,,,,,,,,,
44662,RWA,Sub-Saharan Africa,Low income,Rwanda,DHS,2005,,1,Region & Wealth,,,Quintile 1,Byumba,,,,,,0.0177999995648861,0.0165999997407198,0.0,0.0373999997973442,0.0156999994069338,0.0,,0.24210000038147,0.517099976539612,0.163000002503395,0.396200001239777,0.685899972915649,60.0,54.0,54.0,185.0,185.0,171.0,89.0,89.0,89.0,197.0,84.0,51.0,,,,,0.313699990510941,147.0,,,,,0.0,74.0,0.0,74.0,0.0,38.0,0.0,84.0,0.60860002040863,239.0,0.578599989414215,137.0,,,,,,,,,,,,,,,,,,,,,,,,
44663,RWA,Sub-Saharan Africa,Low income,Rwanda,DHS,2005,,1,Region & Wealth,,,Quintile 1,Cyangugu,,,,,,0.0348999984562397,0.0204000007361174,0.0,0.13459999859333,0.0122999995946884,0.0,,0.369300007820129,0.599500000476837,0.199000000953674,0.212999999523163,0.758099973201752,56.0,48.0,46.0,161.0,161.0,128.0,76.0,76.0,76.0,151.0,76.0,50.0,,,,,0.257699996232986,118.0,,,,,0.0,46.0,0.0,46.0,0.0,45.0,0.0,75.0,0.704500019550323,196.0,0.581900000572205,110.0,,,,,,,,,,,,,,,,,,,,,,,,
44664,RWA,Sub-Saharan Africa,Low income,Rwanda,DHS,2005,,1,Region & Wealth,,,Quintile 1,Gikongoro,,,,,,0.0184000004082918,0.0,0.0,0.0636999979615211,0.0,0.0066999997943639,,0.259299993515015,0.632600009441376,0.160899996757507,0.214000001549721,0.667500019073486,66.0,45.0,54.0,177.0,177.0,150.0,77.0,77.0,77.0,213.0,70.0,58.0,,,,,0.35809999704361,166.0,,,,,0.0,67.0,0.0,67.0,0.0,49.0,0.0,80.0,0.694599986076355,262.0,0.660799980163574,140.0,,,,,,,,,,,,,,,,,,,,,,,,
44665,RWA,Sub-Saharan Africa,Low income,Rwanda,DHS,2005,,1,Region & Wealth,,,Quintile 1,Gisenyi,,,,,,0.0500000007450581,0.0211999993771315,0.0309999994933605,0.0973000004887581,0.0212999992072582,0.0207000002264977,,0.27020001411438,0.513300001621246,0.16159999370575,0.27140000462532,0.669300019741058,59.0,43.0,38.0,156.0,156.0,114.0,70.0,70.0,70.0,160.0,59.0,57.0,,,,,0.377000004053116,123.0,,,,,0.0,40.0,0.0,40.0,,,0.0,66.0,0.66430002450943,207.0,0.675899982452393,121.0,,,,,,,,,,,,,,,,,,,,,,,,
44666,RWA,Sub-Saharan Africa,Low income,Rwanda,DHS,2005,,1,Region & Wealth,,,Quintile 1,Gitarama,,,,,,0.0531999990344048,,,0.103399999439716,0.0,0.0,,0.277599990367889,0.590900003910065,0.131899997591972,0.287400007247925,0.666899979114532,41.0,,,95.0,95.0,60.0,40.0,40.0,40.0,89.0,44.0,35.0,,,,,0.251899987459183,75.0,,,,,,,,,0.0,30.0,,,0.664499998092651,123.0,0.704800009727478,69.0,,,,,,,,,,,,,,,,,,,,,,,,
44667,RWA,Sub-Saharan Africa,Low income,Rwanda,DHS,2005,,1,Region & Wealth,,,Quintile 1,Kibungo,,,,,,0.0,0.017000000923872,0.0,0.0401000007987022,0.0055999998003244,0.0,,0.393200010061264,0.666599988937378,0.212500005960464,0.177200004458427,0.649900019168854,69.0,65.0,52.0,198.0,198.0,135.0,83.0,83.0,83.0,147.0,78.0,72.0,,,,,0.38510000705719,113.0,,,,,0.0,46.0,0.0,46.0,0.0,34.0,0.0,91.0,0.734499990940094,214.0,0.54339998960495,147.0,,,,,,,,,,,,,,,,,,,,,,,,
44668,RWA,Sub-Saharan Africa,Low income,Rwanda,DHS,2005,,1,Region & Wealth,,,Quintile 1,Kibuye,,,,,,0.0520999990403652,0.0,0.0,0.117899999022484,0.0153000000864267,0.0,,0.33390000462532,0.572700023651123,0.199100002646446,0.281599998474121,0.774699985980988,71.0,58.0,58.0,204.0,204.0,162.0,96.0,96.0,96.0,174.0,83.0,67.0,,,,,0.330000013113022,142.0,,,,,0.0,60.0,0.0,60.0,0.0,40.0,0.0,98.0,0.743300020694733,217.0,0.574199974536896,143.0,,,,,,,,,,,,,,,,,,,,,,,,
44669,RWA,Sub-Saharan Africa,Low income,Rwanda,DHS,2005,,1,Region & Wealth,,,Quintile 1,Kigali Rural,,,,,,0.109600000083447,0.0194000005722046,0.0,0.150499999523163,0.0119000002741814,0.0073000001721084,,0.288399994373322,0.530700027942657,0.193299993872643,0.26910001039505,0.70279997587204,46.0,49.0,53.0,163.0,163.0,135.0,84.0,84.0,84.0,140.0,47.0,46.0,,,,,0.341199994087219,118.0,,,,,0.0,45.0,0.0,45.0,0.0,37.0,0.0,79.0,0.697899997234344,164.0,0.54559999704361,118.0,,,,,,,,,,,,,,,,,,,,,,,,
44670,RWA,Sub-Saharan Africa,Low income,Rwanda,DHS,2005,,1,Region & Wealth,,,Quintile 1,Ruhengeri,,,,,,0.0269000008702278,0.0183000005781651,0.0,0.11089999973774,0.0168999992311001,0.0,,0.39640000462532,0.595499992370605,0.124300003051758,0.330799996852875,0.641600012779236,86.0,64.0,37.0,200.0,200.0,121.0,66.0,66.0,66.0,179.0,74.0,88.0,,,,,0.319999992847443,150.0,,,,,0.0,47.0,0.0,47.0,0.0,41.0,0.0,92.0,0.754299998283386,242.0,0.517199993133545,146.0,,,,,,,,,,,,,,,,,,,,,,,,
44671,RWA,Sub-Saharan Africa,Low income,Rwanda,DHS,2005,,1,Region & Wealth,,,Quintile 1,Umutara,,,,,,0.031199999153614,0.0,0.0,0.110500000417233,0.0087999999523162,0.0131999999284744,,0.252700001001358,0.621399998664856,0.24889999628067,0.342599987983704,0.80620002746582,36.0,30.0,30.0,104.0,104.0,85.0,48.0,48.0,48.0,119.0,43.0,35.0,,,,,0.485500007867813,89.0,,,,,0.0,37.0,0.0,37.0,,,0.0,51.0,0.704999983310699,125.0,0.575500011444092,77.0,,,,,,,,,,,,,,,,,,,,,,,,
44672,RWA,Sub-Saharan Africa,Low income,Rwanda,DHS,2005,,1,Region & Wealth,,,Quintile 2,Butare,,,,,,0.0461000017821789,0.0,0.0187999997287989,0.105200000107288,0.0164000000804663,0.0076000001281499,,0.243399992585182,0.512899994850159,0.252700001001358,0.413300007581711,0.689999997615814,57.0,54.0,51.0,177.0,177.0,127.0,84.0,84.0,84.0,125.0,61.0,52.0,,,,,0.265500009059906,98.0,,,,,0.0,37.0,0.0,37.0,0.0,32.0,0.0,85.0,0.65939998626709,144.0,0.633700013160706,134.0,,,,,,,,,,,,,,,,,,,,,,,,
44673,RWA,Sub-Saharan Africa,Low income,Rwanda,DHS,2005,,1,Region & Wealth,,,Quintile 2,Byumba,,,,,,0.0421999990940094,0.0,0.0,0.0676999986171722,0.0063000000081956,0.0,,0.269499987363815,0.47749999165535,0.116200000047684,0.285800009965897,0.758099973201752,53.0,50.0,50.0,168.0,168.0,154.0,82.0,82.0,82.0,191.0,60.0,57.0,,,,,0.246999993920326,136.0,,,,,0.0,69.0,0.0,69.0,0.0,38.0,0.0,87.0,0.511900007724762,238.0,0.70660001039505,134.0,,,,,,,,,,,,,,,,,,,,,,,,
44674,RWA,Sub-Saharan Africa,Low income,Rwanda,DHS,2005,,1,Region & Wealth,,,Quintile 2,Cyangugu,,,,,,0.102700002491474,,,0.111000001430511,0.0070000002160668,0.0108000002801418,,0.381000012159348,0.575999975204468,0.123000003397465,0.135900005698204,,31.0,,,78.0,78.0,52.0,32.0,32.0,32.0,64.0,39.0,,,,,,0.254599988460541,56.0,,,,,,,,,,,0.0,33.0,0.724900007247925,102.0,0.549300014972687,54.0,,,,,,,,,,,,,,,,,,,,,,,,
44675,RWA,Sub-Saharan Africa,Low income,Rwanda,DHS,2005,,1,Region & Wealth,,,Quintile 2,Gikongoro,,,,,,0.0527000017464161,0.0,0.0,0.138600006699562,0.0071000000461936,0.0175000000745058,,0.219200000166893,0.571900010108948,0.13459999859333,0.291299998760223,0.588699996471405,57.0,51.0,36.0,159.0,159.0,129.0,70.0,70.0,70.0,173.0,60.0,62.0,,,,,0.376500010490417,129.0,,,,,0.0,46.0,0.0,46.0,0.0,32.0,0.0,70.0,0.688899993896484,216.0,0.690299987792969,112.0,,,,,,,,,,,,,,,,,,,,,,,,
44676,RWA,Sub-Saharan Africa,Low income,Rwanda,DHS,2005,,1,Region & Wealth,,,Quintile 2,Gisenyi,,,,,,0.062899999320507,0.0166999995708466,0.0386999994516373,0.113300003111362,0.0151000004261732,0.0126000000163913,,0.293000012636185,0.450399994850159,0.144999995827675,0.1824000030756,0.575600028038025,46.0,50.0,30.0,133.0,133.0,95.0,51.0,51.0,51.0,130.0,54.0,53.0,,,,,0.309399992227554,112.0,,,,,0.0,40.0,0.0,40.0,,,0.0,70.0,0.662299990653992,184.0,0.542699992656708,108.0,,,,,,,,,,,,,,,,,,,,,,,,
44677,RWA,Sub-Saharan Africa,Low income,Rwanda,DHS,2005,,1,Region & Wealth,,,Quintile 2,Gitarama,,,,,,0.119499996304512,0.0,0.0221999995410442,0.223199993371964,0.0120999999344349,0.008500000461936,,0.258399993181229,0.533599972724915,0.164199993014336,0.312799990177155,0.730099976062775,53.0,54.0,43.0,165.0,165.0,113.0,77.0,77.0,77.0,124.0,66.0,58.0,,,,,0.224900007247925,102.0,,,,,0.0,34.0,0.0,34.0,,,0.0,85.0,0.628499984741211,161.0,0.647499978542328,126.0,,,,,,,,,,,,,,,,,,,,,,,,
44678,RWA,Sub-Saharan Africa,Low income,Rwanda,DHS,2005,,1,Region & Wealth,,,Quintile 2,Kibungo,,,,,,0.0417999997735023,0.0263999998569489,0.0,0.125799998641014,0.0153999999165535,0.0,,0.306699991226196,0.541000008583069,0.0841000005602837,0.250200003385544,0.633199989795685,83.0,71.0,60.0,235.0,235.0,173.0,101.0,101.0,101.0,166.0,90.0,80.0,,,,,0.215200006961823,143.0,,,,,0.0,62.0,0.0,62.0,0.0,39.0,0.0,112.0,0.714900016784668,260.0,0.631500005722046,181.0,,,,,,,,,,,,,,,,,,,,,,,,
44679,RWA,Sub-Saharan Africa,Low income,Rwanda,DHS,2005,,1,Region & Wealth,,,Quintile 2,Kibuye,,,,,,0.0974999964237213,0.0,0.0,0.156700000166893,0.0057999999262392,0.0077999997884035,,0.243399992585182,0.465299993753433,0.150999993085861,0.163599997758865,0.688099980354309,53.0,53.0,40.0,162.0,162.0,116.0,77.0,77.0,77.0,148.0,63.0,55.0,,,,,0.270500004291534,116.0,,,,,0.0,34.0,0.0,34.0,,,0.0,79.0,0.663600027561188,204.0,0.658100008964539,118.0,,,,,,,,,,,,,,,,,,,,,,,,
44680,RWA,Sub-Saharan Africa,Low income,Rwanda,DHS,2005,,1,Region & Wealth,,,Quintile 2,Kigali Rural,,,,,,0.116300001740456,0.0,0.0,0.164599999785423,0.0062000001780688,0.0,,0.218199998140335,0.472499996423721,0.12720000743866,0.175500005483627,0.49329999089241,60.0,50.0,53.0,179.0,179.0,143.0,85.0,85.0,85.0,114.0,57.0,54.0,,,,,0.250699996948242,98.0,,,,,0.0,49.0,0.0,49.0,0.0,38.0,0.0,75.0,0.666800022125244,175.0,0.615400016307831,118.0,,,,,,,,,,,,,,,,,,,,,,,,
44681,RWA,Sub-Saharan Africa,Low income,Rwanda,DHS,2005,,1,Region & Wealth,,,Quintile 2,Ruhengeri,,,,,,0.0838999971747398,0.0,0.0,0.145899996161461,0.0,0.0,,0.378199994564056,0.632600009441376,0.166299998760223,0.178700000047684,0.684099972248077,49.0,33.0,32.0,123.0,123.0,90.0,53.0,53.0,53.0,116.0,51.0,44.0,,,,,0.302199989557266,97.0,,,,,0.0,31.0,0.0,31.0,0.0,30.0,0.0,58.0,0.705900013446808,158.0,0.550599992275238,92.0,,,,,,,,,,,,,,,,,,,,,,,,
44682,RWA,Sub-Saharan Africa,Low income,Rwanda,DHS,2005,,1,Region & Wealth,,,Quintile 2,Umutara,,,,,,0.0908999964594841,0.0165999997407198,0.0,0.0913999974727631,0.0115999998524785,0.0,,0.351599991321564,0.61760002374649,0.122400000691414,0.230000004172325,0.564899981021881,54.0,47.0,42.0,151.0,151.0,124.0,69.0,69.0,69.0,136.0,57.0,56.0,,,,,0.406699985265732,109.0,,,,,0.0,52.0,0.0,52.0,0.0,38.0,0.0,71.0,0.717499971389771,189.0,0.653900027275085,108.0,,,,,,,,,,,,,,,,,,,,,,,,
44683,RWA,Sub-Saharan Africa,Low income,Rwanda,DHS,2005,,1,Region & Wealth,,,Quintile 3,Butare,,,,,,0.0723000019788742,0.0548000000417233,0.0,0.111000001430511,0.032200001180172,0.0219000000506639,,0.283600002527237,0.604600012302399,0.211600005626678,0.333700001239777,0.748600006103516,51.0,35.0,37.0,142.0,142.0,118.0,67.0,67.0,67.0,112.0,55.0,48.0,,,,,0.262899994850159,97.0,,,,,0.0,47.0,0.0,47.0,,,0.0,63.0,0.599799990653992,138.0,0.557600021362305,89.0,,,,,,,,,,,,,,,,,,,,,,,,
44684,RWA,Sub-Saharan Africa,Low income,Rwanda,DHS,2005,,1,Region & Wealth,,,Quintile 3,Byumba,,,,,,0.0469999983906746,0.0,0.0,0.0711999982595444,0.0093000000342726,0.0,,0.18189999461174,0.511799991130829,0.177000001072884,0.289200007915497,0.744300007820129,57.0,44.0,52.0,165.0,165.0,124.0,77.0,77.0,77.0,140.0,58.0,60.0,,,,,0.299699991941452,105.0,,,,,0.0,43.0,0.0,43.0,0.0,30.0,0.0,72.0,0.629899978637695,170.0,0.651600003242493,123.0,,,,,,,,,,,,,,,,,,,,,,,,
44685,RWA,Sub-Saharan Africa,Low income,Rwanda,DHS,2005,,1,Region & Wealth,,,Quintile 3,Cyangugu,,,,,,0.10419999808073,0.0201999992132187,0.0219999998807907,0.169900000095367,0.0324000008404255,0.0295000001788139,,0.315299987792969,0.556900024414062,0.16159999370575,0.283699989318848,0.693300008773804,63.0,53.0,49.0,181.0,181.0,145.0,87.0,87.0,87.0,164.0,82.0,54.0,,,,,0.217399999499321,131.0,,,,,0.0,52.0,0.0,52.0,0.0,37.0,0.0,87.0,0.616199970245361,218.0,0.679099977016449,136.0,,,,,,,,,,,,,,,,,,,,,,,,
44686,RWA,Sub-Saharan Africa,Low income,Rwanda,DHS,2005,,1,Region & Wealth,,,Quintile 3,Gikongoro,,,,,,0.0939999967813492,0.0,0.0,0.154100000858307,0.0,0.0,,0.129600003361702,0.388200014829636,0.150700002908707,0.172999992966652,0.546800017356873,44.0,30.0,32.0,114.0,114.0,90.0,54.0,54.0,54.0,122.0,47.0,37.0,,,,,0.366600006818771,92.0,,,,,0.0,36.0,0.0,36.0,,,0.0,50.0,0.720499992370605,162.0,0.736899971961975,83.0,,,,,,,,,,,,,,,,,,,,,,,,
44687,RWA,Sub-Saharan Africa,Low income,Rwanda,DHS,2005,,1,Region & Wealth,,,Quintile 3,Gisenyi,,,,,,0.0165999997407198,0.0210999995470047,0.033100001513958,0.0746000036597252,0.0212999992072582,0.0201999992132187,,0.297500014305115,0.51010000705719,0.145999997854233,0.275299996137619,0.591099977493286,67.0,52.0,41.0,167.0,167.0,117.0,60.0,60.0,60.0,172.0,74.0,67.0,,,,,0.333200007677078,140.0,,,,,0.0,54.0,0.0,54.0,0.0,36.0,0.0,79.0,0.677600026130676,238.0,0.58050000667572,125.0,,,,,,,,,,,,,,,,,,,,,,,,
44688,RWA,Sub-Saharan Africa,Low income,Rwanda,DHS,2005,,1,Region & Wealth,,,Quintile 3,Gitarama,,,,,,0.0798000022768974,0.0195000004023314,0.0255999993532896,0.201700001955032,0.0136000001803041,0.0098999999463558,,0.24379999935627,0.365099996328354,0.0970000028610229,0.245000004768372,0.716099977493286,49.0,55.0,40.0,155.0,155.0,104.0,66.0,66.0,66.0,131.0,63.0,59.0,,,,,0.198899999260902,109.0,,,,,0.0,36.0,0.0,36.0,0.0,35.0,0.0,86.0,0.640100002288818,184.0,0.752799987792969,103.0,,,,,,,,,,,,,,,,,,,,,,,,
44689,RWA,Sub-Saharan Africa,Low income,Rwanda,DHS,2005,,1,Region & Wealth,,,Quintile 3,Kibungo,,,,,,0.0403999984264374,0.0,0.0,0.10249999910593,0.0057000000961124,0.0,,0.307900011539459,0.625,0.195600003004074,0.21340000629425,0.440200001001358,57.0,53.0,43.0,169.0,169.0,133.0,74.0,74.0,74.0,138.0,72.0,55.0,,,,,0.27590000629425,121.0,,,,,0.0,52.0,0.0,52.0,0.0,42.0,0.0,76.0,0.751900017261505,204.0,0.611599981784821,110.0,,,,,,,,,,,,,,,,,,,,,,,,
44690,RWA,Sub-Saharan Africa,Low income,Rwanda,DHS,2005,,1,Region & Wealth,,,Quintile 3,Kibuye,,,,,,0.125100001692772,0.0,0.0,0.211799994111061,0.0065000001341104,0.0164000000804663,,0.287699997425079,0.525699973106384,0.174300000071526,0.272599995136261,0.624800026416779,57.0,51.0,46.0,170.0,170.0,133.0,73.0,73.0,73.0,175.0,75.0,58.0,,,,,0.335099995136261,146.0,,,,,0.0,57.0,0.0,57.0,0.0,39.0,0.0,84.0,0.646200001239777,224.0,0.617900013923645,121.0,,,,,,,,,,,,,,,,,,,,,,,,
44691,RWA,Sub-Saharan Africa,Low income,Rwanda,DHS,2005,,1,Region & Wealth,,,Quintile 3,Kigali City,,,,,,,,,0.278400003910065,0.0285000000149012,,,,,0.137600004673004,,,,,,36.0,36.0,,,,,32.0,,,,,,,,,,,,,,,,,,,,,0.601999998092651,39.0,,,,,,,,,,,,,,,,,,,,,,,,,,
44692,RWA,Sub-Saharan Africa,Low income,Rwanda,DHS,2005,,1,Region & Wealth,,,Quintile 3,Kigali Rural,,,,,,0.106600001454353,0.0,0.0,0.158000007271767,0.0057000000961124,0.0,,0.242200002074242,0.460799992084503,0.132799997925758,0.318699985742569,0.659799993038177,61.0,48.0,43.0,168.0,168.0,142.0,74.0,74.0,74.0,161.0,70.0,56.0,,,,,0.293300002813339,136.0,,,,,0.0,56.0,0.0,56.0,0.0,49.0,0.0,79.0,0.625599980354309,216.0,0.655099987983704,125.0,,,,,,,,,,,,,,,,,,,,,,,,
44693,RWA,Sub-Saharan Africa,Low income,Rwanda,DHS,2005,,1,Region & Wealth,,,Quintile 3,Ruhengeri,,,,,,0.114699997007847,0.047800000756979,0.0,0.12780000269413,0.0283000003546476,0.0280000008642673,,0.210999995470047,0.468699991703033,0.0663999989628792,0.301699995994568,0.800800025463104,67.0,50.0,51.0,186.0,186.0,135.0,81.0,81.0,81.0,171.0,65.0,68.0,,,,,0.203999996185303,125.0,,,,,0.0,50.0,0.0,50.0,0.0,39.0,0.0,87.0,0.593400001525879,224.0,0.725600004196167,126.0,,,,,,,,,,,,,,,,,,,,,,,,
44694,RWA,Sub-Saharan Africa,Low income,Rwanda,DHS,2005,,1,Region & Wealth,,,Quintile 3,Umutara,,,,,,0.0,0.0,,0.165299996733665,0.009800000116229,0.0,,0.251300007104874,0.508000016212463,0.317600011825562,0.173199996352196,0.531700015068054,32.0,46.0,,114.0,114.0,85.0,53.0,53.0,53.0,124.0,53.0,40.0,,,,,0.40599998831749,108.0,,,,,0.0,31.0,0.0,31.0,0.0,31.0,0.0,62.0,0.771000027656555,155.0,0.563300013542175,75.0,,,,,,,,,,,,,,,,,,,,,,,,
44695,RWA,Sub-Saharan Africa,Low income,Rwanda,DHS,2005,,1,Region & Wealth,,,Quintile 4,Butare,,,,,,0.125,0.0,0.0,0.163200005888939,0.0063999998383224,0.0,,0.234999999403954,0.573599994182587,0.179199993610382,0.368999987840652,0.701799988746643,50.0,49.0,51.0,165.0,165.0,144.0,85.0,85.0,85.0,119.0,49.0,47.0,,,,,0.153500005602837,87.0,,,,,0.0,52.0,0.0,52.0,,,0.0,84.0,0.525300025939941,146.0,0.667599976062775,123.0,,,,,,,,,,,,,,,,,,,,,,,,
44696,RWA,Sub-Saharan Africa,Low income,Rwanda,DHS,2005,,1,Region & Wealth,,,Quintile 4,Byumba,,,,,,0.0421999990940094,0.0612999983131886,0.0533999986946583,0.178399994969368,0.0474000014364719,0.0320999994874001,,0.201499998569489,0.403200000524521,0.0807000026106834,0.106499999761581,0.489399999380112,34.0,38.0,37.0,117.0,117.0,101.0,65.0,65.0,65.0,101.0,36.0,34.0,,,,,0.144400000572205,80.0,,,,,0.0,33.0,0.0,33.0,,,0.0,57.0,0.572200000286102,147.0,0.74099999666214,85.0,,,,,,,,,,,,,,,,,,,,,,,,
44697,RWA,Sub-Saharan Africa,Low income,Rwanda,DHS,2005,,1,Region & Wealth,,,Quintile 4,Cyangugu,,,,,,0.0654999986290932,0.0,0.0205000005662441,0.159999996423721,0.0135000003501773,0.016499999910593,,0.234400004148483,0.416500002145767,0.197999998927116,0.257499992847443,0.70959997177124,98.0,74.0,78.0,270.0,270.0,220.0,127.0,127.0,127.0,234.0,107.0,82.0,,,,,0.241899996995926,176.0,,,,,0.0,80.0,0.0,80.0,0.0,35.0,0.0,128.0,0.666800022125244,286.0,0.670099973678589,210.0,,,,,,,,,,,,,,,,,,,,,,,,
44698,RWA,Sub-Saharan Africa,Low income,Rwanda,DHS,2005,,1,Region & Wealth,,,Quintile 4,Gikongoro,,,,,,0.0219999998807907,0.0,0.0215000007301569,0.169200003147125,0.0219000000506639,0.017400000244379,,0.306400001049042,0.556800007820129,0.226400002837181,0.260699987411499,0.533699989318848,45.0,57.0,52.0,166.0,166.0,124.0,85.0,85.0,85.0,174.0,69.0,49.0,,,,,0.383100003004074,142.0,,,,,0.0335999988019466,32.0,0.0,32.0,0.0,37.0,0.0,89.0,0.718100011348724,211.0,0.682200014591217,127.0,,,,,,,,,,,,,,,,,,,,,,,,
44699,RWA,Sub-Saharan Africa,Low income,Rwanda,DHS,2005,,1,Region & Wealth,,,Quintile 4,Gisenyi,,,,,,0.0516999997198582,0.0054000001400709,0.0175999999046326,0.142800003290176,0.0248000007122755,0.014299999922514,,0.310799986124039,0.540199995040894,0.147699996829033,0.301600009202957,0.634400010108948,59.0,50.0,55.0,177.0,177.0,137.0,85.0,85.0,85.0,170.0,67.0,55.0,,,,,0.267899990081787,135.0,,,,,0.0,49.0,0.0,49.0,,,0.0,85.0,0.637199997901917,217.0,0.610599994659424,127.0,,,,,,,,,,,,,,,,,,,,,,,,
44700,RWA,Sub-Saharan Africa,Low income,Rwanda,DHS,2005,,1,Region & Wealth,,,Quintile 4,Gitarama,,,,,,0.126200005412102,0.0355999991297722,0.032600000500679,0.226999998092651,0.0375999994575977,0.0195000004023314,,0.219999998807907,0.40149998664856,0.111400000751019,0.291299998760223,0.67739999294281,64.0,52.0,54.0,190.0,190.0,150.0,93.0,93.0,93.0,159.0,62.0,61.0,,,,,0.240199998021126,128.0,,,,,0.0,49.0,0.0,49.0,0.0,38.0,0.0,86.0,0.620899975299835,209.0,0.703800022602081,147.0,,,,,,,,,,,,,,,,,,,,,,,,
44701,RWA,Sub-Saharan Africa,Low income,Rwanda,DHS,2005,,1,Region & Wealth,,,Quintile 4,Kibungo,,,,,,0.0612000003457069,0.103500001132488,0.0,0.184599995613098,0.0507000014185905,0.0194000005722046,,0.199499994516373,0.510200023651123,0.0820000022649765,0.198400005698204,0.495400011539459,34.0,33.0,37.0,111.0,111.0,103.0,54.0,54.0,54.0,97.0,43.0,40.0,,,,,0.301400005817413,82.0,,,,,0.0,41.0,0.0,41.0,,,0.0,58.0,0.703299999237061,149.0,0.7814000248909,81.0,,,,,,,,,,,,,,,,,,,,,,,,
44702,RWA,Sub-Saharan Africa,Low income,Rwanda,DHS,2005,,1,Region & Wealth,,,Quintile 4,Kibuye,,,,,,0.0631000027060509,0.0,0.0,0.11370000243187,0.0081000002101063,0.0107000004500151,,0.31020000576973,0.559899985790253,0.136500000953674,0.24099999666214,0.519500017166138,55.0,39.0,41.0,146.0,146.0,110.0,66.0,66.0,66.0,140.0,63.0,51.0,,,,,0.277500003576279,115.0,,,,,0.0,40.0,0.0,40.0,0.0,32.0,0.0,67.0,0.596000015735626,200.0,0.708599984645844,101.0,,,,,,,,,,,,,,,,,,,,,,,,
44703,RWA,Sub-Saharan Africa,Low income,Rwanda,DHS,2005,,1,Region & Wealth,,,Quintile 4,Kigali City,,,,,,,,,0.217800006270409,0.0234999991953373,0.0,,,,0.113099999725819,,,,,,49.0,49.0,44.0,,,,31.0,,,,,,,,,,,,,,,,,,,,,0.561600029468536,48.0,0.76419997215271,45.0,,,,,,,,,,,,,,,,,,,,,,,,
44704,RWA,Sub-Saharan Africa,Low income,Rwanda,DHS,2005,,1,Region & Wealth,,,Quintile 4,Kigali Rural,,,,,,0.124300003051758,0.0364999994635582,0.0498999990522861,0.28889998793602,0.0337999984622002,0.0281000006943941,,0.130400002002716,0.187000006437302,0.176699995994568,0.206200003623962,0.567200005054474,49.0,31.0,38.0,131.0,131.0,114.0,62.0,62.0,62.0,99.0,51.0,42.0,,,,,0.257299989461899,84.0,,,,,0.0,46.0,0.0,46.0,,,0.0,54.0,0.667400002479553,135.0,0.847800016403198,92.0,,,,,,,,,,,,,,,,,,,,,,,,
44705,RWA,Sub-Saharan Africa,Low income,Rwanda,DHS,2005,,1,Region & Wealth,,,Quintile 4,Ruhengeri,,,,,,0.0582000017166138,0.0190999992191792,0.0189999993890524,0.171399995684624,0.0282000005245209,0.0375000014901161,,0.137199997901917,0.32480001449585,0.114100001752377,0.239999994635582,0.746999979019165,75.0,59.0,47.0,191.0,191.0,125.0,70.0,70.0,70.0,146.0,77.0,76.0,,,,,0.207699999213219,121.0,,,,,0.0,47.0,0.0,47.0,,,0.0,91.0,0.651400029659271,206.0,0.782100021839142,140.0,,,,,,,,,,,,,,,,,,,,,,,,
44706,RWA,Sub-Saharan Africa,Low income,Rwanda,DHS,2005,,1,Region & Wealth,,,Quintile 4,Umutara,,,,,,0.0794000029563904,0.107799999415874,0.0331999994814396,0.177499994635582,0.048700001090765,0.0208999998867512,,0.17059999704361,0.373800009489059,0.161899998784065,0.228200003504753,0.627900004386902,70.0,70.0,60.0,219.0,219.0,191.0,104.0,104.0,104.0,207.0,112.0,63.0,,,,,0.36829999089241,155.0,,,,,0.0,80.0,0.0,80.0,0.0,57.0,0.0093999998643994,107.0,0.66729998588562,295.0,0.745100021362305,155.0,,,,,,,,,,,,,,,,,,,,,,,,
44707,RWA,Sub-Saharan Africa,Low income,Rwanda,DHS,2005,,1,Region & Wealth,,,Quintile 5,Butare,,,,,,0.167199999094009,0.219099998474121,0.110600002110004,0.361600011587143,0.147300004959106,0.137700006365776,,0.114500001072884,0.263399988412857,0.131300002336502,0.341300010681152,0.469399988651276,56.0,56.0,57.0,189.0,189.0,170.0,97.0,97.0,97.0,129.0,68.0,60.0,,,,,0.190699994564056,103.0,0.793099999427795,30.0,,,0.025900000706315,61.0,0.0,61.0,0.0,37.0,0.0284000001847744,86.0,0.502399981021881,178.0,0.864400029182434,159.0,,,,,,,,,,,,,,,,,,,,,,,,
44708,RWA,Sub-Saharan Africa,Low income,Rwanda,DHS,2005,,1,Region & Wealth,,,Quintile 5,Byumba,,,,,,0.237900003790855,0.160600006580353,,0.383199989795685,0.109600000083447,0.0597000010311604,,0.219699993729591,0.293099999427795,0.100400000810623,0.0848999992012978,0.493499994277954,34.0,34.0,,99.0,99.0,74.0,42.0,42.0,42.0,99.0,37.0,43.0,,,,,0.138899996876717,80.0,,,,,,,,,,,0.0,47.0,0.460500001907349,136.0,0.880500018596649,117.0,,,,,,,,,,,,,,,,,,,,,,,,
44709,RWA,Sub-Saharan Africa,Low income,Rwanda,DHS,2005,,1,Region & Wealth,,,Quintile 5,Cyangugu,,,,,,0.13230000436306,0.0653999969363213,0.10249999910593,0.315200001001358,0.0794000029563904,0.104000002145767,,0.121299996972084,0.356099992990494,0.132400006055832,0.279300004243851,0.612500011920929,77.0,59.0,39.0,195.0,195.0,133.0,80.0,80.0,80.0,152.0,72.0,69.0,,,,,0.0926999971270561,111.0,,,,,0.0242999996989965,44.0,0.0,44.0,0.0269000008702278,42.0,0.0,85.0,0.539600014686584,220.0,0.847599983215332,188.0,,,,,,,,,,,,,,,,,,,,,,,,
44710,RWA,Sub-Saharan Africa,Low income,Rwanda,DHS,2005,,1,Region & Wealth,,,Quintile 5,Gikongoro,,,,,,0.162200003862381,0.118400000035763,,0.274899989366531,0.0701000019907951,0.123700000345707,,0.255299985408783,0.374500006437302,0.135299995541573,0.428700000047684,0.607400000095367,35.0,38.0,,100.0,100.0,67.0,38.0,38.0,38.0,83.0,52.0,38.0,,,,,0.177699998021126,68.0,,,,,,,,,,,0.0,49.0,0.474500000476837,111.0,0.776099979877472,102.0,,,,,,,,,,,,,,,,,,,,,,,,
44711,RWA,Sub-Saharan Africa,Low income,Rwanda,DHS,2005,,1,Region & Wealth,,,Quintile 5,Gisenyi,,,,,,0.209700003266335,0.301400005817413,0.100699998438358,0.335200011730194,0.163599997758865,0.10530000180006,,0.312999993562698,0.415600001811981,0.101800002157688,0.243100002408028,0.563499987125397,62.0,60.0,63.0,195.0,195.0,150.0,91.0,91.0,91.0,172.0,75.0,66.0,,,,,0.162400007247925,134.0,0.766099989414215,37.0,,,0.0458000004291534,54.0,0.0153000000864267,54.0,0.0447000004351139,42.0,0.0335999988019466,101.0,0.415499985218048,233.0,0.760999977588654,161.0,,,,,,,,,,,,,,,,,,,,,,,,
44712,RWA,Sub-Saharan Africa,Low income,Rwanda,DHS,2005,,1,Region & Wealth,,,Quintile 5,Gitarama,,,,,,0.275000005960464,0.0952999964356422,0.0952999964356422,0.412600010633469,0.13289999961853,0.144500002264977,,0.122100003063679,0.261799991130829,0.0524999983608723,0.279599994421005,0.558099985122681,66.0,58.0,58.0,195.0,195.0,158.0,89.0,89.0,89.0,149.0,75.0,71.0,,,,,0.0970000028610229,118.0,0.407599985599518,35.0,,,0.0434999987483025,62.0,0.0182000007480383,62.0,0.0531000010669231,37.0,0.0,93.0,0.513999998569489,228.0,0.873700022697449,174.0,,,,,,,,,,,,,,,,,,,,,,,,
44713,RWA,Sub-Saharan Africa,Low income,Rwanda,DHS,2005,,1,Region & Wealth,,,Quintile 5,Kibungo,,,,,,0.218799993395805,0.193800002336502,0.112199999392033,0.294999986886978,0.14190000295639,0.144199997186661,,0.0876000002026558,0.355500012636185,0.0373000018298626,0.0681999996304512,0.508099973201752,46.0,34.0,34.0,119.0,119.0,88.0,53.0,53.0,53.0,80.0,45.0,39.0,,,,,0.118199996650219,67.0,,,,,0.0210999995470047,33.0,0.0210999995470047,33.0,,,0.0,58.0,0.607500016689301,137.0,0.906199991703033,90.0,,,,,,,,,,,,,,,,,,,,,,,,
44714,RWA,Sub-Saharan Africa,Low income,Rwanda,DHS,2005,,1,Region & Wealth,,,Quintile 5,Kibuye,,,,,,0.32150000333786,,,0.361999988555908,0.0414999984204769,0.229100003838539,,0.178000003099442,0.406100004911423,0.0621999986469746,0.102300003170967,0.448199987411499,32.0,,,87.0,87.0,65.0,34.0,34.0,34.0,87.0,47.0,37.0,,,,,0.0522000007331371,74.0,,,,,0.0277999993413687,30.0,0.0277999993413687,30.0,,,0.0,39.0,0.552299976348877,142.0,0.761799991130829,78.0,,,,,,,,,,,,,,,,,,,,,,,,
44715,RWA,Sub-Saharan Africa,Low income,Rwanda,DHS,2005,,1,Region & Wealth,,,Quintile 5,Kigali City,,,,,,0.322499990463257,0.264400005340576,0.209700003266335,0.532800018787384,0.279900014400482,0.221499994397163,,0.0964000001549721,0.19310000538826,0.0738999992609024,0.314200013875961,0.598699986934662,210.0,296.0,304.0,905.0,905.0,912.0,512.0,512.0,512.0,393.0,191.0,246.0,,,,,0.0584000013768673,290.0,0.719200015068054,210.0,0.824400007724762,164.0,0.0979999974370003,357.0,0.0610000006854534,357.0,0.097900003194809,206.0,0.0307000000029802,477.0,0.341399997472763,538.0,0.882700026035309,927.0,,,,,,,,,,,,,,,,,,,,,,,,
44716,RWA,Sub-Saharan Africa,Low income,Rwanda,DHS,2005,,1,Region & Wealth,,,Quintile 5,Kigali Rural,,,,,,0.198400005698204,0.120200000703335,0.120899997651577,0.413700014352798,0.112099997699261,0.105899997055531,,0.12899999320507,0.223000004887581,0.0715999975800514,0.26800000667572,0.578599989414215,59.0,47.0,47.0,161.0,161.0,140.0,75.0,75.0,75.0,105.0,60.0,50.0,,,,,0.11540000140667,89.0,0.579599976539612,36.0,,,0.0199999995529652,58.0,0.0,58.0,0.0,33.0,0.0,73.0,0.508499979972839,156.0,0.824400007724762,153.0,,,,,,,,,,,,,,,,,,,,,,,,
44717,RWA,Sub-Saharan Africa,Low income,Rwanda,DHS,2005,,1,Region & Wealth,,,Quintile 5,Ruhengeri,,,,,,0.313899993896484,0.239199995994568,0.236200004816055,0.542800009250641,0.192100003361702,0.202900007367134,,0.0255999993532896,0.0949999988079071,0.0610000006854534,0.216600000858307,0.452199995517731,56.0,36.0,33.0,134.0,134.0,92.0,57.0,57.0,57.0,111.0,61.0,52.0,,,,,0.0976999998092651,78.0,0.673699975013733,33.0,,,0.0366000011563301,31.0,0.0366000011563301,31.0,0.0,38.0,0.0188999995589256,58.0,0.50220000743866,167.0,0.886300027370453,140.0,,,,,,,,,,,,,,,,,,,,,,,,
44718,RWA,Sub-Saharan Africa,Low income,Rwanda,DHS,2005,,1,Region & Wealth,,,Quintile 5,Umutara,,,,,,0.18189999461174,0.0728999972343445,0.0627000033855438,0.24719999730587,0.0722000002861023,0.064800001680851,,0.267100006341934,0.459600001573563,0.131400004029274,0.160699993371964,0.588199973106384,59.0,60.0,57.0,188.0,188.0,151.0,92.0,92.0,92.0,103.0,65.0,62.0,,,,,0.155300006270409,92.0,,,,,0.0,52.0,0.0,52.0,0.0,32.0,0.0137999998405576,94.0,0.661499977111816,172.0,0.700399994850159,146.0,,,,,,,,,,,,,,,,,,,,,,,,
44719,RWA,Sub-Saharan Africa,Low income,Rwanda,DHS,2010,,1,Location,,Rural,,,,,,,,0.377799987792969,0.116999998688698,0.0723000019788742,0.348600000143051,0.0913000032305717,0.0540999993681908,,0.184400007128716,0.40310001373291,0.070200003683567,0.171599999070168,0.513499975204468,3038.0,2458.0,2411.0,8719.0,8719.0,7662.0,3992.0,3992.0,3992.0,7938.0,3503.0,2655.0,,,,,0.102300003170967,6309.0,0.678099989891052,1493.0,0.77240002155304,498.0,0.013399999588728,3695.0,0.0052000000141561,3695.0,0.0080000003799796,2453.0,0.0054000001400709,4212.0,0.619599997997284,12043.0,0.781799972057343,7220.0,,,,,,,,,,,,,,,,,,,,,,,,
44720,RWA,Sub-Saharan Africa,Low income,Rwanda,DHS,2010,,1,Location,,Urban,,,,,,,,0.518100023269653,0.324699997901917,0.250699996948242,0.542500019073486,0.291299998760223,0.220500007271767,,0.09009999781847,0.246900007128716,0.0421000011265278,0.241099998354912,0.508499979972839,607.0,646.0,606.0,2094.0,2094.0,2007.0,1058.0,1058.0,1058.0,1213.0,500.0,606.0,,,,,0.0443999990820885,977.0,0.808099985122681,542.0,0.839699983596802,377.0,0.0926999971270561,979.0,0.0425999984145164,979.0,0.0775000005960464,601.0,0.0207000002264977,1039.0,0.483000010251999,1727.0,0.886799991130829,2048.0,,,,,,,,,,,,,,,,,,,,,,,,
44721,RWA,Sub-Saharan Africa,Low income,Rwanda,DHS,2010,,1,Location & Religion,,Rural,,,,Adventist,,,,0.386400014162064,0.103100001811981,0.0640000030398369,0.346500009298325,0.0725999996066093,0.0388000011444092,,0.161899998784065,0.390500009059906,0.0615000016987324,0.16889999806881,0.549700021743774,159.0,130.0,92.0,440.0,440.0,465.0,192.0,192.0,192.0,534.0,185.0,143.0,,,,,,,0.721800029277802,138.0,0.771700024604797,46.0,0.0151000004261732,436.0,0.0087000001221895,436.0,0.0,269.0,0.0038000000640749,363.0,1.0,177.0,0.813799977302551,840.0,,,,,,,,,,,,,,,,,,,,,,,,
44722,RWA,Sub-Saharan Africa,Low income,Rwanda,DHS,2010,,1,Location & Religion,,Rural,,,,Catholic,,,,0.388099998235703,0.102600000798702,0.090599998831749,0.360900014638901,0.092399999499321,0.0577000007033348,,0.157800003886223,0.379099994897842,0.064300000667572,0.146799996495247,0.486799985170364,647.0,537.0,512.0,1841.0,1841.0,1585.0,824.0,824.0,824.0,1823.0,834.0,579.0,,,,,,,0.668600022792816,541.0,0.746299982070923,172.0,0.0143999997526407,1177.0,0.0052000000141561,1177.0,0.0073000001721084,837.0,0.0031999999191612,1432.0,1.0,749.0,0.80239999294281,3397.0,,,,,,,,,,,,,,,,,,,,,,,,
44723,RWA,Sub-Saharan Africa,Low income,Rwanda,DHS,2010,,1,Location & Religion,,Rural,,,,No Religion/None,,,,,,,0.205899998545647,0.030799999833107,0.0256999991834164,,,,0.122299998998642,,,,,,51.0,51.0,49.0,,,,75.0,,,,,,,,,,,,,,,,,,,,,,,,,,,,,,,,,,,,,,,,,,,,,,,,
44724,RWA,Sub-Saharan Africa,Low income,Rwanda,DHS,2010,,1,Location & Religion,,Rural,,,,Protestant,,,,0.337300002574921,0.0798000022768974,0.0509999990463257,0.295399993658066,0.065700002014637,0.046399999409914,,0.200900003314018,0.463200002908707,0.0865999981760979,0.183400005102158,0.557099997997284,513.0,388.0,383.0,1424.0,1424.0,1291.0,638.0,638.0,638.0,1410.0,606.0,458.0,,,,,,,0.666800022125244,411.0,0.734799981117249,127.0,0.0111999996006489,1125.0,0.00089999998454,1125.0,0.0063999998383224,728.0,0.0052999998442828,1264.0,1.0,613.0,0.746900022029877,2906.0,,,,,,,,,,,,,,,,,,,,,,,,
44725,RWA,Sub-Saharan Africa,Low income,Rwanda,DHS,2010,,1,Location & Religion,,Urban,,,,Adventist,,,,,0.288199990987778,0.223000004887581,0.450599998235703,0.227500006556511,0.11879999935627,,0.152799993753433,0.369800001382828,0.0339000001549721,0.277500003576279,0.593699991703033,,39.0,30.0,108.0,108.0,95.0,50.0,50.0,50.0,69.0,33.0,31.0,,,,,,,0.662899971008301,43.0,0.950900018215179,30.0,0.0432000011205673,87.0,0.0136000001803041,87.0,0.0562999993562698,51.0,0.0414999984204769,87.0,,,0.898500025272369,221.0,,,,,,,,,,,,,,,,,,,,,,,,
44726,RWA,Sub-Saharan Africa,Low income,Rwanda,DHS,2010,,1,Location & Religion,,Urban,,,,Catholic,,,,0.581499993801117,0.264699995517731,0.243100002408028,0.543500006198883,0.275200009346008,0.220599994063377,,0.0892999991774559,0.235300004482269,0.0253999996930361,0.229399994015694,0.466699987649918,110.0,132.0,109.0,396.0,396.0,375.0,204.0,204.0,204.0,271.0,105.0,105.0,,,,,,,0.822700023651123,156.0,0.782000005245209,107.0,0.0908000022172928,251.0,0.0425000004470348,251.0,0.0509999990463257,158.0,0.0196000002324581,270.0,1.0,60.0,0.893400013446808,787.0,,,,,,,,,,,,,,,,,,,,,,,,
44727,RWA,Sub-Saharan Africa,Low income,Rwanda,DHS,2010,,1,Location & Religion,,Urban,,,,Muslim,,,,,,,0.66210001707077,0.337900012731552,0.138600006699562,,0.11150000244379,0.191699996590614,0.069300003349781,,,,,,54.0,54.0,45.0,31.0,31.0,31.0,43.0,,,,,,,,,,,,,,,,,,,0.0147000001743436,38.0,,,0.961300015449524,102.0,,,,,,,,,,,,,,,,,,,,,,,,
44728,RWA,Sub-Saharan Africa,Low income,Rwanda,DHS,2010,,1,Location & Religion,,Urban,,,,Protestant,,,,0.523899972438812,0.361400008201599,0.222200006246567,0.571399986743927,0.324699997901917,0.239500001072884,,0.0728999972343445,0.254200011491776,0.0414000004529953,0.268700003623962,0.466600000858307,130.0,121.0,119.0,422.0,422.0,392.0,213.0,213.0,213.0,238.0,86.0,131.0,,,,,,,0.865700006484985,177.0,0.782599985599518,121.0,0.0829000025987625,313.0,0.0394000001251698,313.0,0.101199999451637,195.0,0.0179999992251396,352.0,1.0,81.0,0.870299994945526,937.0,,,,,,,,,,,,,,,,,,,,,,,,
44729,RWA,Sub-Saharan Africa,Low income,Rwanda,DHS,2010,,1,Location & Sex,Female,Rural,,,,,,,,0.381099998950958,0.107100002467632,0.0631999969482422,0.333499997854233,0.0803000032901764,0.0449000000953674,,0.210099995136261,0.425999999046326,0.0631999969482422,0.165199995040894,0.542900025844574,1538.0,1265.0,1330.0,4593.0,4593.0,4208.0,2194.0,2194.0,2194.0,4000.0,1762.0,1356.0,,,,,0.0868000015616417,3173.0,0.665300011634827,763.0,0.760999977588654,226.0,0.0105999996885657,2052.0,0.0046000001020729,2052.0,0.0038999998942017,1381.0,0.003400000045076,2201.0,0.604900002479553,6067.0,0.778500020503998,4893.0,,,,,,,,,,,,,,,,,,,,,,,,
44730,RWA,Sub-Saharan Africa,Low income,Rwanda,DHS,2010,,1,Location & Sex,Female,Urban,,,,,,,,0.555000007152557,0.3192999958992,0.247999995946884,0.56580001115799,0.294299989938736,0.222599998116493,,0.0971999987959862,0.259099990129471,0.0414000004529953,0.26120001077652,0.517099976539612,329.0,323.0,324.0,1093.0,1093.0,987.0,550.0,550.0,550.0,602.0,277.0,313.0,,,,,0.0377000011503696,485.0,0.817900002002716,288.0,0.829599976539612,203.0,0.0908000022172928,460.0,0.0480999983847141,460.0,0.0703999996185303,283.0,0.0129000004380941,536.0,0.459100008010864,853.0,0.894599974155426,1386.0,,,,,,,,,,,,,,,,,,,,,,,,
44731,RWA,Sub-Saharan Africa,Low income,Rwanda,DHS,2010,,1,Location & Sex,Male,Rural,,,,,,,,0.374500006437302,0.127599999308586,0.0834999978542328,0.365500003099442,0.103500001132488,0.0653999969363213,,0.152899995446205,0.374900013208389,0.0772000029683113,0.178000003099442,0.482800006866455,1500.0,1193.0,1081.0,4126.0,4126.0,3454.0,1798.0,1798.0,1798.0,3938.0,1741.0,1299.0,,,,,0.117799997329712,3136.0,0.691399991512299,730.0,0.782000005245209,272.0,0.0168999992311001,1643.0,0.0057999999262392,1643.0,0.0131999999284744,1072.0,0.0076999999582767,2011.0,0.634400010108948,5976.0,0.785199999809265,2327.0,,,,,,,,,,,,,,,,,,,,,,,,
44732,RWA,Sub-Saharan Africa,Low income,Rwanda,DHS,2010,,1,Location & Sex,Male,Urban,,,,,,,,0.475899994373322,0.330099999904633,0.254000008106232,0.517199993133545,0.287999987602234,0.218500003218651,,0.0821999981999397,0.233300000429153,0.0428000018000603,0.217800006270409,0.499300003051758,278.0,323.0,282.0,1001.0,1001.0,1020.0,508.0,508.0,508.0,611.0,223.0,293.0,,,,,0.0509999990463257,492.0,0.797299981117249,254.0,0.850799977779388,174.0,0.0944999977946281,519.0,0.0377000011503696,519.0,0.0839999988675117,318.0,0.0288999993354082,503.0,0.506099998950958,874.0,0.878899991512299,662.0,,,,,,,,,,,,,,,,,,,,,,,,
44733,RWA,Sub-Saharan Africa,Low income,Rwanda,DHS,2010,,1,Location & Sex & Wealth,Female,Rural,Quintile 1,,,,,,,0.167699992656708,0.0265999995172024,0.0,0.1317999958992,0.0111999996006489,0.0,,0.39190000295639,0.621200025081635,0.115299999713898,0.19140000641346,0.687900006771088,273.0,228.0,274.0,871.0,871.0,884.0,444.0,444.0,444.0,845.0,342.0,228.0,,,,,0.152600005269051,681.0,0.529999971389771,61.0,,,0.0,449.0,0.0,449.0,0.0,301.0,0.0,402.0,0.672900021076202,1179.0,0.586199998855591,852.0,,,,,,,,,,,,,,,,,,,,,,,,
44734,RWA,Sub-Saharan Africa,Low income,Rwanda,DHS,2010,,1,Location & Sex & Wealth,Female,Rural,Quintile 2,,,,,,,0.331699997186661,0.0604000017046928,0.0032999999821186,0.267199993133545,0.0366000011563301,0.0010999999940395,,0.27700001001358,0.515200018882751,0.0772000029683113,0.220400005578995,0.602299988269806,349.0,276.0,298.0,1009.0,1009.0,924.0,465.0,465.0,465.0,928.0,397.0,296.0,,,,,0.0992999970912933,729.0,0.570599973201752,148.0,,,0.0,453.0,0.0,453.0,0.0,320.0,0.0,489.0,0.646700024604797,1370.0,0.721700012683868,1039.0,,,,,,,,,,,,,,,,,,,,,,,,
44735,RWA,Sub-Saharan Africa,Low income,Rwanda,DHS,2010,,1,Location & Sex & Wealth,Female,Rural,Quintile 3,,,,,,,0.383300006389618,0.0776999965310097,0.023199999704957,0.303400009870529,0.0476000010967255,0.0087999999523162,,0.18350000679493,0.425399988889694,0.0425999984145164,0.150000005960464,0.573199987411499,347.0,295.0,314.0,1079.0,1079.0,1008.0,535.0,535.0,535.0,819.0,398.0,329.0,,,,,0.0799999982118607,661.0,0.575100004673004,157.0,0.585099995136261,34.0,0.0,513.0,0.0,513.0,0.0,300.0,0.0,504.0,0.620899975299835,1332.0,0.771000027656555,1085.0,,,,,,,,,,,,,,,,,,,,,,,,
44736,RWA,Sub-Saharan Africa,Low income,Rwanda,DHS,2010,,1,Location & Sex & Wealth,Female,Rural,Quintile 4,,,,,,,0.466399997472763,0.12950000166893,0.0500000007450581,0.421299993991852,0.09009999781847,0.0370000004768372,,0.109200000762939,0.313199996948242,0.0368000008165836,0.108300000429153,0.456000000238419,336.0,294.0,266.0,987.0,987.0,855.0,454.0,454.0,454.0,895.0,404.0,294.0,,,,,0.0531999990344048,693.0,0.695900022983551,206.0,0.687699973583221,55.0,0.0023000000510364,389.0,0.0023000000510364,389.0,0.0,288.0,0.0,490.0,0.579699993133545,1409.0,0.872399985790253,1060.0,,,,,,,,,,,,,,,,,,,,,,,,
44737,RWA,Sub-Saharan Africa,Low income,Rwanda,DHS,2010,,1,Location & Sex & Wealth,Female,Rural,Quintile 5,,,,,,,0.578700006008148,0.29449999332428,0.350400000810623,0.616800010204315,0.277300000190735,0.269199997186661,,0.044599998742342,0.178700000047684,0.0320000015199184,0.158000007271767,0.372999995946884,233.0,172.0,178.0,647.0,647.0,537.0,296.0,296.0,296.0,513.0,221.0,209.0,,,,,0.0255999993532896,409.0,0.821699976921082,191.0,0.87830001115799,112.0,0.0816999971866608,248.0,0.0337999984622002,248.0,0.0313999988138676,172.0,0.0233999993652105,316.0,0.452199995517731,777.0,0.928300023078918,857.0,,,,,,,,,,,,,,,,,,,,,,,,
44738,RWA,Sub-Saharan Africa,Low income,Rwanda,DHS,2010,,1,Location & Sex & Wealth,Female,Urban,Quintile 1,,,,,,,0.332199990749359,0.105700001120567,0.0678000003099442,0.328700006008148,0.0753000006079674,0.0216000005602837,,0.170000001788139,0.524699985980988,0.0538999997079372,0.13230000436306,,30.0,30.0,30.0,98.0,98.0,95.0,48.0,48.0,48.0,99.0,42.0,,,,,,0.0869000032544136,83.0,,,,,0.0,44.0,0.0,44.0,0.0,36.0,0.0223999992012978,56.0,0.699899971485138,142.0,0.739499986171722,100.0,,,,,,,,,,,,,,,,,,,,,,,,
44739,RWA,Sub-Saharan Africa,Low income,Rwanda,DHS,2010,,1,Location & Sex & Wealth,Female,Urban,Quintile 3,,,,,,,,,,0.414799988269806,0.118000000715256,0.0342999994754791,,,,,,,,,,37.0,37.0,31.0,,,,,,,,,,,,,,,,,,,,,,,,,0.60860002040863,37.0,0.836499989032745,37.0,,,,,,,,,,,,,,,,,,,,,,,,
44740,RWA,Sub-Saharan Africa,Low income,Rwanda,DHS,2010,,1,Location & Sex & Wealth,Female,Urban,Quintile 4,,,,,,,,,,0.411799997091293,0.0645999982953072,0.009800000116229,,0.191699996590614,0.462500005960464,0.0267999991774559,,0.495299994945526,,,,84.0,84.0,79.0,40.0,40.0,40.0,67.0,,30.0,,,,,0.0200999993830919,54.0,,,,,0.0,37.0,0.0,37.0,,,0.0,42.0,0.506500005722046,95.0,0.824100017547607,89.0,,,,,,,,,,,,,,,,,,,,,,,,
44741,RWA,Sub-Saharan Africa,Low income,Rwanda,DHS,2010,,1,Location & Sex & Wealth,Female,Urban,Quintile 5,,,,,,,0.597599983215332,0.384299993515015,0.306499987840652,0.631500005722046,0.364399999380112,0.293199986219406,,0.061999998986721,0.179800003767014,0.0425999984145164,0.325800001621246,0.496300011873245,258.0,252.0,257.0,861.0,861.0,767.0,437.0,437.0,437.0,392.0,185.0,249.0,,,,,0.0223999992012978,316.0,0.849699974060059,244.0,0.864499986171722,189.0,0.122800000011921,355.0,0.0650999993085861,355.0,0.103100001811981,205.0,0.0135000003501773,417.0,0.359400004148483,544.0,0.921400010585785,1148.0,,,,,,,,,,,,,,,,,,,,,,,,
44742,RWA,Sub-Saharan Africa,Low income,Rwanda,DHS,2010,,1,Location & Sex & Wealth,Male,Rural,Quintile 1,,,,,,,0.212300002574921,0.0590000003576279,0.0168999992311001,0.188700005412102,0.0315999984741211,0.0051000001840293,,0.275499999523163,0.570500016212463,0.13680000603199,0.230100005865097,0.557099997997284,253.0,182.0,189.0,692.0,692.0,615.0,306.0,306.0,306.0,798.0,306.0,211.0,,,,,0.211199998855591,623.0,0.657100021839142,63.0,,,0.0,308.0,0.0,308.0,0.0,192.0,0.003400000045076,317.0,0.676400005817413,1091.0,0.613600015640259,319.0,,,,,,,,,,,,,,,,,,,,,,,,
44743,RWA,Sub-Saharan Africa,Low income,Rwanda,DHS,2010,,1,Location & Sex & Wealth,Male,Rural,Quintile 2,,,,,,,0.277200013399124,0.0555000007152557,0.0263000000268221,0.265100002288818,0.0428999997675419,0.0159000009298325,,0.208499997854233,0.467999994754791,0.0834000036120415,0.161500006914139,0.479999989271164,317.0,229.0,191.0,805.0,805.0,709.0,333.0,333.0,333.0,890.0,389.0,270.0,,,,,0.142100006341934,714.0,0.677100002765656,112.0,,,0.0,373.0,0.0,373.0,0.0,226.0,0.0,396.0,0.670300006866455,1365.0,0.762499988079071,421.0,,,,,,,,,,,,,,,,,,,,,,,,
44744,RWA,Sub-Saharan Africa,Low income,Rwanda,DHS,2010,,1,Location & Sex & Wealth,Male,Rural,Quintile 3,,,,,,,0.382699996232986,0.0790999978780746,0.0408999994397163,0.342700004577637,0.067100003361702,0.0296000000089407,,0.118299998342991,0.389899998903275,0.0535999983549118,0.151500001549721,0.467099994421005,324.0,289.0,258.0,958.0,958.0,827.0,427.0,427.0,427.0,876.0,383.0,296.0,,,,,0.0952999964356422,699.0,0.605599999427795,159.0,0.778299987316132,45.0,0.003000000026077,402.0,0.0,402.0,0.0,245.0,0.0063999998383224,474.0,0.64630001783371,1385.0,0.789200007915497,534.0,,,,,,,,,,,,,,,,,,,,,,,,
44745,RWA,Sub-Saharan Africa,Low income,Rwanda,DHS,2010,,1,Location & Sex & Wealth,Male,Rural,Quintile 4,,,,,,,0.459199994802475,0.187900006771088,0.0795999988913536,0.451999992132187,0.128800004720688,0.0740000009536743,,0.0997999981045723,0.271299988031387,0.0568999983370304,0.151700004935265,0.45770001411438,353.0,299.0,255.0,981.0,981.0,793.0,432.0,432.0,432.0,844.0,404.0,291.0,,,,,0.0711999982595444,676.0,0.70169997215271,217.0,0.785199999809265,85.0,0.0177999995648861,355.0,0.0,355.0,0.0037000000011175,251.0,0.0038999998942017,487.0,0.610199987888336,1340.0,0.840300023555756,581.0,,,,,,,,,,,,,,,,,,,,,,,,
44746,RWA,Sub-Saharan Africa,Low income,Rwanda,DHS,2010,,1,Location & Sex & Wealth,Male,Rural,Quintile 5,,,,,,,0.524600028991699,0.251700013875961,0.27020001411438,0.560899972915649,0.256399989128113,0.247600004076958,,0.0970000028610229,0.209299996495247,0.0504000000655651,0.217999994754791,0.472000002861023,253.0,194.0,188.0,690.0,690.0,510.0,300.0,300.0,300.0,530.0,259.0,231.0,,,,,0.0548000000417233,424.0,0.776099979877472,179.0,0.803900003433228,111.0,0.0973000004887581,205.0,0.0461999997496605,205.0,0.0813999995589256,158.0,0.0275999996811152,337.0,0.54009997844696,795.0,0.844099998474121,472.0,,,,,,,,,,,,,,,,,,,,,,,,
44747,RWA,Sub-Saharan Africa,Low income,Rwanda,DHS,2010,,1,Location & Sex & Wealth,Male,Urban,Quintile 1,,,,,,,0.143800005316734,,,0.229900002479553,0.0597000010311604,0.014299999922514,,0.160199999809265,0.438699990510941,0.0868000015616417,0.159400001168251,0.522599995136261,35.0,,,87.0,87.0,69.0,34.0,34.0,34.0,96.0,39.0,31.0,,,,,0.14360000193119,71.0,,,,,0.0,35.0,0.0,35.0,,,0.0287999995052814,45.0,0.633700013160706,140.0,0.652800023555756,48.0,,,,,,,,,,,,,,,,,,,,,,,,
44748,RWA,Sub-Saharan Africa,Low income,Rwanda,DHS,2010,,1,Location & Sex & Wealth,Male,Urban,Quintile 4,,,,,,,,,,0.36599999666214,0.111599996685982,0.0489000007510185,,0.093299999833107,0.383399993181229,0.0641999989748001,,,,,,88.0,88.0,81.0,37.0,37.0,37.0,58.0,,,,,,,0.0434999987483025,49.0,,,,,0.0204000007361174,49.0,0.0204000007361174,49.0,,,0.0,44.0,0.685800015926361,85.0,0.67629998922348,43.0,,,,,,,,,,,,,,,,,,,,,,,,
44749,RWA,Sub-Saharan Africa,Low income,Rwanda,DHS,2010,,1,Location & Sex & Wealth,Male,Urban,Quintile 5,,,,,,,0.590300023555756,0.400499999523163,0.323199987411499,0.603299975395203,0.363299995660782,0.275099992752075,,0.0551000013947487,0.155699998140335,0.0280000008642673,0.256300002336502,0.482100009918213,198.0,258.0,224.0,776.0,776.0,824.0,410.0,410.0,410.0,423.0,140.0,222.0,,,,,0.0249000005424023,344.0,0.826900005340576,223.0,0.852699995040894,162.0,0.119800001382828,416.0,0.046000000089407,416.0,0.103100001811981,268.0,0.0346000008285046,392.0,0.423000007867813,591.0,0.926100015640259,551.0,,,,,,,,,,,,,,,,,,,,,,,,
44750,RWA,Sub-Saharan Africa,Low income,Rwanda,DHS,2010,,1,Location & Wealth,,Rural,Quintile 1,,,,,,,0.1891999989748,0.0410000011324883,0.006800000090152,0.156900003552437,0.0201999992132187,0.0020999999251216,,0.344700008630753,0.600600004196167,0.125699996948242,0.209800004959106,0.625500023365021,526.0,410.0,463.0,1563.0,1563.0,1499.0,750.0,750.0,750.0,1643.0,648.0,439.0,,,,,0.1807000041008,1304.0,0.594600021839142,124.0,,,0.0,757.0,0.0,757.0,0.0,493.0,0.0015000000130385,719.0,0.674600005149841,2270.0,0.59799998998642,1171.0,,,,,,,,,,,,,,,,,,,,,,,,
44751,RWA,Sub-Saharan Africa,Low income,Rwanda,DHS,2010,,1,Location & Wealth,,Rural,Quintile 2,,,,,,,0.305599987506866,0.0582000017166138,0.0122999995946884,0.266299992799759,0.0394000001251698,0.0074999998323619,,0.248400002717972,0.49549999833107,0.0803000032901764,0.19140000641346,0.544600009918213,666.0,505.0,489.0,1814.0,1814.0,1633.0,798.0,798.0,798.0,1818.0,786.0,566.0,,,,,0.120399996638298,1443.0,0.616599977016449,260.0,0.692900002002716,40.0,0.0,826.0,0.0,826.0,0.0,546.0,0.0,885.0,0.658399999141693,2735.0,0.740199983119965,1460.0,,,,,,,,,,,,,,,,,,,,,,,,
44752,RWA,Sub-Saharan Africa,Low income,Rwanda,DHS,2010,,1,Location & Wealth,,Rural,Quintile 3,,,,,,,0.382999986410141,0.0784000009298325,0.0310999993234873,0.321900010108948,0.0568000003695488,0.0182000007480383,,0.154699996113777,0.409700006246567,0.0483000017702579,0.150700002908707,0.523599982261658,671.0,584.0,572.0,2037.0,2037.0,1835.0,962.0,962.0,962.0,1695.0,781.0,625.0,,,,,0.0878999978303909,1360.0,0.590499997138977,316.0,0.695299983024597,79.0,0.001300000003539,915.0,0.0,915.0,0.0,545.0,0.0031000000890344,978.0,0.633800029754639,2717.0,0.780200004577637,1619.0,,,,,,,,,,,,,,,,,,,,,,,,
44753,RWA,Sub-Saharan Africa,Low income,Rwanda,DHS,2010,,1,Location & Wealth,,Rural,Quintile 4,,,,,,,0.462700009346008,0.158800005912781,0.0645999982953072,0.436599999666214,0.109399996697903,0.0549000017344952,,0.104599997401237,0.292800009250641,0.0465999990701675,0.129999995231628,0.456800013780594,689.0,593.0,521.0,1968.0,1968.0,1648.0,886.0,886.0,886.0,1739.0,808.0,585.0,,,,,0.062100000679493,1369.0,0.698899984359741,423.0,0.74669998884201,140.0,0.0097000002861022,744.0,0.0012000000569969,744.0,0.001700000022538,539.0,0.0019000000320375,977.0,0.594600021839142,2749.0,0.855400025844574,1641.0,,,,,,,,,,,,,,,,,,,,,,,,
44754,RWA,Sub-Saharan Africa,Low income,Rwanda,DHS,2010,,1,Location & Wealth,,Rural,Quintile 5,,,,,,,0.550100028514862,0.272000014781952,0.309300005435944,0.58789998292923,0.266499996185303,0.258700013160706,,0.0710000023245811,0.194100007414818,0.0414000004529953,0.1908999979496,0.42620000243187,486.0,366.0,366.0,1337.0,1337.0,1047.0,596.0,596.0,596.0,1043.0,480.0,440.0,,,,,0.0405000001192093,833.0,0.799700021743774,370.0,0.842199981212616,223.0,0.088699996471405,453.0,0.0394000001251698,453.0,0.0555999986827374,330.0,0.0255999993532896,653.0,0.496899992227554,1572.0,0.883199989795685,1329.0,,,,,,,,,,,,,,,,,,,,,,,,
44755,RWA,Sub-Saharan Africa,Low income,Rwanda,DHS,2010,,1,Location & Wealth,,Urban,Quintile 1,,,,,,,0.231800004839897,0.0797000005841255,0.0581000000238419,0.282700002193451,0.068000003695488,0.0185000002384186,,0.165900006890297,0.488999992609024,0.070200003683567,0.145899996161461,0.585600018501282,65.0,53.0,52.0,185.0,185.0,164.0,82.0,82.0,82.0,195.0,81.0,55.0,,,,,0.112899996340275,154.0,,,,,0.0,79.0,0.0,79.0,0.0,56.0,0.0252000000327826,101.0,0.666800022125244,282.0,0.697300016880035,148.0,,,,,,,,,,,,,,,,,,,,,,,,
44756,RWA,Sub-Saharan Africa,Low income,Rwanda,DHS,2010,,1,Location & Wealth,,Urban,Quintile 2,,,,,,,,,,0.141299992799759,0.0,0.0,,,,0.0,,,,,,36.0,36.0,32.0,,,,36.0,,,,,,,,,,,,,,,,,,,,,0.652199983596802,62.0,,,,,,,,,,,,,,,,,,,,,,,,,,
44757,RWA,Sub-Saharan Africa,Low income,Rwanda,DHS,2010,,1,Location & Wealth,,Urban,Quintile 3,,,,,,,,,,0.326400011777878,0.088299997150898,0.0179999992251396,,0.243499994277954,0.535799980163574,0.0520000010728836,,,,,,64.0,64.0,60.0,32.0,32.0,32.0,42.0,,,,,,,0.0,31.0,,,,,0.0,31.0,0.0,31.0,,,,,0.552999973297119,68.0,0.78030002117157,45.0,,,,,,,,,,,,,,,,,,,,,,,,
44758,RWA,Sub-Saharan Africa,Low income,Rwanda,DHS,2010,,1,Location & Wealth,,Urban,Quintile 4,,,,,,,0.404399991035461,0.140599995851517,0.0656000003218651,0.38740000128746,0.089699998497963,0.0302000008523464,,0.141699999570847,0.422300010919571,0.0439000017940998,0.191799998283386,0.524200022220612,55.0,55.0,42.0,172.0,172.0,160.0,77.0,77.0,77.0,125.0,57.0,55.0,,,,,0.031199999153614,103.0,0.77700001001358,36.0,,,0.0118000004440546,86.0,0.0118000004440546,86.0,0.0,51.0,0.0,86.0,0.590900003910065,180.0,0.747099995613098,132.0,,,,,,,,,,,,,,,,,,,,,,,,
44759,RWA,Sub-Saharan Africa,Low income,Rwanda,DHS,2010,,1,Location & Wealth,,Urban,Quintile 5,,,,,,,0.594399988651276,0.392599999904633,0.314000010490417,0.6182000041008,0.363900005817413,0.283899992704391,,0.0586999990046024,0.168400004506111,0.0351000018417835,0.294699996709824,0.489499986171722,456.0,510.0,481.0,1637.0,1637.0,1591.0,847.0,847.0,847.0,815.0,325.0,471.0,,,,,0.023700000718236,660.0,0.838599979877472,467.0,0.858900010585785,351.0,0.121100001037121,771.0,0.0548000000417233,771.0,0.103100001811981,473.0,0.023700000718236,809.0,0.392800003290176,1135.0,0.923799991607666,1699.0,,,,,,,,,,,,,,,,,,,,,,,,
44760,RWA,Sub-Saharan Africa,Low income,Rwanda,DHS,2010,,1,Region,,,,East,,,,,,0.373499989509583,0.123499996960163,0.0582000017166138,0.345600008964539,0.0883999988436699,0.0500000007450581,,0.181700006127357,0.414799988269806,0.0824000015854836,0.195899993181229,0.551800012588501,855.0,705.0,674.0,2479.0,2479.0,2149.0,1134.0,1134.0,1134.0,2096.0,907.0,787.0,,,,,0.118699997663498,1672.0,0.682299971580505,452.0,0.688499987125397,131.0,0.0149999996647239,1009.0,0.003000000026077,1009.0,0.0082999998703599,695.0,0.0049999998882412,1218.0,0.633199989795685,3172.0,0.785799980163574,2027.0,,,,,,,,,,,,,,,,,,,,,,,,
44761,RWA,Sub-Saharan Africa,Low income,Rwanda,DHS,2010,,1,Region,,,,Kigali City,,,,,,0.542200028896332,0.344300001859665,0.296900004148483,0.579599976539612,0.340900003910065,0.247600004076958,,0.0741999968886375,0.195600003004074,0.0485000014305115,0.27250000834465,0.531199991703033,433.0,510.0,516.0,1655.0,1655.0,1688.0,898.0,898.0,898.0,842.0,322.0,451.0,,,,,0.0310999993234873,676.0,0.800700008869171,430.0,0.854300022125244,342.0,0.10360000282526,806.0,0.0542999990284443,806.0,0.0856999978423119,495.0,0.0219999998807907,828.0,0.428600013256073,1173.0,0.916700005531311,1694.0,,,,,,,,,,,,,,,,,,,,,,,,
44762,RWA,Sub-Saharan Africa,Low income,Rwanda,DHS,2010,,1,Region,,,,North,,,,,,0.450100004673004,0.165600001811981,0.0568999983370304,0.412800014019012,0.107199996709824,0.0575999990105629,,0.147900000214577,0.36489999294281,0.0447000004351139,0.178800001740456,0.58160001039505,559.0,503.0,460.0,1680.0,1680.0,1489.0,777.0,777.0,777.0,1604.0,727.0,478.0,,,,,0.0627999976277351,1273.0,0.633499979972839,330.0,0.724699974060059,100.0,0.0198999997228384,712.0,0.0077999997884035,712.0,0.0164000000804663,466.0,0.0010999999940395,829.0,0.558300018310547,2443.0,0.812699973583221,1424.0,,,,,,,,,,,,,,,,,,,,,,,,
44763,RWA,Sub-Saharan Africa,Low income,Rwanda,DHS,2010,,1,Region,,,,South,,,,,,0.371800005435944,0.118100002408028,0.068400003015995,0.357199996709824,0.0869000032544136,0.0487999990582466,,0.19539999961853,0.387499988079071,0.064800001680851,0.148100003600121,0.448100000619888,918.0,675.0,669.0,2480.0,2480.0,2168.0,1096.0,1096.0,1096.0,2347.0,1041.0,787.0,,,,,0.113399997353554,1874.0,0.714800000190735,435.0,0.751800000667572,155.0,0.0055999998003244,1101.0,0.0027000000700354,1101.0,0.0038999998942017,727.0,0.0048000002279877,1202.0,0.622399985790253,3616.0,0.767300009727478,2024.0,,,,,,,,,,,,,,,,,,,,,,,,
44764,RWA,Sub-Saharan Africa,Low income,Rwanda,DHS,2010,,1,Region,,,,West,,,,,,0.359100013971329,0.102200001478195,0.0939000025391579,0.313899993896484,0.0944000035524368,0.0666999965906143,,0.199799999594688,0.442499995231628,0.0780000016093254,0.172900006175041,0.493099987506866,880.0,711.0,698.0,2519.0,2519.0,2175.0,1145.0,1145.0,1145.0,2262.0,1006.0,758.0,,,,,0.098800003528595,1791.0,0.716400027275085,388.0,0.887799978256226,147.0,0.0208999998867512,1046.0,0.0065000001341104,1046.0,0.0115999998524785,671.0,0.0113000003620982,1174.0,0.642700016498566,3366.0,0.767300009727478,2099.0,,,,,,,,,,,,,,,,,,,,,,,,
44765,RWA,Sub-Saharan Africa,Low income,Rwanda,DHS,2010,,1,Religion,,,,,,Adventist,,,,0.391999989748001,0.141800001263618,0.0983999967575073,0.364499986171722,0.0993999987840652,0.0511000007390976,,0.160199999809265,0.386799991130829,0.0584999993443489,0.184000000357628,0.556299984455109,187.0,169.0,122.0,548.0,548.0,560.0,242.0,242.0,242.0,603.0,218.0,174.0,,,,,,,0.70880001783371,181.0,0.831399977207184,76.0,0.0195000004023314,523.0,0.0094999996945262,523.0,0.008899999782443,320.0,0.0102000003680587,450.0,1.0,194.0,0.829599976539612,1061.0,,,,,,,,,,,,,,,,,,,,,,,,
44766,RWA,Sub-Saharan Africa,Low income,Rwanda,DHS,2010,,1,Religion,,,,,,Catholic,,,,0.412800014019012,0.129600003361702,0.113399997353554,0.388599991798401,0.120099999010563,0.0844999998807907,,0.14640000462532,0.355100005865097,0.0597000010311604,0.155200004577637,0.484100013971329,757.0,669.0,621.0,2237.0,2237.0,1960.0,1028.0,1028.0,1028.0,2094.0,939.0,684.0,,,,,,,0.697399973869324,697.0,0.757600009441376,279.0,0.0272000003606081,1428.0,0.0115000000223517,1428.0,0.0136000001803041,995.0,0.0055999998003244,1702.0,1.0,809.0,0.817600011825562,4184.0,,,,,,,,,,,,,,,,,,,,,,,,
44767,RWA,Sub-Saharan Africa,Low income,Rwanda,DHS,2010,,1,Religion,,,,,,Muslim,,,,,,,0.577099978923798,0.266400009393692,0.09740000218153,,0.120200000703335,0.23819999396801,0.0694999992847443,,,,,,75.0,75.0,68.0,39.0,39.0,39.0,69.0,,,,,,,,,0.862299978733063,42.0,,,0.0892999991774559,60.0,0.0310999993234873,60.0,0.0086000002920627,43.0,0.0074000000022351,63.0,,,0.888700008392334,170.0,,,,,,,,,,,,,,,,,,,,,,,,
44768,RWA,Sub-Saharan Africa,Low income,Rwanda,DHS,2010,,1,Religion,,,,,,No Religion/None,,,,,,,0.23649999499321,0.0582000017166138,0.0753000006079674,,0.322499990463257,0.488000005483627,0.116599999368191,,,,,,65.0,65.0,75.0,32.0,32.0,32.0,80.0,,,,,,,,,,,,,,,,,,,,,,,,,,,,,,,,,,,,,,,,,,,,,,,,
44769,RWA,Sub-Saharan Africa,Low income,Rwanda,DHS,2010,,1,Religion,,,,,,Protestant,,,,0.370099991559982,0.13740000128746,0.0854000002145767,0.349999994039536,0.116899996995926,0.0852999985218048,,0.173299998044968,0.418199986219406,0.0807999968528748,0.192900002002716,0.539900004863739,643.0,509.0,502.0,1846.0,1846.0,1683.0,851.0,851.0,851.0,1648.0,692.0,589.0,,,,,,,0.718100011348724,588.0,0.754599988460541,248.0,0.0251000002026558,1438.0,0.0083999997004866,1438.0,0.0247000008821487,923.0,0.0076999999582767,1616.0,1.0,694.0,0.772599995136261,3843.0,,,,,,,,,,,,,,,,,,,,,,,,
44770,RWA,Sub-Saharan Africa,Low income,Rwanda,DHS,2010,,1,Sex,Female,,,,,,,,,0.408100008964539,0.143999993801117,0.0940999984741211,0.372000008821487,0.115800000727177,0.0737999975681305,,0.190699994564056,0.397399991750717,0.0606000013649464,0.17679999768734,0.538600027561188,1867.0,1588.0,1654.0,5686.0,5686.0,5195.0,2744.0,2744.0,2744.0,4602.0,2039.0,1669.0,,,,,0.0810000002384186,3658.0,0.70169997215271,1051.0,0.788999974727631,429.0,0.0233999993652105,2512.0,0.0115999998524785,2512.0,0.0137999998405576,1664.0,0.0049999998882412,2737.0,0.588900029659271,6920.0,0.800599992275238,6279.0,,,,,,,,,,,,,,,,,,,,,,,,
44771,RWA,Sub-Saharan Africa,Low income,Rwanda,DHS,2010,,1,Sex,Male,,,,,,,,,0.388700008392334,0.165299996733665,0.112800002098083,0.391099989414215,0.134700000286102,0.0952999964356422,,0.139799997210503,0.348699986934662,0.0731000006198883,0.182300001382828,0.485500007867813,1778.0,1516.0,1363.0,5127.0,5127.0,4474.0,2306.0,2306.0,2306.0,4549.0,1964.0,1592.0,,,,,0.109700001776218,3628.0,0.715499997138977,984.0,0.805899977684021,446.0,0.0331999994814396,2162.0,0.0125000001862645,2162.0,0.0272000003606081,1390.0,0.011400000192225,2514.0,0.619700014591217,6850.0,0.803099989891052,2989.0,,,,,,,,,,,,,,,,,,,,,,,,
44772,RWA,Sub-Saharan Africa,Low income,Rwanda,DHS,2010,,1,Region & Sex,Female,,,East,,,,,,0.367900013923645,0.143199995160103,0.0557000003755093,0.333499997854233,0.0885000005364418,0.0472000017762184,,0.198599994182587,0.437200009822845,0.0676999986171722,0.213300004601479,0.582799971103668,432.0,352.0,361.0,1284.0,1284.0,1157.0,611.0,611.0,611.0,1055.0,432.0,406.0,,,,,0.0987000018358231,830.0,0.691100001335144,238.0,0.657000005245209,69.0,0.0131000000983477,553.0,0.0040000001899898,553.0,0.002199999988079,376.0,0.0020999999251216,614.0,0.610899984836578,1567.0,0.793799996376038,1347.0,,,,,,,,,,,,,,,,,,,,,,,,
44773,RWA,Sub-Saharan Africa,Low income,Rwanda,DHS,2010,,1,Region & Sex,Female,,,Kigali City,,,,,,0.547699987888336,0.35589998960495,0.320899993181229,0.593699991703033,0.350499987602234,0.268299996852875,,0.0802000015974045,0.199599996209145,0.0513000003993511,0.326599985361099,0.549799978733063,254.0,265.0,279.0,897.0,897.0,826.0,470.0,470.0,470.0,393.0,187.0,255.0,,,,,0.0306000001728535,317.0,0.828100025653839,232.0,0.873099982738495,194.0,0.114600002765656,377.0,0.0659999996423721,377.0,0.0882000029087067,223.0,0.0140000004321337,450.0,0.40650001168251,552.0,0.911300003528595,1156.0,,,,,,,,,,,,,,,,,,,,,,,,
44774,RWA,Sub-Saharan Africa,Low income,Rwanda,DHS,2010,,1,Region & Sex,Female,,,North,,,,,,0.445100009441376,0.128800004720688,0.0542999990284443,0.387699991464615,0.0865999981760979,0.0450000017881393,,0.186800003051758,0.400099992752075,0.0399000011384487,0.166500002145767,0.605499982833862,286.0,255.0,249.0,878.0,878.0,830.0,419.0,419.0,419.0,819.0,375.0,250.0,,,,,0.0480000004172325,647.0,0.589800000190735,165.0,0.76230001449585,40.0,0.0052999998442828,414.0,0.0,414.0,0.0115000000223517,277.0,0.0,439.0,0.546599984169006,1269.0,0.794600009918213,959.0,,,,,,,,,,,,,,,,,,,,,,,,
44775,RWA,Sub-Saharan Africa,Low income,Rwanda,DHS,2010,,1,Region & Sex,Female,,,South,,,,,,0.392199993133545,0.118199996650219,0.0476000010967255,0.36599999666214,0.0785000026226044,0.0362000018358231,,0.212400004267693,0.388200014829636,0.0526000000536442,0.112800002098083,0.439500004053116,447.0,324.0,381.0,1270.0,1270.0,1176.0,612.0,612.0,612.0,1164.0,522.0,363.0,,,,,0.096900001168251,945.0,0.760399997234344,225.0,0.657999992370605,71.0,0.0032999999821186,583.0,0.001300000003539,583.0,0.0024000001139938,402.0,0.0070000002160668,590.0,0.600099980831146,1808.0,0.795300006866455,1385.0,,,,,,,,,,,,,,,,,,,,,,,,
44776,RWA,Sub-Saharan Africa,Low income,Rwanda,DHS,2010,,1,Region & Sex,Female,,,West,,,,,,0.373800009489059,0.061599999666214,0.066100001335144,0.286700010299683,0.0681999996304512,0.0472000017762184,,0.231800004839897,0.482600003480911,0.0824000015854836,0.171200007200241,0.53219997882843,448.0,392.0,384.0,1357.0,1357.0,1206.0,632.0,632.0,632.0,1171.0,523.0,395.0,,,,,0.0869999974966049,919.0,0.625800013542175,191.0,0.894200026988983,55.0,0.017400000244379,585.0,0.0083999997004866,585.0,0.0035000001080334,386.0,0.0044999998062849,644.0,0.636900007724762,1724.0,0.744899988174438,1432.0,,,,,,,,,,,,,,,,,,,,,,,,
44777,RWA,Sub-Saharan Africa,Low income,Rwanda,DHS,2010,,1,Region & Sex,Male,,,East,,,,,,0.379200011491776,0.103799998760223,0.0610000006854534,0.358500003814697,0.0882000029087067,0.0531999990344048,,0.161899998784065,0.388700008392334,0.09740000218153,0.18019999563694,0.519800007343292,423.0,353.0,313.0,1195.0,1195.0,992.0,523.0,523.0,523.0,1041.0,475.0,381.0,,,,,0.138300001621246,842.0,0.672999978065491,214.0,0.724200010299683,62.0,0.017400000244379,456.0,0.0019000000320375,456.0,0.0153999999165535,319.0,0.0080000003799796,604.0,0.654900014400482,1605.0,0.77810001373291,680.0,,,,,,,,,,,,,,,,,,,,,,,,
44778,RWA,Sub-Saharan Africa,Low income,Rwanda,DHS,2010,,1,Region & Sex,Male,,,Kigali City,,,,,,0.534600019454956,0.331699997186661,0.266499996185303,0.562300026416779,0.329199999570847,0.227500006556511,,0.0671999976038933,0.1908999979496,0.0461999997496605,0.203999996185303,0.505800008773804,179.0,245.0,237.0,758.0,758.0,862.0,428.0,428.0,428.0,449.0,135.0,196.0,,,,,0.0315999984741211,359.0,0.767700016498566,198.0,0.828800022602081,148.0,0.0939000025391579,429.0,0.0441000014543533,429.0,0.0837000012397766,272.0,0.031700000166893,378.0,0.447499990463257,621.0,0.922399997711182,538.0,,,,,,,,,,,,,,,,,,,,,,,,
44779,RWA,Sub-Saharan Africa,Low income,Rwanda,DHS,2010,,1,Region & Sex,Male,,,North,,,,,,0.455199986696243,0.202999994158745,0.0599999986588955,0.439900010824203,0.129399999976158,0.0733999982476234,,0.102899998426437,0.324200004339218,0.0496999993920326,0.19200000166893,0.556100010871887,273.0,248.0,211.0,802.0,802.0,659.0,358.0,358.0,358.0,785.0,352.0,228.0,,,,,0.0781000033020973,626.0,0.675999999046326,165.0,0.699899971485138,60.0,0.0401999987661839,298.0,0.0186999998986721,298.0,0.0236000008881092,189.0,0.0023000000510364,390.0,0.571099996566772,1174.0,0.830699980258942,465.0,,,,,,,,,,,,,,,,,,,,,,,,
44780,RWA,Sub-Saharan Africa,Low income,Rwanda,DHS,2010,,1,Region & Sex,Male,,,South,,,,,,0.352600008249283,0.117899999022484,0.0961999967694283,0.348100006580353,0.0957000032067299,0.063900001347065,,0.173500001430511,0.386599987745285,0.0768000036478043,0.183300003409386,0.45550000667572,471.0,351.0,288.0,1210.0,1210.0,992.0,484.0,484.0,484.0,1183.0,519.0,424.0,,,,,0.130300000309944,929.0,0.665799975395203,210.0,0.82889997959137,84.0,0.0081000002101063,518.0,0.0043999999761581,518.0,0.0059000002220273,325.0,0.0027999999001622,612.0,0.644699990749359,1808.0,0.737800002098083,639.0,,,,,,,,,,,,,,,,,,,,,,,,
44781,RWA,Sub-Saharan Africa,Low income,Rwanda,DHS,2010,,1,Region & Sex,Male,,,West,,,,,,0.34400001168251,0.152400001883507,0.1283999979496,0.345699995756149,0.125,0.0910999998450279,,0.159999996423721,0.392699986696243,0.0732999965548515,0.174899995326996,0.451099991798401,432.0,319.0,314.0,1162.0,1162.0,969.0,513.0,513.0,513.0,1091.0,483.0,363.0,,,,,0.111100003123283,872.0,0.80349999666214,197.0,0.88400000333786,92.0,0.0253999996930361,461.0,0.0041999998502433,461.0,0.0225000008940697,285.0,0.0197000000625849,530.0,0.648899972438812,1642.0,0.790700018405914,667.0,,,,,,,,,,,,,,,,,,,,,,,,
44782,RWA,Sub-Saharan Africa,Low income,Rwanda,DHS,2010,,1,Religion & Sex,Female,,,,,Adventist,,,,0.417100012302399,0.133000001311302,0.0807999968528748,0.36939999461174,0.0892999991774559,0.034400001168251,,0.145199999213219,0.362399995326996,0.0493000000715256,0.175600007176399,0.57889997959137,97.0,85.0,65.0,287.0,287.0,304.0,130.0,130.0,130.0,313.0,120.0,91.0,,,,,,,0.744799971580505,129.0,0.835200011730194,46.0,0.0115000000223517,369.0,0.0041999998502433,369.0,0.0154999997466803,236.0,0.0062000001780688,320.0,1.0,130.0,0.826300024986267,744.0,,,,,,,,,,,,,,,,,,,,,,,,
44783,RWA,Sub-Saharan Africa,Low income,Rwanda,DHS,2010,,1,Religion & Sex,Female,,,,,Catholic,,,,0.428400009870529,0.125400006771088,0.117899999022484,0.383899986743927,0.114200003445148,0.0825000032782555,,0.159700006246567,0.351599991321564,0.0571000017225742,0.165000006556511,0.493000000715256,396.0,345.0,365.0,1216.0,1216.0,1117.0,589.0,589.0,589.0,1042.0,477.0,354.0,,,,,,,0.694700002670288,436.0,0.794099986553192,181.0,0.0247000008821487,969.0,0.0157999992370605,969.0,0.009800000116229,708.0,0.0024000001139938,1113.0,1.0,495.0,0.826600015163422,2688.0,,,,,,,,,,,,,,,,,,,,,,,,
44784,RWA,Sub-Saharan Africa,Low income,Rwanda,DHS,2010,,1,Religion & Sex,Female,,,,,Muslim,,,,,,,0.560100018978119,0.207699999213219,0.106600001454353,,,,0.0553000010550022,,,,,,43.0,43.0,37.0,,,,37.0,,,,,,,,,,,,,0.103399999439716,37.0,0.0744000002741814,37.0,,,0.0175000000745058,40.0,,,0.945100009441376,105.0,,,,,,,,,,,,,,,,,,,,,,,,
44785,RWA,Sub-Saharan Africa,Low income,Rwanda,DHS,2010,,1,Religion & Sex,Female,,,,,No Religion/None,,,,,,,0.210199996829033,0.066200003027916,0.0255999993532896,,,,0.0740000009536743,,,,,,36.0,36.0,33.0,,,,42.0,,,,,,,,,,,,,,,,,,,,,,,,,,,,,,,,,,,,,,,,,,,,,,,,
44786,RWA,Sub-Saharan Africa,Low income,Rwanda,DHS,2010,,1,Religion & Sex,Female,,,,,Protestant,,,,0.371199995279312,0.0857999995350838,0.0778999999165535,0.338600009679794,0.10360000282526,0.0861999988555908,,0.193599998950958,0.444799989461899,0.0723000019788742,0.19030000269413,0.561600029468536,348.0,286.0,299.0,1051.0,1051.0,982.0,504.0,504.0,504.0,829.0,352.0,330.0,,,,,,,0.687900006771088,431.0,0.741599977016449,171.0,0.0203000009059906,1059.0,0.0081000002101063,1059.0,0.0140000004321337,668.0,0.0049999998882412,1179.0,1.0,478.0,0.763499975204468,2732.0,,,,,,,,,,,,,,,,,,,,,,,,
44787,RWA,Sub-Saharan Africa,Low income,Rwanda,DHS,2010,,1,Religion & Sex,Male,,,,,Adventist,,,,0.364800006151199,0.150299996137619,0.118299998342991,0.359200000762939,0.110299997031689,0.0705000013113022,,0.177499994635582,0.414600014686584,0.0687000006437302,0.194000005722046,0.530900001525879,90.0,84.0,57.0,261.0,261.0,256.0,112.0,112.0,112.0,290.0,98.0,83.0,,,,,,,0.672100007534027,52.0,0.828700006008148,30.0,0.0277999993413687,154.0,0.0149999996647239,154.0,0.0,84.0,0.0143999997526407,130.0,1.0,64.0,0.833199977874756,317.0,,,,,,,,,,,,,,,,,,,,,,,,
44788,RWA,Sub-Saharan Africa,Low income,Rwanda,DHS,2010,,1,Religion & Sex,Male,,,,,Catholic,,,,0.395999997854233,0.134100005030632,0.10700000077486,0.39410001039505,0.127100005745888,0.0872000008821487,,0.128499999642372,0.359899997711182,0.0621999986469746,0.145199999213219,0.474700003862381,361.0,324.0,256.0,1021.0,1021.0,843.0,439.0,439.0,439.0,1052.0,462.0,330.0,,,,,,,0.699500024318695,261.0,0.728500008583069,98.0,0.0296999998390675,459.0,0.0071999998763203,459.0,0.0179999992251396,287.0,0.0082000000402331,589.0,1.0,314.0,0.809700012207031,1496.0,,,,,,,,,,,,,,,,,,,,,,,,
44789,RWA,Sub-Saharan Africa,Low income,Rwanda,DHS,2010,,1,Religion & Sex,Male,,,,,Muslim,,,,,,,0.599200010299683,0.342799991369247,0.0869000032544136,,,,0.0864000022411346,,,,,,32.0,32.0,31.0,,,,32.0,,,,,,,,,,,,,,,,,,,,,,,0.84689998626709,65.0,,,,,,,,,,,,,,,,,,,,,,,,
44790,RWA,Sub-Saharan Africa,Low income,Rwanda,DHS,2010,,1,Religion & Sex,Male,,,,,No Religion/None,,,,,,,,,0.114500001072884,,,,0.161100000143051,,,,,,,,42.0,,,,38.0,,,,,,,,,,,,,,,,,,,,,,,,,,,,,,,,,,,,,,,,,,,,,,,,
44791,RWA,Sub-Saharan Africa,Low income,Rwanda,DHS,2010,,1,Religion & Sex,Male,,,,,Protestant,,,,0.368800014257431,0.204300001263618,0.0961000025272369,0.364699989557266,0.134299993515015,0.0838999971747398,,0.144299998879433,0.380100011825562,0.0894000008702278,0.195600003004074,0.513100028038025,295.0,223.0,203.0,795.0,795.0,701.0,347.0,347.0,347.0,819.0,340.0,259.0,,,,,,,0.754999995231628,157.0,0.766799986362457,77.0,0.031199999153614,379.0,0.0087000001221895,379.0,0.0375999994575977,255.0,0.0109000001102686,437.0,1.0,216.0,0.783399999141693,1111.0,,,,,,,,,,,,,,,,,,,,,,,,
44792,RWA,Sub-Saharan Africa,Low income,Rwanda,DHS,2010,,1,Sex & Wealth,Female,,Quintile 1,,,,,,,0.184200003743172,0.0357000008225441,0.0066999997943639,0.151800006628036,0.0176999997347593,0.0020999999251216,,0.370099991559982,0.611699998378754,0.108800001442432,0.185100004076958,0.68529999256134,303.0,258.0,304.0,969.0,969.0,979.0,492.0,492.0,492.0,944.0,384.0,252.0,,,,,0.145300000905991,764.0,0.508000016212463,78.0,,,0.0,493.0,0.0,493.0,0.0,337.0,0.0027000000700354,458.0,0.675800025463104,1321.0,0.602400004863739,952.0,,,,,,,,,,,,,,,,,,,,,,,,
44793,RWA,Sub-Saharan Africa,Low income,Rwanda,DHS,2010,,1,Sex & Wealth,Female,,Quintile 2,,,,,,,0.334500014781952,0.0599000006914139,0.0031999999191612,0.265599995851517,0.0361000001430511,0.0010000000474974,,0.282400012016296,0.520399987697601,0.0756999999284744,0.218899995088577,0.60180002450943,352.0,278.0,305.0,1022.0,1022.0,939.0,474.0,474.0,474.0,949.0,405.0,298.0,,,,,0.100100003182888,744.0,0.573300004005432,149.0,,,0.0,458.0,0.0,458.0,0.0,325.0,0.0,493.0,0.64300000667572,1405.0,0.721800029277802,1051.0,,,,,,,,,,,,,,,,,,,,,,,,
44794,RWA,Sub-Saharan Africa,Low income,Rwanda,DHS,2010,,1,Sex & Wealth,Female,,Quintile 3,,,,,,,0.385600000619888,0.0816000029444695,0.0258000008761883,0.30689999461174,0.0498000010848045,0.0094999996945262,,0.18359999358654,0.426499992609024,0.0427000001072884,0.151999995112419,0.575800001621246,359.0,307.0,322.0,1116.0,1116.0,1039.0,551.0,551.0,551.0,842.0,411.0,337.0,,,,,0.0781999975442886,678.0,0.584399998188019,164.0,0.547599971294403,38.0,0.0,532.0,0.0,532.0,0.0,308.0,0.0,521.0,0.620599985122681,1369.0,0.773100018501282,1122.0,,,,,,,,,,,,,,,,,,,,,,,,
44795,RWA,Sub-Saharan Africa,Low income,Rwanda,DHS,2010,,1,Sex & Wealth,Female,,Quintile 4,,,,,,,0.468800008296967,0.127900004386902,0.0491999983787537,0.42059999704361,0.088299997150898,0.0348999984562397,,0.114900000393391,0.323500007390976,0.0361000001430511,0.109999999403954,0.459300011396408,362.0,321.0,288.0,1071.0,1071.0,934.0,494.0,494.0,494.0,962.0,433.0,324.0,,,,,0.0509000010788441,747.0,0.707000017166138,225.0,0.704200029373169,59.0,0.0020999999251216,426.0,0.0020999999251216,426.0,0.0,317.0,0.0,532.0,0.575200021266937,1504.0,0.869000017642975,1149.0,,,,,,,,,,,,,,,,,,,,,,,,
44796,RWA,Sub-Saharan Africa,Low income,Rwanda,DHS,2010,,1,Sex & Wealth,Female,,Quintile 5,,,,,,,0.587700009346008,0.342599987983704,0.326900005340576,0.624300003051758,0.322100013494492,0.281899988651276,,0.0540000014007092,0.179299995303154,0.0361000001430511,0.225500002503395,0.435000002384186,491.0,424.0,435.0,1508.0,1508.0,1304.0,733.0,733.0,733.0,905.0,406.0,458.0,,,,,0.0243999995291233,725.0,0.835799992084503,435.0,0.870599985122681,301.0,0.103399999439716,603.0,0.0504000000655651,603.0,0.0662999972701073,377.0,0.0183000005781651,733.0,0.418799996376038,1321.0,0.924700021743774,2005.0,,,,,,,,,,,,,,,,,,,,,,,,
44797,RWA,Sub-Saharan Africa,Low income,Rwanda,DHS,2010,,1,Sex & Wealth,Male,,Quintile 1,,,,,,,0.204099997878075,0.0573999993503094,0.0198999997228384,0.193299993872643,0.0346999987959862,0.006000000052154,,0.263700008392334,0.557099997997284,0.131300002336502,0.221799999475479,0.552699983119965,288.0,205.0,211.0,779.0,779.0,684.0,340.0,340.0,340.0,894.0,345.0,242.0,,,,,0.204199999570847,694.0,0.66210001707077,73.0,,,0.0,343.0,0.0,343.0,0.0,212.0,0.0063999998383224,362.0,0.671400010585785,1231.0,0.618600010871887,367.0,,,,,,,,,,,,,,,,,,,,,,,,
44798,RWA,Sub-Saharan Africa,Low income,Rwanda,DHS,2010,,1,Sex & Wealth,Male,,Quintile 2,,,,,,,0.276100009679794,0.0540999993681908,0.0255999993532896,0.261700004339218,0.0417999997735023,0.0154999997466803,,0.210999995470047,0.479900002479553,0.0821999981999397,0.157499998807907,0.48539999127388,326.0,235.0,197.0,828.0,828.0,726.0,344.0,344.0,344.0,905.0,400.0,279.0,,,,,0.143299996852875,728.0,0.664600014686584,114.0,,,0.0,380.0,0.0,380.0,0.0,229.0,0.0,407.0,0.673900008201599,1392.0,0.76419997215271,433.0,,,,,,,,,,,,,,,,,,,,,,,,
44799,RWA,Sub-Saharan Africa,Low income,Rwanda,DHS,2010,,1,Sex & Wealth,Male,,Quintile 3,,,,,,,0.381000012159348,0.0771000012755394,0.0394000001251698,0.339100003242493,0.0665000006556511,0.0286999996751547,,0.124499998986721,0.397199988365173,0.0537000000476837,0.149599999189377,0.467200011014938,331.0,297.0,268.0,985.0,985.0,856.0,443.0,443.0,443.0,895.0,388.0,302.0,,,,,0.0935000032186508,713.0,0.59850001335144,161.0,0.784300029277802,46.0,0.0028999999631196,414.0,0.0,414.0,0.0,250.0,0.0062000001780688,485.0,0.642899990081787,1416.0,0.787299990653992,542.0,,,,,,,,,,,,,,,,,,,,,,,,
44800,RWA,Sub-Saharan Africa,Low income,Rwanda,DHS,2010,,1,Sex & Wealth,Male,,Quintile 4,,,,,,,0.44870001077652,0.18639999628067,0.0804999992251396,0.445199996232986,0.127499997615814,0.0718000009655952,,0.0993999987840652,0.279700011014938,0.0573999993503094,0.157800003886223,0.465299993753433,382.0,327.0,275.0,1069.0,1069.0,874.0,469.0,469.0,469.0,902.0,432.0,316.0,,,,,0.0693999975919724,725.0,0.702199995517731,234.0,0.791899979114532,93.0,0.0181000009179115,404.0,0.0024000001139938,404.0,0.003400000045076,273.0,0.0035999999381601,531.0,0.614600002765656,1425.0,0.82940000295639,624.0,,,,,,,,,,,,,,,,,,,,,,,,
44801,RWA,Sub-Saharan Africa,Low income,Rwanda,DHS,2010,,1,Sex & Wealth,Male,,Quintile 5,,,,,,,0.550300002098083,0.328900009393692,0.295199990272522,0.580900013446808,0.306699991226196,0.262899994850159,,0.0756999999284744,0.181999996304512,0.0417000018060207,0.229900002479553,0.476500004529953,451.0,452.0,412.0,1466.0,1466.0,1334.0,710.0,710.0,710.0,953.0,399.0,453.0,,,,,0.0428999997675419,768.0,0.801999986171722,402.0,0.830600023269653,273.0,0.111199997365475,621.0,0.0461000017821789,621.0,0.093800000846386,426.0,0.0309999994933605,729.0,0.496100008487701,1386.0,0.883499979972839,1023.0,,,,,,,,,,,,,,,,,,,,,,,,
44802,RWA,Sub-Saharan Africa,Low income,Rwanda,DHS,2010,,1,Region & Sex & Wealth,Female,,Quintile 1,East,,,,,,0.113499999046326,0.0694999992847443,0.0,0.0957999974489212,0.0199999995529652,0.0,,0.441199988126755,0.655900001525879,0.129899993538857,0.221399992704391,0.805800020694733,46.0,39.0,36.0,136.0,136.0,125.0,60.0,60.0,60.0,135.0,60.0,43.0,,,,,0.19140000641346,105.0,,,,,0.0,64.0,0.0,64.0,0.0,54.0,0.0,60.0,0.702300012111664,182.0,0.578299999237061,134.0,,,,,,,,,,,,,,,,,,,,,,,,
44803,RWA,Sub-Saharan Africa,Low income,Rwanda,DHS,2010,,1,Region & Sex & Wealth,Female,,Quintile 1,North,,,,,,0.206799998879433,0.0878999978303909,0.0,0.181099995970726,0.0403000004589558,0.0,,0.375499993562698,0.70959997177124,0.0641999989748001,0.250699996948242,0.820599973201752,49.0,38.0,37.0,140.0,140.0,146.0,65.0,65.0,65.0,140.0,63.0,39.0,,,,,0.0649000033736229,108.0,,,,,0.0,85.0,0.0,85.0,0.0,51.0,0.0,71.0,0.57039999961853,205.0,0.545000016689301,140.0,,,,,,,,,,,,,,,,,,,,,,,,
44804,RWA,Sub-Saharan Africa,Low income,Rwanda,DHS,2010,,1,Region & Sex & Wealth,Female,,Quintile 1,South,,,,,,0.205899998545647,0.032600000500679,0.0171000007539988,0.201100006699562,0.0211999993771315,0.0054999999701976,,0.338200002908707,0.535399973392487,0.0821999981999397,0.137999996542931,0.629800021648407,120.0,93.0,124.0,374.0,374.0,387.0,193.0,193.0,193.0,402.0,163.0,94.0,,,,,0.154699996113777,337.0,0.518100023269653,33.0,,,0.0,191.0,0.0,191.0,0.0,130.0,0.0074000000022351,176.0,0.692399978637695,576.0,0.669799983501434,381.0,,,,,,,,,,,,,,,,,,,,,,,,
44805,RWA,Sub-Saharan Africa,Low income,Rwanda,DHS,2010,,1,Region & Sex & Wealth,Female,,Quintile 1,West,,,,,,0.174500003457069,0.0,0.0,0.105400003492832,0.0028999999631196,0.0,,0.379400014877319,0.64709997177124,0.176499992609024,0.20160000026226,0.622699975967407,85.0,85.0,103.0,308.0,308.0,310.0,166.0,166.0,166.0,263.0,96.0,73.0,,,,,0.152199998497963,210.0,,,,,0.0,150.0,0.0,150.0,0.0,95.0,0.0,143.0,0.696699976921082,350.0,0.565400004386902,287.0,,,,,,,,,,,,,,,,,,,,,,,,
44806,RWA,Sub-Saharan Africa,Low income,Rwanda,DHS,2010,,1,Region & Sex & Wealth,Female,,Quintile 2,East,,,,,,0.223399996757507,0.0860999971628189,0.0,0.215100005269051,0.0375000014901161,0.0,,0.336299985647202,0.566100001335144,0.0988999977707863,0.234300002455711,0.670199990272522,72.0,60.0,61.0,207.0,207.0,177.0,94.0,94.0,94.0,201.0,78.0,65.0,,,,,0.130500003695488,165.0,,,,,0.0,76.0,0.0,76.0,0.0,67.0,0.0,105.0,0.690100014209747,285.0,0.707799971103668,216.0,,,,,,,,,,,,,,,,,,,,,,,,
44807,RWA,Sub-Saharan Africa,Low income,Rwanda,DHS,2010,,1,Region & Sex & Wealth,Female,,Quintile 2,North,,,,,,0.489800006151199,0.0674000009894371,0.0,0.345600008964539,0.0452999994158745,0.0,,0.277500003576279,0.49210000038147,0.0640000030398369,0.266600012779236,0.629000008106232,75.0,63.0,61.0,214.0,214.0,193.0,98.0,98.0,98.0,197.0,91.0,61.0,,,,,0.0697000026702881,154.0,0.568099975585938,41.0,,,0.0,89.0,0.0,89.0,0.0,66.0,0.0,110.0,0.610899984836578,292.0,0.744300007820129,227.0,,,,,,,,,,,,,,,,,,,,,,,,
44808,RWA,Sub-Saharan Africa,Low income,Rwanda,DHS,2010,,1,Region & Sex & Wealth,Female,,Quintile 2,South,,,,,,0.379200011491776,0.0935999974608421,0.0,0.310999989509583,0.049600001424551,0.0,,0.218999996781349,0.482400000095367,0.0271000005304813,0.117799997329712,0.426099985837936,87.0,57.0,85.0,256.0,256.0,246.0,128.0,128.0,128.0,252.0,103.0,74.0,,,,,0.0732000023126602,202.0,0.68639999628067,41.0,,,0.0,133.0,0.0,133.0,0.0,83.0,0.0,113.0,0.622699975967407,395.0,0.76120001077652,258.0,,,,,,,,,,,,,,,,,,,,,,,,
44809,RWA,Sub-Saharan Africa,Low income,Rwanda,DHS,2010,,1,Region & Sex & Wealth,Female,,Quintile 2,West,,,,,,0.279100000858307,0.0210999995470047,0.0103000001981854,0.218700006604195,0.0208000000566244,0.003000000026077,,0.305500000715256,0.549000024795532,0.10419999808073,0.2432000041008,0.650600016117096,117.0,96.0,95.0,339.0,339.0,316.0,151.0,151.0,151.0,287.0,129.0,96.0,,,,,0.123800002038479,215.0,0.393099993467331,38.0,,,0.0,159.0,0.0,159.0,0.0,104.0,0.0,163.0,0.657500028610229,418.0,0.685400009155273,342.0,,,,,,,,,,,,,,,,,,,,,,,,
44810,RWA,Sub-Saharan Africa,Low income,Rwanda,DHS,2010,,1,Region & Sex & Wealth,Female,,Quintile 3,East,,,,,,0.366499990224838,0.112099997699261,0.0333000011742115,0.295300006866455,0.0599000006914139,0.013399999588728,,0.197500005364418,0.457399994134903,0.0487999990582466,0.218500003218651,0.649999976158142,93.0,70.0,97.0,298.0,298.0,300.0,154.0,154.0,154.0,195.0,85.0,89.0,,,,,0.100900001823902,157.0,0.592499971389771,47.0,,,0.0,154.0,0.0,154.0,0.0,85.0,0.0,130.0,0.67059999704361,307.0,0.759700000286102,287.0,,,,,,,,,,,,,,,,,,,,,,,,
44811,RWA,Sub-Saharan Africa,Low income,Rwanda,DHS,2010,,1,Region & Sex & Wealth,Female,,Quintile 3,Kigali City,,,,,,,,,,,0.0614000000059605,,,,,,,,,,,,32.0,,,,,,,,,,,,,,,,,,,,,,,,,0.590900003910065,36.0,,,,,,,,,,,,,,,,,,,,,,,,,,
44812,RWA,Sub-Saharan Africa,Low income,Rwanda,DHS,2010,,1,Region & Sex & Wealth,Female,,Quintile 3,North,,,,,,0.381000012159348,0.0834999978542328,0.0260000005364418,0.322899997234344,0.0423999987542629,0.0086000002920627,,0.173099994659424,0.421200007200241,0.0267999991774559,0.143399998545647,0.634700000286102,69.0,66.0,77.0,239.0,239.0,232.0,123.0,123.0,123.0,190.0,86.0,69.0,,,,,0.0531000010669231,150.0,0.406399995088577,33.0,,,0.0,116.0,0.0,116.0,0.0,67.0,0.0,115.0,0.534699976444244,311.0,0.811200022697449,248.0,,,,,,,,,,,,,,,,,,,,,,,,
44813,RWA,Sub-Saharan Africa,Low income,Rwanda,DHS,2010,,1,Region & Sex & Wealth,Female,,Quintile 3,South,,,,,,0.399800002574921,0.121799997985363,0.0138999996706843,0.338899999856949,0.070200003683567,0.0081000002101063,,0.17339999973774,0.365000009536743,0.0595000013709068,0.110200002789497,0.462700009346008,94.0,65.0,70.0,257.0,257.0,225.0,122.0,122.0,122.0,199.0,113.0,78.0,,,,,0.0775000005960464,159.0,0.777199983596802,42.0,,,0.0,118.0,0.0,118.0,0.0,70.0,0.0,116.0,0.597899973392487,332.0,0.810000002384186,271.0,,,,,,,,,,,,,,,,,,,,,,,,
44814,RWA,Sub-Saharan Africa,Low income,Rwanda,DHS,2010,,1,Region & Sex & Wealth,Female,,Quintile 3,West,,,,,,0.401100009679794,0.0313999988138676,0.0,0.268599987030029,0.0234999991953373,0.0,,0.19149999320507,0.458499997854233,0.0408000014722347,0.13230000436306,0.563399970531464,95.0,95.0,73.0,293.0,293.0,250.0,137.0,137.0,137.0,231.0,120.0,94.0,,,,,0.0832000002264977,188.0,0.514999985694885,37.0,,,0.0,125.0,0.0,125.0,0.0,78.0,0.0,145.0,0.671000003814697,383.0,0.723800003528595,293.0,,,,,,,,,,,,,,,,,,,,,,,,
44815,RWA,Sub-Saharan Africa,Low income,Rwanda,DHS,2010,,1,Region & Sex & Wealth,Female,,Quintile 4,East,,,,,,0.419600009918213,0.149800002574921,0.0428999997675419,0.366499990224838,0.0839999988675117,0.032600000500679,,0.129700005054474,0.393400013446808,0.0540000014007092,0.13680000603199,0.520799994468689,137.0,126.0,117.0,421.0,421.0,371.0,207.0,207.0,207.0,342.0,137.0,130.0,,,,,0.0763000026345253,260.0,0.72979998588562,83.0,,,0.0054999999701976,158.0,0.0054999999701976,158.0,0.0,113.0,0.0,217.0,0.567600011825562,526.0,0.85479998588562,424.0,,,,,,,,,,,,,,,,,,,,,,,,
44816,RWA,Sub-Saharan Africa,Low income,Rwanda,DHS,2010,,1,Region & Sex & Wealth,Female,,Quintile 4,Kigali City,,,,,,,,,0.342099994421005,0.122500002384186,0.0425999984145164,,,,,,,,,,54.0,54.0,49.0,,,,,,,,,,,,,,,,,,,,,,,,,0.734099984169006,41.0,0.843299984931946,53.0,,,,,,,,,,,,,,,,,,,,,,,,
44817,RWA,Sub-Saharan Africa,Low income,Rwanda,DHS,2010,,1,Region & Sex & Wealth,Female,,Quintile 4,North,,,,,,0.565400004386902,0.184400007128716,0.0463000014424324,0.503499984741211,0.116800002753735,0.0584999993443489,,0.0529999993741512,0.192699998617172,0.0220999997109175,0.115000002086163,0.537199974060059,58.0,55.0,44.0,171.0,171.0,158.0,76.0,76.0,76.0,191.0,90.0,50.0,,,,,0.0308999996632338,154.0,0.553900003433228,40.0,,,0.0,81.0,0.0,81.0,0.0,53.0,0.0,89.0,0.549399971961975,300.0,0.886799991130829,192.0,,,,,,,,,,,,,,,,,,,,,,,,
44818,RWA,Sub-Saharan Africa,Low income,Rwanda,DHS,2010,,1,Region & Sex & Wealth,Female,,Quintile 4,South,,,,,,0.501800000667572,0.0568999983370304,0.0342999994754791,0.516099989414215,0.0873000025749207,0.0217000003904104,,0.10980000346899,0.198599994182587,0.0263999998569489,0.0377000011503696,0.254299998283386,74.0,53.0,56.0,199.0,199.0,177.0,92.0,92.0,92.0,174.0,85.0,59.0,,,,,0.0463000014424324,135.0,0.861999988555908,47.0,,,0.0,80.0,0.0,80.0,0.0,64.0,0.0,91.0,0.500400006771088,298.0,0.89190000295639,225.0,,,,,,,,,,,,,,,,,,,,,,,,
44819,RWA,Sub-Saharan Africa,Low income,Rwanda,DHS,2010,,1,Region & Sex & Wealth,Female,,Quintile 4,West,,,,,,0.474200010299683,0.0967999994754791,0.0577999986708164,0.400099992752075,0.068400003015995,0.0295000001788139,,0.11089999973774,0.381599992513657,0.0255999993532896,0.126399993896484,0.453900009393692,79.0,70.0,56.0,226.0,226.0,179.0,92.0,92.0,92.0,229.0,103.0,69.0,,,,,0.0283000003546476,177.0,0.667100012302399,50.0,,,0.0,83.0,0.0,83.0,0.0,68.0,0.0,110.0,0.651899993419647,339.0,0.866100013256073,255.0,,,,,,,,,,,,,,,,,,,,,,,,
44820,RWA,Sub-Saharan Africa,Low income,Rwanda,DHS,2010,,1,Region & Sex & Wealth,Female,,Quintile 5,East,,,,,,0.556800007820129,0.278299987316132,0.252600014209747,0.590200006961823,0.230900004506111,0.213799998164177,,0.0500000007450581,0.220500007271767,0.0304000005125999,0.316700011491776,0.40599998831749,84.0,57.0,50.0,222.0,222.0,184.0,96.0,96.0,96.0,182.0,72.0,79.0,,,,,0.0288999993354082,143.0,0.753400027751923,69.0,,,0.062899999320507,101.0,0.013399999588728,101.0,0.014299999922514,57.0,0.0126000000163913,102.0,0.479400008916855,267.0,0.910000026226044,286.0,,,,,,,,,,,,,,,,,,,,,,,,
44821,RWA,Sub-Saharan Africa,Low income,Rwanda,DHS,2010,,1,Region & Sex & Wealth,Female,,Quintile 5,Kigali City,,,,,,0.580999970436096,0.400700002908707,0.343800008296967,0.632099986076355,0.389800012111664,0.307000011205673,,0.0644999966025352,0.179499998688698,0.048700001090765,0.343699991703033,0.541100025177002,228.0,232.0,252.0,797.0,797.0,727.0,417.0,417.0,417.0,324.0,156.0,227.0,,,,,0.0230999998748302,260.0,0.847199976444244,220.0,0.867299973964691,187.0,0.13459999859333,330.0,0.0775000005960464,330.0,0.112300001084805,184.0,0.0160000007599592,400.0,0.341500014066696,452.0,0.925000011920929,1062.0,,,,,,,,,,,,,,,,,,,,,,,,
44822,RWA,Sub-Saharan Africa,Low income,Rwanda,DHS,2010,,1,Region & Sex & Wealth,Female,,Quintile 5,North,,,,,,0.62830001115799,0.27700001001358,0.308800011873245,0.670899987220764,0.258700013160706,0.243000000715256,,0.0357000008225441,0.139300003647804,0.0186000000685453,0.0,0.326999992132187,35.0,33.0,30.0,114.0,114.0,101.0,57.0,57.0,57.0,101.0,45.0,31.0,,,,,0.0098999999463558,81.0,0.842599987983704,35.0,,,0.0467999987304211,43.0,0.0,43.0,0.0753000006079674,40.0,0.0,54.0,0.423700004816055,161.0,0.953100025653839,152.0,,,,,,,,,,,,,,,,,,,,,,,,
44823,RWA,Sub-Saharan Africa,Low income,Rwanda,DHS,2010,,1,Region & Sex & Wealth,Female,,Quintile 5,South,,,,,,0.604600012302399,0.335599988698959,0.292800009250641,0.661300003528595,0.23989999294281,0.249200001358986,,0.0678000003099442,0.121500000357628,0.0359999984502792,0.144899994134903,0.297500014305115,72.0,56.0,46.0,184.0,184.0,141.0,77.0,77.0,77.0,137.0,58.0,58.0,,,,,0.0535000003874302,112.0,0.858500003814697,62.0,0.815699994564056,35.0,0.0318999998271465,61.0,0.0124000003561378,61.0,0.0181000009179115,55.0,0.0293000005185604,94.0,0.445100009441376,207.0,0.926999986171722,250.0,,,,,,,,,,,,,,,,,,,,,,,,
44824,RWA,Sub-Saharan Africa,Low income,Rwanda,DHS,2010,,1,Region & Sex & Wealth,Female,,Quintile 5,West,,,,,,0.603299975395203,0.257400006055832,0.364300012588501,0.578499972820282,0.315499991178513,0.324299991130829,,0.0209999997168779,0.207300007343292,0.0308999996632338,0.137600004673004,0.289200007915497,72.0,46.0,57.0,191.0,191.0,151.0,86.0,86.0,86.0,161.0,75.0,63.0,,,,,0.0065999999642372,129.0,0.877900004386902,49.0,0.915000021457672,35.0,0.142199993133545,68.0,0.0688999965786934,68.0,0.031700000166893,41.0,0.0342000015079975,83.0,0.438899993896484,234.0,0.920799970626831,255.0,,,,,,,,,,,,,,,,,,,,,,,,
44825,RWA,Sub-Saharan Africa,Low income,Rwanda,DHS,2010,,1,Region & Sex & Wealth,Male,,Quintile 1,East,,,,,,0.136199995875359,0.0891000032424927,0.0,0.165199995040894,0.0559000000357628,0.0,,0.266400009393692,0.603299975395203,0.237399995326996,0.215200006961823,0.552799999713898,46.0,31.0,30.0,124.0,124.0,104.0,55.0,55.0,55.0,129.0,46.0,45.0,,,,,0.262100011110306,101.0,,,,,0.0,48.0,0.0,48.0,0.0,37.0,0.0,62.0,0.731299996376038,159.0,0.673099994659424,54.0,,,,,,,,,,,,,,,,,,,,,,,,
44826,RWA,Sub-Saharan Africa,Low income,Rwanda,DHS,2010,,1,Region & Sex & Wealth,Male,,Quintile 1,North,,,,,,0.306400001049042,0.0551999993622303,0.0285999998450279,0.255499988794327,0.0232999995350838,0.0096000004559755,,0.24609999358654,0.564800024032593,0.0785999968647957,0.241799995303154,,39.0,30.0,36.0,116.0,116.0,106.0,54.0,54.0,54.0,156.0,48.0,,,,,,0.143099993467331,121.0,,,,,0.0,47.0,0.0,47.0,,,0.0,51.0,0.604300022125244,201.0,0.629499971866608,51.0,,,,,,,,,,,,,,,,,,,,,,,,
44827,RWA,Sub-Saharan Africa,Low income,Rwanda,DHS,2010,,1,Region & Sex & Wealth,Male,,Quintile 1,South,,,,,,0.179800003767014,0.0355999991297722,0.013399999588728,0.185000002384186,0.0337000004947186,0.0038999998942017,,0.321000009775162,0.494199991226196,0.118000000715256,0.151199996471405,0.568599998950958,120.0,86.0,79.0,310.0,310.0,267.0,123.0,123.0,123.0,372.0,143.0,101.0,,,,,0.208100005984306,289.0,,,,,0.0,143.0,0.0,143.0,0.0,85.0,0.0087000001221895,153.0,0.678699970245361,531.0,0.597199976444244,146.0,,,,,,,,,,,,,,,,,,,,,,,,
44828,RWA,Sub-Saharan Africa,Low income,Rwanda,DHS,2010,,1,Region & Sex & Wealth,Male,,Quintile 1,West,,,,,,0.229900002479553,0.0750000029802322,0.0315999984741211,0.187600001692772,0.0313999988138676,0.0102000003680587,,0.214000001549721,0.601300001144409,0.120200000703335,0.288399994373322,0.451499998569489,81.0,54.0,65.0,221.0,221.0,199.0,104.0,104.0,104.0,228.0,106.0,65.0,,,,,0.202900007367134,176.0,,,,,0.0,100.0,0.0,100.0,0.0,60.0,0.0113000003620982,91.0,0.678900003433228,333.0,0.620500028133392,112.0,,,,,,,,,,,,,,,,,,,,,,,,
44829,RWA,Sub-Saharan Africa,Low income,Rwanda,DHS,2010,,1,Region & Sex & Wealth,Male,,Quintile 2,East,,,,,,0.282000005245209,0.058899998664856,0.0,0.279199987649918,0.0375999994575977,0.0,,0.261599987745285,0.554499983787537,0.13060000538826,0.174799993634224,0.473800003528595,63.0,48.0,37.0,163.0,163.0,147.0,70.0,70.0,70.0,162.0,80.0,50.0,,,,,0.259299993515015,135.0,,,,,0.0,77.0,0.0,77.0,0.0,54.0,0.0,81.0,0.714600026607513,251.0,0.786899983882904,90.0,,,,,,,,,,,,,,,,,,,,,,,,
44830,RWA,Sub-Saharan Africa,Low income,Rwanda,DHS,2010,,1,Region & Sex & Wealth,Male,,Quintile 2,North,,,,,,0.369199991226196,0.0588000006973743,0.0254999995231628,0.321599990129471,0.0564999990165234,0.0082000000402331,,0.138699993491173,0.433699995279312,0.060199998319149,0.199699997901917,0.5939000248909,56.0,47.0,38.0,153.0,153.0,120.0,64.0,64.0,64.0,184.0,77.0,44.0,,,,,0.086499996483326,145.0,,,,,0.0,57.0,0.0,57.0,0.0,35.0,0.0,78.0,0.582499980926514,270.0,0.837800025939941,69.0,,,,,,,,,,,,,,,,,,,,,,,,
44831,RWA,Sub-Saharan Africa,Low income,Rwanda,DHS,2010,,1,Region & Sex & Wealth,Male,,Quintile 2,South,,,,,,0.271100014448166,0.0637999996542931,0.0480999983847141,0.254900008440018,0.0423999987542629,0.0281000006943941,,0.223499998450279,0.483200013637543,0.065700002014637,0.158399999141693,0.414799988269806,101.0,78.0,49.0,248.0,248.0,202.0,89.0,89.0,89.0,260.0,123.0,99.0,,,,,0.130700007081032,206.0,0.613699972629547,36.0,,,0.0,114.0,0.0,114.0,0.0,68.0,0.0,128.0,0.672900021076202,431.0,0.736800014972687,137.0,,,,,,,,,,,,,,,,,,,,,,,,
44832,RWA,Sub-Saharan Africa,Low income,Rwanda,DHS,2010,,1,Region & Sex & Wealth,Male,,Quintile 2,West,,,,,,0.238399997353554,0.0362999998033047,0.0260000005364418,0.221100002527237,0.0324999988079071,0.0196000002324581,,0.20270000398159,0.458700001239777,0.088699996471405,0.127499997615814,0.551500022411346,99.0,61.0,70.0,252.0,252.0,250.0,116.0,116.0,116.0,286.0,111.0,82.0,,,,,0.122000001370907,232.0,,,,,0.0,129.0,0.0,129.0,0.0,71.0,0.0,116.0,0.707000017166138,418.0,0.727699995040894,132.0,,,,,,,,,,,,,,,,,,,,,,,,
44833,RWA,Sub-Saharan Africa,Low income,Rwanda,DHS,2010,,1,Region & Sex & Wealth,Male,,Quintile 3,East,,,,,,0.327199995517731,0.0357999987900257,0.0249000005424023,0.303900003433228,0.0362000018358231,0.0120000001043081,,0.170499995350838,0.419999986886978,0.0579000003635883,0.124200001358986,0.585200011730194,93.0,83.0,74.0,276.0,276.0,241.0,120.0,120.0,120.0,216.0,99.0,85.0,,,,,0.115099996328354,177.0,0.451799988746643,33.0,,,0.0,118.0,0.0,118.0,0.0,73.0,0.0078999996185302,132.0,0.674600005149841,360.0,0.708899974822998,140.0,,,,,,,,,,,,,,,,,,,,,,,,
44834,RWA,Sub-Saharan Africa,Low income,Rwanda,DHS,2010,,1,Region & Sex & Wealth,Male,,Quintile 3,North,,,,,,0.532000005245209,0.100699998438358,0.0307000000029802,0.439999997615814,0.0688999965786934,0.0386999994516373,,0.0428000018000603,0.335999995470047,0.0390999987721443,0.165000006556511,0.50110000371933,64.0,62.0,59.0,202.0,202.0,181.0,95.0,95.0,95.0,199.0,84.0,56.0,,,,,0.0593999996781349,162.0,0.585799992084503,39.0,,,0.0148000000044703,82.0,0.0,82.0,0.0,54.0,0.0089999996125698,101.0,0.576499998569489,310.0,0.834299981594086,124.0,,,,,,,,,,,,,,,,,,,,,,,,
44835,RWA,Sub-Saharan Africa,Low income,Rwanda,DHS,2010,,1,Region & Sex & Wealth,Male,,Quintile 3,South,,,,,,0.418199986219406,0.0766000002622604,0.0493000000715256,0.343600004911423,0.0653000026941299,0.0324999988079071,,0.117299996316433,0.40310001373291,0.0582000017166138,0.141000002622604,0.361600011587143,78.0,63.0,60.0,219.0,219.0,195.0,96.0,96.0,96.0,218.0,88.0,81.0,,,,,0.0863000005483627,165.0,0.628000020980835,41.0,,,0.0,98.0,0.0,98.0,0.0,70.0,0.0,121.0,0.647000014781952,340.0,0.758300006389618,116.0,,,,,,,,,,,,,,,,,,,,,,,,
44836,RWA,Sub-Saharan Africa,Low income,Rwanda,DHS,2010,,1,Region & Sex & Wealth,Male,,Quintile 3,West,,,,,,0.306100010871887,0.106200002133846,0.0449000000953674,0.31470000743866,0.100500002503395,0.035300001502037,,0.150099992752075,0.402900010347366,0.0507000014185905,0.166800007224083,0.419699996709824,89.0,84.0,67.0,265.0,265.0,210.0,117.0,117.0,117.0,240.0,105.0,75.0,,,,,0.108300000429153,193.0,0.726700007915497,46.0,,,0.0,102.0,0.0,102.0,0.0,50.0,0.0086000002920627,121.0,0.663299977779388,370.0,0.831399977207184,148.0,,,,,,,,,,,,,,,,,,,,,,,,
44837,RWA,Sub-Saharan Africa,Low income,Rwanda,DHS,2010,,1,Region & Sex & Wealth,Male,,Quintile 4,East,,,,,,0.430299997329712,0.115699999034405,0.0702999979257584,0.407099992036819,0.0967999994754791,0.0595999993383884,,0.120300002396107,0.302799999713898,0.068000003695488,0.150399997830391,0.517599999904633,134.0,116.0,113.0,389.0,389.0,328.0,177.0,177.0,177.0,319.0,160.0,110.0,,,,,0.0854000002145767,254.0,0.594900012016296,74.0,,,0.0125000001862645,141.0,0.0,141.0,0.0,101.0,0.0089999996125698,206.0,0.635999977588654,528.0,0.828100025653839,219.0,,,,,,,,,,,,,,,,,,,,,,,,
44838,RWA,Sub-Saharan Africa,Low income,Rwanda,DHS,2010,,1,Region & Sex & Wealth,Male,,Quintile 4,Kigali City,,,,,,,,,0.499900013208389,0.188199996948242,0.0575999990105629,,,,0.0549000017344952,,,,,,46.0,46.0,51.0,,,,42.0,,,,,,,0.0242999996989965,33.0,,,,,,,,,,,,,0.493699997663498,56.0,,,,,,,,,,,,,,,,,,,,,,,,,,
44839,RWA,Sub-Saharan Africa,Low income,Rwanda,DHS,2010,,1,Region & Sex & Wealth,Male,,Quintile 4,North,,,,,,0.449099987745285,0.23309999704361,0.022299999371171,0.49779999256134,0.138999998569489,0.0666999965906143,,0.0520000010728836,0.209800004959106,0.0315999984741211,0.200499996542931,0.469500005245209,72.0,71.0,47.0,207.0,207.0,164.0,90.0,90.0,90.0,162.0,91.0,60.0,,,,,0.0476999990642071,131.0,0.711099982261658,52.0,,,0.0243999995291233,78.0,0.0,78.0,0.0,42.0,0.0,101.0,0.557200014591217,260.0,0.824699997901917,124.0,,,,,,,,,,,,,,,,,,,,,,,,
44840,RWA,Sub-Saharan Africa,Low income,Rwanda,DHS,2010,,1,Region & Sex & Wealth,Male,,Quintile 4,South,,,,,,0.49779999256134,0.219500005245209,0.0718000009655952,0.471599996089935,0.126900002360344,0.0741000026464462,,0.0838000029325485,0.309500008821487,0.0649999976158142,0.219400003552437,0.440699994564056,83.0,61.0,49.0,217.0,217.0,171.0,93.0,93.0,93.0,185.0,91.0,65.0,,,,,0.097900003194809,156.0,0.757700026035309,48.0,,,0.0218000002205372,89.0,0.011400000192225,89.0,0.0,55.0,0.0,96.0,0.648100018501282,281.0,0.806299984455109,120.0,,,,,,,,,,,,,,,,,,,,,,,,
44841,RWA,Sub-Saharan Africa,Low income,Rwanda,DHS,2010,,1,Region & Sex & Wealth,Male,,Quintile 4,West,,,,,,0.41729998588562,0.238900005817413,0.156599998474121,0.427899986505508,0.161699995398521,0.104500003159046,,0.107500001788139,0.274399995803833,0.0557000003755093,0.0762000009417534,0.402799993753433,82.0,63.0,51.0,210.0,210.0,160.0,83.0,83.0,83.0,194.0,80.0,71.0,,,,,0.045499999076128,151.0,0.81470000743866,48.0,,,0.023700000718236,73.0,0.0,73.0,0.0156999994069338,58.0,0.0,105.0,0.623199999332428,300.0,0.848200023174286,139.0,,,,,,,,,,,,,,,,,,,,,,,,
44842,RWA,Sub-Saharan Africa,Low income,Rwanda,DHS,2010,,1,Region & Sex & Wealth,Male,,Quintile 5,East,,,,,,0.552100002765656,0.192499995231628,0.162200003862381,0.493800014257431,0.184200003743172,0.177799999713898,,0.096500001847744,0.266400009393692,0.0687000006437302,0.276300013065338,0.472299993038177,87.0,75.0,59.0,243.0,243.0,172.0,101.0,101.0,101.0,215.0,90.0,91.0,,,,,0.0718000009655952,175.0,0.826799988746643,67.0,,,0.0851999968290329,72.0,0.0118000004440546,72.0,0.0892999991774559,54.0,0.0154999997466803,123.0,0.576600015163422,307.0,0.798900008201599,177.0,,,,,,,,,,,,,,,,,,,,,,,,
44843,RWA,Sub-Saharan Africa,Low income,Rwanda,DHS,2010,,1,Region & Sex & Wealth,Male,,Quintile 5,Kigali City,,,,,,0.578999996185303,0.365000009536743,0.294099986553192,0.600000023841858,0.364300012588501,0.257200002670288,,0.0522000007331371,0.158500000834465,0.032200001180172,0.196999996900558,0.504899978637695,152.0,219.0,210.0,669.0,669.0,767.0,378.0,378.0,378.0,363.0,102.0,175.0,,,,,0.0198999997228384,293.0,0.788100004196167,182.0,0.835099995136261,139.0,0.107699997723103,384.0,0.0505999997258186,384.0,0.0939000025391579,249.0,0.0366000011563301,336.0,0.410699993371964,500.0,0.926599979400635,493.0,,,,,,,,,,,,,,,,,,,,,,,,
44844,RWA,Sub-Saharan Africa,Low income,Rwanda,DHS,2010,,1,Region & Sex & Wealth,Male,,Quintile 5,North,,,,,,0.600499987602234,0.586000025272369,0.244000002741814,0.651300013065338,0.390100002288818,0.30799999833107,,0.11089999973774,0.146500006318092,0.0324999988079071,0.161500006914139,0.519999980926514,42.0,38.0,31.0,124.0,124.0,88.0,55.0,55.0,55.0,84.0,52.0,39.0,,,,,0.0452000014483929,67.0,0.812600016593933,41.0,,,0.24779999256134,34.0,0.156200006604195,34.0,0.137199997901917,30.0,0.0,59.0,0.513999998569489,133.0,0.928200006484985,97.0,,,,,,,,,,,,,,,,,,,,,,,,
44845,RWA,Sub-Saharan Africa,Low income,Rwanda,DHS,2010,,1,Region & Sex & Wealth,Male,,Quintile 5,South,,,,,,0.488999992609024,0.24099999666214,0.358300000429153,0.572200000286102,0.24770000576973,0.245100006461143,,0.066200003027916,0.187099993228912,0.0328000001609325,0.288399994373322,0.473399996757507,89.0,63.0,51.0,216.0,216.0,157.0,83.0,83.0,83.0,148.0,74.0,78.0,,,,,0.0379999987781048,113.0,0.726300001144409,59.0,0.814199984073639,38.0,0.0304000005125999,74.0,0.017000000923872,74.0,0.0419999994337559,47.0,0.0032999999821186,114.0,0.504999995231628,225.0,0.822499990463257,120.0,,,,,,,,,,,,,,,,,,,,,,,,
44846,RWA,Sub-Saharan Africa,Low income,Rwanda,DHS,2010,,1,Region & Sex & Wealth,Male,,Quintile 5,West,,,,,,0.541299998760223,0.319099992513657,0.399599999189377,0.601400017738342,0.3158999979496,0.367700010538101,,0.108199998736382,0.179000005125999,0.0318000018596649,0.195800006389618,0.420800000429153,81.0,57.0,61.0,214.0,214.0,150.0,93.0,93.0,93.0,143.0,81.0,70.0,,,,,0.0456999987363815,120.0,0.873199999332428,53.0,0.894400000572205,46.0,0.169200003147125,57.0,0.032600000500679,57.0,0.113799996674061,46.0,0.0842999964952469,97.0,0.512099981307983,221.0,0.888100028038025,136.0,,,,,,,,,,,,,,,,,,,,,,,,
44847,RWA,Sub-Saharan Africa,Low income,Rwanda,DHS,2010,,1,Total,,,,,,,,,,0.39860001206398,0.154400005936623,0.10249999910593,0.381099998950958,0.124799996614456,0.0837000012397766,,0.167600005865097,0.375299990177155,0.0667999982833862,0.179499998688698,0.512600004673004,3645.0,3104.0,3017.0,10813.0,10813.0,9669.0,5050.0,5050.0,5050.0,9151.0,4003.0,3261.0,,,,,0.0952999964356422,7286.0,0.708400011062622,2035.0,0.797699987888336,875.0,0.0278999991714954,4674.0,0.0120000001043081,4674.0,0.0198999997228384,3054.0,0.0080000003799796,5251.0,0.604200005531311,13770.0,0.801900029182434,9268.0,,,,,,,,,,,,,,,,,,,,,,,,
44848,RWA,Sub-Saharan Africa,Low income,Rwanda,DHS,2010,,1,Wealth,,,Quintile 1,,,,,,,0.193900004029274,0.0452999994158745,0.0120000001043081,0.170200005173683,0.0252999998629093,0.0037000000011175,,0.326900005340576,0.58950001001358,0.119800001382828,0.20270000398159,0.620999991893768,591.0,463.0,515.0,1748.0,1748.0,1663.0,832.0,832.0,832.0,1838.0,729.0,494.0,,,,,0.17339999973774,1458.0,0.58270001411438,151.0,,,0.0,836.0,0.0,836.0,0.0,549.0,0.0043000001460313,820.0,0.673699975013733,2552.0,0.609499990940094,1319.0,,,,,,,,,,,,,,,,,,,,,,,,
44849,RWA,Sub-Saharan Africa,Low income,Rwanda,DHS,2010,,1,Wealth,,,Quintile 2,,,,,,,0.306300014257431,0.0573000013828278,0.0120000001043081,0.263799995183945,0.0386000014841557,0.0073000001721084,,0.252400010824203,0.503400027751923,0.0788000002503395,0.18860000371933,0.54610002040863,678.0,513.0,502.0,1850.0,1850.0,1665.0,818.0,818.0,818.0,1854.0,805.0,577.0,,,,,0.121399998664856,1472.0,0.612999975681305,263.0,0.692900002002716,40.0,0.0,838.0,0.0,838.0,0.0,554.0,0.0,900.0,0.65829998254776,2797.0,0.741199970245361,1484.0,,,,,,,,,,,,,,,,,,,,,,,,
44850,RWA,Sub-Saharan Africa,Low income,Rwanda,DHS,2010,,1,Wealth,,,Quintile 3,,,,,,,0.383399993181229,0.0794000029563904,0.0318999998271465,0.321999996900558,0.0577000007033348,0.0182000007480383,,0.157399997115135,0.413500010967255,0.0483999997377396,0.150800004601479,0.525200009346008,690.0,604.0,590.0,2101.0,2101.0,1895.0,994.0,994.0,994.0,1737.0,799.0,639.0,,,,,0.0860000029206276,1391.0,0.591400027275085,325.0,0.67739999294281,84.0,0.001300000003539,946.0,0.0,946.0,0.0,558.0,0.003000000026077,1006.0,0.631900012493134,2785.0,0.780200004577637,1664.0,,,,,,,,,,,,,,,,,,,,,,,,
44851,RWA,Sub-Saharan Africa,Low income,Rwanda,DHS,2010,,1,Wealth,,,Quintile 4,,,,,,,0.458499997854233,0.157399997115135,0.0645999982953072,0.432900011539459,0.107900001108646,0.0529000014066696,,0.107299998402596,0.302199989557266,0.046399999409914,0.13400000333786,0.462300002574921,744.0,648.0,563.0,2140.0,2140.0,1808.0,963.0,963.0,963.0,1864.0,865.0,640.0,,,,,0.0599999986588955,1472.0,0.704500019550323,459.0,0.75789999961853,152.0,0.0099999997764825,830.0,0.002199999988079,830.0,0.0015999999595806,590.0,0.00179999996908,1063.0,0.594399988651276,2929.0,0.84799998998642,1773.0,,,,,,,,,,,,,,,,,,,,,,,,
44852,RWA,Sub-Saharan Africa,Low income,Rwanda,DHS,2010,,1,Wealth,,,Quintile 5,,,,,,,0.5692999958992,0.335500001907349,0.311599999666214,0.602800011634827,0.314399987459183,0.272399991750717,,0.0645999982953072,0.180600002408028,0.0390000008046627,0.227699995040894,0.456099987030029,942.0,876.0,847.0,2974.0,2974.0,2638.0,1443.0,1443.0,1443.0,1858.0,805.0,911.0,,,,,0.0339000001549721,1493.0,0.819400012493134,837.0,0.851400017738342,574.0,0.107299998402596,1224.0,0.048200000077486,1224.0,0.0807999968528748,803.0,0.0245999991893768,1462.0,0.458499997854233,2707.0,0.903400003910065,3028.0,,,,,,,,,,,,,,,,,,,,,,,,
44853,RWA,Sub-Saharan Africa,Low income,Rwanda,DHS,2010,,1,Region & Wealth,,,Quintile 1,East,,,,,,0.124799996614456,0.0782999992370605,0.0,0.128600001335144,0.0370000004768372,0.0,,0.358700007200241,0.631099998950958,0.182500004768372,0.218700006604195,0.675000011920929,92.0,70.0,66.0,260.0,260.0,229.0,115.0,115.0,115.0,264.0,106.0,88.0,,,,,0.225999996066093,206.0,,,,,0.0,112.0,0.0,112.0,0.0,91.0,0.0,122.0,0.715799987316132,341.0,0.620400011539459,188.0,,,,,,,,,,,,,,,,,,,,,,,,
44854,RWA,Sub-Saharan Africa,Low income,Rwanda,DHS,2010,,1,Region & Wealth,,,Quintile 1,North,,,,,,0.249799996614456,0.0734999999403954,0.014299999922514,0.214499995112419,0.032600000500679,0.0041000000201165,,0.316900014877319,0.64410001039505,0.0718000009655952,0.246900007128716,0.822499990463257,88.0,68.0,73.0,256.0,256.0,252.0,119.0,119.0,119.0,296.0,111.0,68.0,,,,,0.106200002133846,229.0,,,,,0.0,132.0,0.0,132.0,0.0,79.0,0.0,122.0,0.587199985980988,406.0,0.58050000667572,191.0,,,,,,,,,,,,,,,,,,,,,,,,
44855,RWA,Sub-Saharan Africa,Low income,Rwanda,DHS,2010,,1,Region & Wealth,,,Quintile 1,South,,,,,,0.192900002002716,0.034000001847744,0.0156999994069338,0.193900004029274,0.0267999991774559,0.0049000000581145,,0.33160001039505,0.519599974155426,0.0995000004768372,0.144199997186661,0.598200023174286,240.0,179.0,203.0,684.0,684.0,654.0,316.0,316.0,316.0,774.0,306.0,195.0,,,,,0.179399996995926,626.0,0.509999990463257,59.0,,,0.0,334.0,0.0,334.0,0.0,215.0,0.0080000003799796,329.0,0.685800015926361,1107.0,0.638199985027313,527.0,,,,,,,,,,,,,,,,,,,,,,,,
44856,RWA,Sub-Saharan Africa,Low income,Rwanda,DHS,2010,,1,Region & Wealth,,,Quintile 1,West,,,,,,0.202099993824959,0.0295000001788139,0.0120000001043081,0.140100002288818,0.0148999998345971,0.0040000001899898,,0.315699994564056,0.629499971866608,0.150299996137619,0.247400000691414,0.541100025177002,166.0,139.0,168.0,529.0,529.0,509.0,270.0,270.0,270.0,491.0,202.0,138.0,,,,,0.175400003790855,386.0,0.674700021743774,40.0,,,0.0,250.0,0.0,250.0,0.0,155.0,0.0043999999761581,234.0,0.688000023365021,683.0,0.590099990367889,399.0,,,,,,,,,,,,,,,,,,,,,,,,
44857,RWA,Sub-Saharan Africa,Low income,Rwanda,DHS,2010,,1,Region & Wealth,,,Quintile 2,East,,,,,,0.251300007104874,0.0742999985814095,0.0,0.243399992585182,0.0375999994575977,0.0,,0.304500013589859,0.561100006103516,0.112899996340275,0.203600004315376,0.584299981594086,135.0,108.0,98.0,370.0,370.0,324.0,164.0,164.0,164.0,363.0,158.0,115.0,,,,,0.187999993562698,300.0,0.675899982452393,56.0,,,0.0,153.0,0.0,153.0,0.0,121.0,0.0,186.0,0.701600015163422,536.0,0.744300007820129,306.0,,,,,,,,,,,,,,,,,,,,,,,,
44858,RWA,Sub-Saharan Africa,Low income,Rwanda,DHS,2010,,1,Region & Wealth,,,Quintile 2,North,,,,,,0.437299996614456,0.0636999979615211,0.0098999999463558,0.335500001907349,0.0500000007450581,0.0031000000890344,,0.222499996423721,0.46900001168251,0.0621999986469746,0.236000001430511,0.613900005817413,131.0,110.0,99.0,367.0,367.0,313.0,162.0,162.0,162.0,381.0,168.0,105.0,,,,,0.0778999999165535,299.0,0.572000026702881,62.0,,,0.0,146.0,0.0,146.0,0.0,101.0,0.0,188.0,0.597299993038177,562.0,0.780600011348724,296.0,,,,,,,,,,,,,,,,,,,,,,,,
44859,RWA,Sub-Saharan Africa,Low income,Rwanda,DHS,2010,,1,Region & Wealth,,,Quintile 2,South,,,,,,0.321200013160706,0.0763999968767166,0.0177999995648861,0.283300012350082,0.0461000017821789,0.0126000000163913,,0.220899999141693,0.482699990272522,0.0465000011026859,0.139599993824959,0.419699996709824,188.0,135.0,134.0,504.0,504.0,448.0,217.0,217.0,217.0,512.0,226.0,173.0,,,,,0.102099999785423,408.0,0.653199970722198,77.0,,,0.0,247.0,0.0,247.0,0.0,151.0,0.0,241.0,0.648599982261658,826.0,0.748499989509583,395.0,,,,,,,,,,,,,,,,,,,,,,,,
44860,RWA,Sub-Saharan Africa,Low income,Rwanda,DHS,2010,,1,Region & Wealth,,,Quintile 2,West,,,,,,0.260500013828278,0.0270000007003546,0.0168999992311001,0.219699993729591,0.0258000008761883,0.0103000001981854,,0.26120001077652,0.51010000705719,0.096500001847744,0.189500004053116,0.604900002479553,216.0,157.0,165.0,591.0,591.0,566.0,267.0,267.0,267.0,573.0,240.0,178.0,,,,,0.122900001704693,447.0,0.560599982738495,65.0,,,0.0,288.0,0.0,288.0,0.0,175.0,0.0,279.0,0.682299971580505,836.0,0.704200029373169,474.0,,,,,,,,,,,,,,,,,,,,,,,,
44861,RWA,Sub-Saharan Africa,Low income,Rwanda,DHS,2010,,1,Region & Wealth,,,Quintile 3,East,,,,,,0.347000002861023,0.0707999989390373,0.0296000000089407,0.299400001764297,0.0485000014305115,0.0127999996766448,,0.185599997639656,0.4408999979496,0.0535999983549118,0.168500006198883,0.618399977684021,186.0,153.0,171.0,574.0,574.0,541.0,274.0,274.0,274.0,411.0,184.0,174.0,,,,,0.108499996364117,334.0,0.534500002861023,80.0,,,0.0,272.0,0.0,272.0,0.0,158.0,0.0040000001899898,262.0,0.672699987888336,667.0,0.734000027179718,427.0,,,,,,,,,,,,,,,,,,,,,,,,
44862,RWA,Sub-Saharan Africa,Low income,Rwanda,DHS,2010,,1,Region & Wealth,,,Quintile 3,Kigali City,,,,,,,,,0.300300002098083,0.0764999985694885,0.0504000000655651,,0.11150000244379,0.416200011968613,0.0719000026583672,,,,,,52.0,52.0,61.0,30.0,30.0,30.0,49.0,,,,,,,0.060199998319149,40.0,,,,,0.0,33.0,0.0,33.0,,,,,0.611699998378754,72.0,0.877900004386902,37.0,,,,,,,,,,,,,,,,,,,,,,,,
44863,RWA,Sub-Saharan Africa,Low income,Rwanda,DHS,2010,,1,Region & Wealth,,,Quintile 3,North,,,,,,0.454800009727478,0.0920000001788139,0.0281000006943941,0.37720000743866,0.0546000003814697,0.0219000000506639,,0.11599999666214,0.383899986743927,0.033100001513958,0.153899997472763,0.574500024318695,133.0,128.0,136.0,441.0,441.0,413.0,218.0,218.0,218.0,389.0,170.0,125.0,,,,,0.0562999993562698,312.0,0.504899978637695,72.0,,,0.0060999998822808,198.0,0.0,198.0,0.0,121.0,0.0043000001460313,216.0,0.555299997329712,621.0,0.822899997234344,372.0,,,,,,,,,,,,,,,,,,,,,,,,
44864,RWA,Sub-Saharan Africa,Low income,Rwanda,DHS,2010,,1,Region & Wealth,,,Quintile 3,South,,,,,,0.408399999141693,0.0993999987840652,0.029899999499321,0.341100007295609,0.0679000020027161,0.0194000005722046,,0.14920000731945,0.381399989128113,0.0588000006973743,0.12389999628067,0.410600006580353,172.0,128.0,130.0,476.0,476.0,420.0,218.0,218.0,218.0,417.0,201.0,159.0,,,,,0.0820000022649765,324.0,0.702899992465973,83.0,,,0.0,216.0,0.0,216.0,0.0,140.0,0.0,237.0,0.62279999256134,672.0,0.785399973392487,387.0,,,,,,,,,,,,,,,,,,,,,,,,
44865,RWA,Sub-Saharan Africa,Low income,Rwanda,DHS,2010,,1,Region & Wealth,,,Quintile 3,West,,,,,,0.355399996042252,0.066200003027916,0.0208999998867512,0.290300011634827,0.0597000010311604,0.0160000007599592,,0.172700002789497,0.433200001716614,0.0458000004291534,0.148200005292892,0.499700009822845,184.0,179.0,140.0,558.0,558.0,460.0,254.0,254.0,254.0,471.0,225.0,169.0,,,,,0.096000000834465,381.0,0.629800021648407,83.0,,,0.0,227.0,0.0,227.0,0.0,128.0,0.0038000000640749,266.0,0.667200028896332,753.0,0.778199970722198,441.0,,,,,,,,,,,,,,,,,,,,,,,,
44866,RWA,Sub-Saharan Africa,Low income,Rwanda,DHS,2010,,1,Region & Wealth,,,Quintile 4,East,,,,,,0.424899995326996,0.133599996566772,0.0566000007092953,0.386099994182587,0.0901999995112419,0.0452999994158745,,0.125300005078316,0.351700007915497,0.060699999332428,0.144199997186661,0.519299983978271,271.0,242.0,230.0,810.0,810.0,699.0,384.0,384.0,384.0,661.0,297.0,240.0,,,,,0.0807999968528748,514.0,0.664699971675873,157.0,0.651000022888184,50.0,0.0087999999523162,299.0,0.0028999999631196,299.0,0.0,214.0,0.0043999999761581,423.0,0.601700007915497,1054.0,0.840900003910065,643.0,,,,,,,,,,,,,,,,,,,,,,,,
44867,RWA,Sub-Saharan Africa,Low income,Rwanda,DHS,2010,,1,Region & Wealth,,,Quintile 4,Kigali City,,,,,,,0.135000005364418,0.1199000030756,0.415100008249283,0.152899995446205,0.0507000014185905,,0.174999997019768,0.311899989843369,0.0604000017046928,,,,33.0,30.0,100.0,100.0,100.0,53.0,53.0,53.0,68.0,,,,,,,0.050500001758337,54.0,,,,,0.0,47.0,0.0,47.0,0.0,36.0,0.0,48.0,0.587499976158142,97.0,0.855700016021729,75.0,,,,,,,,,,,,,,,,,,,,,,,,
44868,RWA,Sub-Saharan Africa,Low income,Rwanda,DHS,2010,,1,Region & Wealth,,,Quintile 4,North,,,,,,0.5,0.211799994111061,0.0339000001549721,0.500400006771088,0.12899999320507,0.0627000033855438,,0.0524999983608723,0.202000007033348,0.0264999996870756,0.158199995756149,0.499900013208389,130.0,126.0,91.0,378.0,378.0,322.0,166.0,166.0,166.0,353.0,181.0,110.0,,,,,0.0386000014841557,285.0,0.644299983978271,92.0,0.692900002002716,30.0,0.0120999999344349,159.0,0.0,159.0,0.0,95.0,0.0,190.0,0.552999973297119,560.0,0.851000010967255,316.0,,,,,,,,,,,,,,,,,,,,,,,,
44869,RWA,Sub-Saharan Africa,Low income,Rwanda,DHS,2010,,1,Region & Wealth,,,Quintile 4,South,,,,,,0.499700009822845,0.144600003957748,0.0520999990403652,0.492799997329712,0.10809999704361,0.0476000010967255,,0.0966999977827072,0.25450000166893,0.0463000014424324,0.133000001311302,0.35139998793602,157.0,114.0,105.0,416.0,416.0,348.0,185.0,185.0,185.0,359.0,176.0,124.0,,,,,0.0738999992609024,291.0,0.809800028800964,95.0,0.803699970245361,30.0,0.0115000000223517,169.0,0.006000000052154,169.0,0.0,119.0,0.0,187.0,0.572099983692169,579.0,0.846800029277802,345.0,,,,,,,,,,,,,,,,,,,,,,,,
44870,RWA,Sub-Saharan Africa,Low income,Rwanda,DHS,2010,,1,Region & Wealth,,,Quintile 4,West,,,,,,0.44530001282692,0.163499996066093,0.104699999094009,0.413500010967255,0.113200001418591,0.0650999993085861,,0.109300002455711,0.330900013446808,0.0394000001251698,0.104900002479553,0.428000003099442,161.0,133.0,107.0,436.0,436.0,339.0,175.0,175.0,175.0,423.0,183.0,140.0,,,,,0.0362000018358231,328.0,0.739799976348877,98.0,0.915799975395203,31.0,0.0111999996006489,156.0,0.0,156.0,0.0073000001721084,126.0,0.0,215.0,0.638400018215179,639.0,0.856700003147125,394.0,,,,,,,,,,,,,,,,,,,,,,,,
44871,RWA,Sub-Saharan Africa,Low income,Rwanda,DHS,2010,,1,Region & Wealth,,,Quintile 5,East,,,,,,0.554400026798248,0.229000002145767,0.203199997544289,0.538800001144409,0.206000000238419,0.196299999952316,,0.0741999968886375,0.24439999461174,0.0515000000596046,0.293999999761581,0.442999988794327,171.0,132.0,109.0,465.0,465.0,356.0,197.0,197.0,197.0,397.0,162.0,170.0,,,,,0.0527999997138977,318.0,0.790199995040894,136.0,0.803900003433228,49.0,0.0722000002861023,173.0,0.012699999846518,173.0,0.0515000000596046,111.0,0.0142000000923872,225.0,0.531799972057343,574.0,0.846599996089935,463.0,,,,,,,,,,,,,,,,,,,,,,,,
44872,RWA,Sub-Saharan Africa,Low income,Rwanda,DHS,2010,,1,Region & Wealth,,,Quintile 5,Kigali City,,,,,,0.580200016498566,0.383500009775162,0.322299987077713,0.617799997329712,0.3783999979496,0.281699985265732,,0.0588000006973743,0.169900000095367,0.0399000011384487,0.282799988985062,0.525600016117096,380.0,451.0,462.0,1466.0,1466.0,1494.0,795.0,795.0,795.0,687.0,258.0,402.0,,,,,0.0214000009000301,553.0,0.820900022983551,402.0,0.853999972343445,326.0,0.120099999010563,714.0,0.063000001013279,714.0,0.101700000464916,433.0,0.0252000000327826,736.0,0.378100007772446,952.0,0.925800025463104,1555.0,,,,,,,,,,,,,,,,,,,,,,,,
44873,RWA,Sub-Saharan Africa,Low income,Rwanda,DHS,2010,,1,Region & Wealth,,,Quintile 5,North,,,,,,0.613200008869171,0.442499995231628,0.275400012731552,0.660700023174286,0.32710000872612,0.273200005292892,,0.0728000029921532,0.142800003290176,0.0249000005424023,0.0864000022411346,0.435699999332428,77.0,71.0,61.0,238.0,238.0,189.0,112.0,112.0,112.0,185.0,97.0,70.0,,,,,0.0256999991834164,148.0,0.826399981975555,76.0,0.844099998474121,45.0,0.133200004696846,77.0,0.0671999976038933,77.0,0.102200001478195,70.0,0.0,113.0,0.464399993419647,294.0,0.938899993896484,249.0,,,,,,,,,,,,,,,,,,,,,,,,
44874,RWA,Sub-Saharan Africa,Low income,Rwanda,DHS,2010,,1,Region & Wealth,,,Quintile 5,South,,,,,,0.54040002822876,0.286100000143051,0.326999992132187,0.613300025463104,0.244100004434586,0.247099995613098,,0.0670000016689301,0.155200004577637,0.034400001168251,0.226400002837181,0.399699985980988,161.0,119.0,97.0,400.0,400.0,298.0,160.0,160.0,160.0,285.0,132.0,136.0,,,,,0.0458999983966351,225.0,0.793099999427795,121.0,0.814899981021881,73.0,0.0310999993234873,135.0,0.0148999998345971,135.0,0.0291000008583069,102.0,0.0152000002563,208.0,0.476500004529953,432.0,0.875100016593933,370.0,,,,,,,,,,,,,,,,,,,,,,,,
44875,RWA,Sub-Saharan Africa,Low income,Rwanda,DHS,2010,,1,Region & Wealth,,,Quintile 5,West,,,,,,0.56989997625351,0.29109999537468,0.382600009441376,0.59060001373291,0.315699994564056,0.345899999141693,,0.066200003027916,0.1925999969244,0.031300000846386,0.167899996042252,0.360300004482269,153.0,103.0,118.0,405.0,405.0,301.0,179.0,179.0,179.0,304.0,156.0,133.0,,,,,0.0256999991834164,249.0,0.875400006771088,102.0,0.903299987316132,81.0,0.154499992728233,125.0,0.0524000003933907,125.0,0.0751999989151955,87.0,0.0612000003457069,180.0,0.474900007247925,455.0,0.903800010681152,391.0,,,,,,,,,,,,,,,,,,,,,,,,
44876,RWA,Sub-Saharan Africa,Low income,Rwanda,DHS,2015,,1,Location,,Rural,,,,,,,,0.513499975204468,0.227200001478195,0.113200001418591,0.499300003051758,0.175899997353554,0.0939000025391579,,0.10980000346899,0.282000005245209,0.0592000000178814,0.262699991464615,0.608399987220764,2530.0,2061.0,1913.0,7130.0,7130.0,6298.0,3139.0,3139.0,3139.0,7469.0,2894.0,2372.0,0.927799999713898,231.0,0.170499995350838,843.0,0.0753000006079674,6006.0,0.721000015735626,1789.0,0.768299996852875,706.0,0.0291000008583069,3070.0,0.0138999996706843,3070.0,0.0115999998524785,2999.0,0.0068999999202787,3560.0,0.383599996566772,10475.0,0.820500016212463,6055.0,,,,,,,,,,,,,,,,,,,,,,,,
44877,RWA,Sub-Saharan Africa,Low income,Rwanda,DHS,2015,,1,Location,,Urban,,,,,,,,0.67739999294281,0.461400002241135,0.380100011825562,0.706099987030029,0.408199995756149,0.350899994373322,,0.0509000010788441,0.115699999034405,0.0410999990999699,0.243900001049042,0.615499973297119,795.0,815.0,793.0,2675.0,2675.0,2626.0,1327.0,1327.0,1327.0,1801.0,812.0,781.0,0.978100001811981,215.0,0.0780000016093254,240.0,0.0324000008404255,1403.0,0.812600016593933,854.0,0.864199995994568,609.0,0.168400004506111,1253.0,0.0925000011920929,1253.0,0.118000000715256,1114.0,0.0665000006556511,1342.0,0.257499992847443,2483.0,0.933000028133392,3046.0,,,,,,,,,,,,,,,,,,,,,,,,
44878,RWA,Sub-Saharan Africa,Low income,Rwanda,DHS,2015,,1,Location & Religion,,Rural,,,,Adventist,,,,0.521499991416931,0.221699997782707,0.101700000464916,0.52810001373291,0.170900002121925,0.0575999990105629,,0.0776000022888184,0.264099985361099,0.0403999984264374,0.208499997854233,0.624800026416779,121.0,98.0,81.0,325.0,325.0,313.0,140.0,140.0,140.0,486.0,164.0,104.0,,,,,,,0.728399991989136,172.0,0.811100006103516,69.0,0.0432999990880489,290.0,0.0240000002086163,290.0,0.0153999999165535,326.0,0.006800000090152,295.0,1.0,73.0,0.849399983882904,690.0,,,,,,,,,,,,,,,,,,,,,,,,
44879,RWA,Sub-Saharan Africa,Low income,Rwanda,DHS,2015,,1,Location & Religion,,Rural,,,,Catholic,,,,0.55129998922348,0.215100005269051,0.114799998700619,0.518599987030029,0.172199994325638,0.0949999988079071,,0.118600003421307,0.268799990415573,0.0485000014305115,0.268400013446808,0.597299993038177,499.0,391.0,340.0,1354.0,1354.0,1202.0,579.0,579.0,579.0,1624.0,603.0,470.0,,,,,,,0.748000025749207,628.0,0.777999997138977,232.0,0.0337999984622002,941.0,0.0152000002563,941.0,0.0140000004321337,893.0,0.0115999998524785,1130.0,1.0,286.0,0.834200024604797,2712.0,,,,,,,,,,,,,,,,,,,,,,,,
44880,RWA,Sub-Saharan Africa,Low income,Rwanda,DHS,2015,,1,Location & Religion,,Rural,,,,Jehovah's Witness,,,,,,,,,,,,,0.0542999990284443,,,,,,,,,,,,31.0,,,,,,,,,,,,,,,,,,,,,,,,,,,,,,,,,,,,,,,,,,,,,,,,
44881,RWA,Sub-Saharan Africa,Low income,Rwanda,DHS,2015,,1,Location & Religion,,Rural,,,,Muslim,,,,,,,0.38730001449585,0.163499996066093,0.0637999996542931,,,,0.0476000010967255,,,,,,41.0,41.0,37.0,,,,45.0,,,,,,,,,,,,,,,,,,,0.0,35.0,,,0.884100019931793,79.0,,,,,,,,,,,,,,,,,,,,,,,,
44882,RWA,Sub-Saharan Africa,Low income,Rwanda,DHS,2015,,1,Location & Religion,,Rural,,,,No Religion/None,,,,,,,,,,,,,0.0890000015497208,,,,,,,,,,,,57.0,,,,,,,,,,,,,,,,,,,,,,,,,,,,,,,,,,,,,,,,,,,,,,,,
44883,RWA,Sub-Saharan Africa,Low income,Rwanda,DHS,2015,,1,Location & Religion,,Rural,,,,Protestant,,,,0.419400006532669,0.220699995756149,0.0874999985098839,0.451799988746643,0.152999997138977,0.0766000002622604,,0.120200000703335,0.319099992513657,0.0663999989628792,0.280299991369247,0.645500004291534,405.0,343.0,325.0,1178.0,1178.0,1135.0,535.0,535.0,535.0,1427.0,500.0,363.0,,,,,,,0.744000017642975,512.0,0.757000029087067,215.0,0.0254999995231628,1030.0,0.0126000000163913,1030.0,0.0065999999642372,988.0,0.0078999996185302,1127.0,1.0,253.0,0.792400002479553,2528.0,,,,,,,,,,,,,,,,,,,,,,,,
44884,RWA,Sub-Saharan Africa,Low income,Rwanda,DHS,2015,,1,Location & Religion,,Urban,,,,Adventist,,,,,0.721400022506714,0.398000001907349,0.828100025653839,0.506099998950958,0.397100001573563,,0.0427000001072884,0.0705000013113022,0.0124000003561378,0.24600000679493,,,36.0,32.0,111.0,111.0,120.0,60.0,60.0,60.0,104.0,33.0,,,,,,,,0.893199980258942,77.0,0.920000016689301,54.0,0.0806000009179115,92.0,0.0658000037074089,92.0,0.0877000018954277,92.0,0.118299998342991,121.0,,,0.940900027751923,304.0,,,,,,,,,,,,,,,,,,,,,,,,
44885,RWA,Sub-Saharan Africa,Low income,Rwanda,DHS,2015,,1,Location & Religion,,Urban,,,,Catholic,,,,0.74260002374649,0.39410001039505,0.491499990224838,0.711899995803833,0.405800014734268,0.387100011110306,,0.0555000007152557,0.119800001382828,0.0860999971628189,0.203299999237061,0.593400001525879,164.0,122.0,150.0,497.0,497.0,496.0,253.0,253.0,253.0,326.0,151.0,158.0,,,,,,,0.756900012493134,261.0,0.919099986553192,169.0,0.172199994325638,344.0,0.10639999806881,344.0,0.168300002813339,281.0,0.0970999971032143,391.0,1.0,34.0,0.934899985790253,1184.0,,,,,,,,,,,,,,,,,,,,,,,,
44886,RWA,Sub-Saharan Africa,Low income,Rwanda,DHS,2015,,1,Location & Religion,,Urban,,,,Muslim,,,,0.368900001049042,,,0.568700015544891,0.3125,0.139500007033348,,0.0812999978661537,0.165700003504753,0.0520000010728836,,,30.0,,,83.0,83.0,86.0,37.0,37.0,37.0,67.0,,,,,,,,,0.942600011825562,30.0,,,0.105499997735023,63.0,0.0296000000089407,63.0,0.0,45.0,0.023700000718236,53.0,,,0.912999987602234,184.0,,,,,,,,,,,,,,,,,,,,,,,,
44887,RWA,Sub-Saharan Africa,Low income,Rwanda,DHS,2015,,1,Location & Religion,,Urban,,,,Protestant,,,,0.677999973297119,0.518700003623962,0.383300006389618,0.714800000190735,0.43299999833107,0.357899993658066,,0.0430000014603138,0.112800002098083,0.0262000001966953,0.294999986886978,0.621200025081635,138.0,193.0,186.0,569.0,569.0,581.0,306.0,306.0,306.0,377.0,165.0,153.0,,,,,,,0.814499974250793,285.0,0.842899978160858,201.0,0.158600002527237,419.0,0.0775000005960464,419.0,0.093299999833107,364.0,0.0608000010251999,435.0,1.0,42.0,0.931400001049042,1348.0,,,,,,,,,,,,,,,,,,,,,,,,
44888,RWA,Sub-Saharan Africa,Low income,Rwanda,DHS,2015,,1,Location & Sex,Female,Rural,,,,,,,,0.584999978542328,0.247299998998642,0.108499996364117,0.518999993801117,0.183400005102158,0.0819000005722046,,0.115800000727177,0.28999999165535,0.0445000007748604,0.251300007104874,0.612100005149841,1214.0,1082.0,1085.0,3699.0,3699.0,3463.0,1736.0,1736.0,1736.0,3798.0,1419.0,1144.0,0.918900012969971,123.0,0.160699993371964,437.0,0.0562999993562698,3062.0,0.72350001335144,980.0,0.769400000572205,395.0,0.0160000007599592,1682.0,0.0087999999523162,1682.0,0.0093000000342726,1622.0,0.0068999999202787,1878.0,0.355199992656708,5269.0,0.82889997959137,4152.0,,,,,,,,,,,,,,,,,,,,,,,,
44889,RWA,Sub-Saharan Africa,Low income,Rwanda,DHS,2015,,1,Location & Sex,Female,Urban,,,,,,,,0.711399972438812,0.486600011587143,0.355199992656708,0.70990002155304,0.412400007247925,0.33840000629425,,0.0559000000357628,0.125400006771088,0.0535999983549118,0.299199998378754,0.650300025939941,444.0,450.0,424.0,1457.0,1457.0,1371.0,709.0,709.0,709.0,893.0,447.0,426.0,0.986500024795532,108.0,0.0494999997317791,118.0,0.0364999994635582,703.0,0.800899982452393,494.0,0.839800000190735,329.0,0.169100001454353,648.0,0.0940999984741211,648.0,0.096000000834465,553.0,0.0619000010192394,734.0,0.237900003790855,1208.0,0.93529999256134,2121.0,,,,,,,,,,,,,,,,,,,,,,,,
44890,RWA,Sub-Saharan Africa,Low income,Rwanda,DHS,2015,,1,Location & Sex,Male,Rural,,,,,,,,0.447800010442734,0.204999998211861,0.119400002062321,0.478100001811981,0.167999997735023,0.108599998056889,,0.10249999910593,0.272199988365173,0.0741999968886375,0.273699998855591,0.604900002479553,1316.0,979.0,828.0,3431.0,3431.0,2835.0,1403.0,1403.0,1403.0,3671.0,1475.0,1228.0,0.938899993896484,108.0,0.181199997663498,406.0,0.0949999988079071,2944.0,0.717999994754791,809.0,0.76690000295639,311.0,0.0449000000953674,1388.0,0.0200999993830919,1388.0,0.014299999922514,1377.0,0.006800000090152,1682.0,0.412400007247925,5206.0,0.812099993228912,1903.0,,,,,,,,,,,,,,,,,,,,,,,,
44891,RWA,Sub-Saharan Africa,Low income,Rwanda,DHS,2015,,1,Location & Sex,Male,Urban,,,,,,,,0.632799983024597,0.430500000715256,0.406699985265732,0.701600015163422,0.403200000524521,0.364100009202957,,0.045499999076128,0.104900002479553,0.0291000008583069,0.175300002098083,0.570999979972839,351.0,365.0,369.0,1218.0,1218.0,1255.0,618.0,618.0,618.0,908.0,365.0,355.0,0.968299984931946,107.0,0.104099996387959,122.0,0.0285000000149012,700.0,0.828599989414215,360.0,0.890799999237061,280.0,0.167699992656708,605.0,0.0908999964594841,605.0,0.139400005340576,561.0,0.0719999969005585,608.0,0.275599986314774,1275.0,0.930599987506866,925.0,,,,,,,,,,,,,,,,,,,,,,,,
44892,RWA,Sub-Saharan Africa,Low income,Rwanda,DHS,2015,,1,Location & Sex & Wealth,Female,Rural,Quintile 1,,,,,,,0.374099999666214,0.108300000429153,0.0432999990880489,0.292899996042252,0.0685999989509583,0.0194000005722046,,0.236699998378754,0.50739997625351,0.0974999964237213,0.352899998426437,0.782500028610229,220.0,226.0,252.0,779.0,779.0,849.0,396.0,396.0,396.0,852.0,270.0,209.0,,,0.170000001788139,70.0,0.105200000107288,684.0,0.531599998474121,104.0,0.750599980354309,37.0,0.0,436.0,0.0,436.0,0.0,399.0,0.0023000000510364,385.0,0.449299991130829,1081.0,0.655900001525879,788.0,,,,,,,,,,,,,,,,,,,,,,,,
44893,RWA,Sub-Saharan Africa,Low income,Rwanda,DHS,2015,,1,Location & Sex & Wealth,Female,Rural,Quintile 2,,,,,,,0.512099981307983,0.111100003123283,0.0288999993354082,0.431600004434586,0.0888999998569489,0.0171000007539988,,0.121899999678135,0.348899990320206,0.0342999994754791,0.300399988889694,0.69489997625351,267.0,243.0,240.0,835.0,835.0,845.0,404.0,404.0,404.0,844.0,326.0,250.0,,,0.11710000038147,105.0,0.0608999989926815,671.0,0.618399977684021,188.0,0.749499976634979,43.0,0.0024000001139938,430.0,0.0,430.0,0.0,389.0,0.0,413.0,0.383300006389618,1220.0,0.799099981784821,881.0,,,,,,,,,,,,,,,,,,,,,,,,
44894,RWA,Sub-Saharan Africa,Low income,Rwanda,DHS,2015,,1,Location & Sex & Wealth,Female,Rural,Quintile 3,,,,,,,0.628000020980835,0.208299994468689,0.0890000015497208,0.53659999370575,0.160699993371964,0.0612000003457069,,0.0869000032544136,0.228200003504753,0.033500000834465,0.226600006222725,0.60479998588562,271.0,246.0,259.0,850.0,850.0,794.0,404.0,404.0,404.0,893.0,300.0,266.0,0.896899998188019,35.0,0.153500005602837,107.0,0.0417000018060207,731.0,0.744799971580505,230.0,0.705600023269653,75.0,0.0057999999262392,380.0,0.0035999999381601,380.0,0.0,386.0,0.0023000000510364,431.0,0.340200006961823,1250.0,0.86489999294281,909.0,,,,,,,,,,,,,,,,,,,,,,,,
44895,RWA,Sub-Saharan Africa,Low income,Rwanda,DHS,2015,,1,Location & Sex & Wealth,Female,Rural,Quintile 4,,,,,,,0.694700002670288,0.422800004482269,0.161500006914139,0.681599974632263,0.298599988222122,0.140699997544289,,0.0362999998033047,0.13510000705719,0.0241999998688698,0.185000002384186,0.509999990463257,312.0,255.0,244.0,878.0,878.0,735.0,403.0,403.0,403.0,866.0,347.0,296.0,0.951600015163422,35.0,0.198400005698204,111.0,0.0328000001609325,709.0,0.771600008010864,317.0,0.761699974536896,155.0,0.031300000846386,337.0,0.0126000000163913,337.0,0.0175000000745058,325.0,0.0109000001102686,458.0,0.298500001430511,1242.0,0.90039998292923,1038.0,,,,,,,,,,,,,,,,,,,,,,,,
44896,RWA,Sub-Saharan Africa,Low income,Rwanda,DHS,2015,,1,Location & Sex & Wealth,Female,Rural,Quintile 5,,,,,,,0.704500019550323,0.510900020599365,0.395599991083145,0.756099998950958,0.414499998092651,0.402999997138977,,0.0744000002741814,0.136700004339218,0.0205000005662441,0.188400000333786,0.420800000429153,144.0,112.0,90.0,357.0,357.0,240.0,129.0,129.0,129.0,343.0,176.0,123.0,,,0.170499995350838,44.0,0.0248000007122755,267.0,0.856199979782104,141.0,0.853900015354156,85.0,0.129099994897842,99.0,0.0903000012040138,99.0,0.0747999995946884,123.0,0.0322999991476536,191.0,0.263799995183945,476.0,0.924600005149841,536.0,,,,,,,,,,,,,,,,,,,,,,,,
44897,RWA,Sub-Saharan Africa,Low income,Rwanda,DHS,2015,,1,Location & Sex & Wealth,Female,Urban,Quintile 1,,,,,,,,,,0.354200005531311,0.0900000035762787,0.0071000000461936,,0.126599997282028,0.290899991989136,0.0895000025629997,0.358200013637543,,,,,82.0,82.0,81.0,40.0,40.0,40.0,91.0,30.0,,,,,,0.0604000017046928,72.0,,,,,0.0,40.0,0.0,40.0,0.0,38.0,0.0,43.0,0.301899999380112,111.0,0.692300021648407,85.0,,,,,,,,,,,,,,,,,,,,,,,,
44898,RWA,Sub-Saharan Africa,Low income,Rwanda,DHS,2015,,1,Location & Sex & Wealth,Female,Urban,Quintile 2,,,,,,,,,,0.504700005054474,0.26690000295639,0.0269000008702278,,,,0.111800000071526,,,,,,54.0,54.0,58.0,,,,63.0,,,,,,,0.0808999985456467,50.0,,,,,,,,,,,0.0,33.0,0.37610000371933,87.0,0.794399976730347,57.0,,,,,,,,,,,,,,,,,,,,,,,,
44899,RWA,Sub-Saharan Africa,Low income,Rwanda,DHS,2015,,1,Location & Sex & Wealth,Female,Urban,Quintile 3,,,,,,,,,,0.686999976634979,0.217500001192093,0.0872000008821487,,,,0.0274000000208616,,,,,,61.0,61.0,61.0,,,,58.0,,,,,,,0.0215000007301569,41.0,,,,,,,,,0.0,39.0,,,0.316000014543533,86.0,0.904600024223328,65.0,,,,,,,,,,,,,,,,,,,,,,,,
44900,RWA,Sub-Saharan Africa,Low income,Rwanda,DHS,2015,,1,Location & Sex & Wealth,Female,Urban,Quintile 4,,,,,,,0.645799994468689,0.290600001811981,0.0566999986767769,0.555499970912933,0.218099996447563,0.0741999968886375,,0.128299996256828,0.273299992084503,0.0472999997437,0.231900006532669,,34.0,30.0,35.0,113.0,113.0,113.0,56.0,56.0,56.0,90.0,37.0,,,,,,0.0189999993890524,77.0,,,,,0.0822999998927116,56.0,0.0159000009298325,56.0,0.0,48.0,0.0,51.0,0.293999999761581,128.0,0.862100005149841,119.0,,,,,,,,,,,,,,,,,,,,,,,,
44901,RWA,Sub-Saharan Africa,Low income,Rwanda,DHS,2015,,1,Location & Sex & Wealth,Female,Urban,Quintile 5,,,,,,,0.725199997425079,0.527899980545044,0.418599992990494,0.748799979686737,0.457300007343292,0.401800006628036,,0.0452000014483929,0.093699999153614,0.0467000007629395,0.320499986410141,0.652999997138977,346.0,363.0,328.0,1147.0,1147.0,1058.0,559.0,559.0,559.0,591.0,337.0,344.0,0.985499978065491,101.0,0.0472999997437,83.0,0.0333000011742115,463.0,0.807099997997284,416.0,0.856599986553192,293.0,0.199100002646446,496.0,0.113799996674061,496.0,0.121799997985363,408.0,0.0740000009536743,580.0,0.204699993133545,796.0,0.951799988746643,1795.0,,,,,,,,,,,,,,,,,,,,,,,,
44902,RWA,Sub-Saharan Africa,Low income,Rwanda,DHS,2015,,1,Location & Sex & Wealth,Male,Rural,Quintile 1,,,,,,,0.262800008058548,0.112899996340275,0.0241999998688698,0.271299988031387,0.0646999999880791,0.0100999996066093,,0.229699999094009,0.469199985265732,0.142399996519089,0.33500000834465,0.694199979305267,232.0,171.0,166.0,621.0,621.0,578.0,265.0,265.0,265.0,833.0,251.0,209.0,,,0.205099999904633,79.0,0.180299997329712,662.0,0.671899974346161,85.0,,,0.0031000000890344,291.0,0.0,291.0,0.0,281.0,0.0,310.0,0.475699990987778,1060.0,0.661800026893616,264.0,,,,,,,,,,,,,,,,,,,,,,,,
44903,RWA,Sub-Saharan Africa,Low income,Rwanda,DHS,2015,,1,Location & Sex & Wealth,Male,Rural,Quintile 2,,,,,,,0.424899995326996,0.0996999964118004,0.0637999996542931,0.412600010633469,0.100400000810623,0.0344999991357327,,0.0812999978661537,0.297399997711182,0.087399996817112,0.28889998793602,0.638499975204468,269.0,187.0,193.0,728.0,728.0,690.0,335.0,335.0,335.0,812.0,312.0,239.0,,,0.174400001764297,73.0,0.0987000018358231,633.0,0.672500014305115,127.0,0.659500002861023,41.0,0.003000000026077,343.0,0.0,343.0,0.0,350.0,0.0,338.0,0.417600005865097,1140.0,0.778800010681152,353.0,,,,,,,,,,,,,,,,,,,,,,,,
44904,RWA,Sub-Saharan Africa,Low income,Rwanda,DHS,2015,,1,Location & Sex & Wealth,Male,Rural,Quintile 3,,,,,,,0.460399985313416,0.198500007390976,0.117600001394749,0.511300027370453,0.176100000739098,0.104699999094009,,0.068000003695488,0.211799994111061,0.0472999997437,0.262600004673004,0.630100011825562,286.0,220.0,214.0,805.0,805.0,675.0,353.0,353.0,353.0,827.0,352.0,261.0,0.909300029277802,30.0,0.130199998617172,98.0,0.0727000012993813,682.0,0.640999972820282,199.0,0.766300022602081,80.0,0.0151000004261732,330.0,0.008899999782443,330.0,0.0,327.0,0.0048000002279877,387.0,0.412900000810623,1230.0,0.847299993038177,420.0,,,,,,,,,,,,,,,,,,,,,,,,
44905,RWA,Sub-Saharan Africa,Low income,Rwanda,DHS,2015,,1,Location & Sex & Wealth,Male,Rural,Quintile 4,,,,,,,0.504999995231628,0.261400014162064,0.197899997234344,0.563000023365021,0.221399992704391,0.184200003743172,,0.065200001001358,0.195199996232986,0.0423000007867813,0.240299999713898,0.575500011444092,351.0,256.0,185.0,858.0,858.0,640.0,318.0,318.0,318.0,838.0,391.0,340.0,,,0.224700003862381,110.0,0.0615000016987324,670.0,0.740599989891052,246.0,0.861800014972687,101.0,0.0874999985098839,302.0,0.025000000372529,302.0,0.0225000008940697,310.0,0.0046999999321997,416.0,0.400599986314774,1267.0,0.846700012683868,584.0,,,,,,,,,,,,,,,,,,,,,,,,
44906,RWA,Sub-Saharan Africa,Low income,Rwanda,DHS,2015,,1,Location & Sex & Wealth,Male,Rural,Quintile 5,,,,,,,0.578299999237061,0.35249999165535,0.30009999871254,0.649999976158142,0.306699991226196,0.352999985218048,,0.0900000035762787,0.167300000786781,0.0287999995052814,0.261599987745285,0.485199987888336,178.0,145.0,70.0,419.0,419.0,252.0,132.0,132.0,132.0,361.0,169.0,179.0,,,0.160999998450279,46.0,0.0300999991595745,297.0,0.838100016117096,152.0,0.763300001621246,68.0,0.235300004482269,122.0,0.140100002288818,122.0,0.112999998033047,109.0,0.031700000166893,231.0,0.302199989557266,509.0,0.863600015640259,282.0,,,,,,,,,,,,,,,,,,,,,,,,
44907,RWA,Sub-Saharan Africa,Low income,Rwanda,DHS,2015,,1,Location & Sex & Wealth,Male,Urban,Quintile 1,,,,,,,,,,0.3192999958992,0.0412000007927418,0.0282000005245209,,,,0.0425999984145164,0.222599998116493,,,,,65.0,65.0,57.0,,,,107.0,36.0,,,,,,0.0544000007212162,86.0,,,,,,,,,,,0.0,34.0,0.427799999713898,147.0,,,,,,,,,,,,,,,,,,,,,,,,,,
44908,RWA,Sub-Saharan Africa,Low income,Rwanda,DHS,2015,,1,Location & Sex & Wealth,Male,Urban,Quintile 2,,,,,,,,,,0.356400012969971,0.0750999972224236,0.0,,,,0.0275999996811152,0.18350000679493,,,,,49.0,49.0,43.0,,,,64.0,38.0,,,,,,0.0344999991357327,52.0,,,,,,,,,,,,,0.452499985694885,98.0,,,,,,,,,,,,,,,,,,,,,,,,,,
44909,RWA,Sub-Saharan Africa,Low income,Rwanda,DHS,2015,,1,Location & Sex & Wealth,Male,Urban,Quintile 3,,,,,,,,,,0.585500001907349,0.246900007128716,0.125400006771088,,0.0527999997138977,0.150199994444847,0.0432000011205673,,,,,,71.0,71.0,51.0,33.0,33.0,33.0,68.0,,,,,,,0.0288999993354082,51.0,,,,,,,,,,,0.0579000003635883,40.0,0.45100000500679,91.0,0.844900012016296,35.0,,,,,,,,,,,,,,,,,,,,,,,,
44910,RWA,Sub-Saharan Africa,Low income,Rwanda,DHS,2015,,1,Location & Sex & Wealth,Male,Urban,Quintile 4,,,,,,,0.530499994754791,,,0.591400027275085,0.248699992895126,0.11710000038147,,0.0285000000149012,0.129199996590614,0.0300999991595745,0.0476000010967255,0.407599985599518,34.0,,,95.0,95.0,98.0,45.0,45.0,45.0,108.0,35.0,30.0,,,,,0.035300001502037,80.0,,,,,0.0,49.0,0.0,49.0,0.0,52.0,0.0080000003799796,46.0,0.355399996042252,150.0,0.819199979305267,48.0,,,,,,,,,,,,,,,,,,,,,,,,
44911,RWA,Sub-Saharan Africa,Low income,Rwanda,DHS,2015,,1,Location & Sex & Wealth,Male,Urban,Quintile 5,,,,,,,0.675400018692017,0.487300008535385,0.466399997472763,0.753899991512299,0.460200011730194,0.417600005865097,,0.0381000004708767,0.0833000019192696,0.0261000003665686,0.1824000030756,0.570299983024597,249.0,285.0,296.0,938.0,938.0,1006.0,497.0,497.0,497.0,561.0,229.0,268.0,0.966300010681152,98.0,0.120700001716614,86.0,0.0232999995350838,431.0,0.842400014400482,301.0,0.895799994468689,255.0,0.195299997925758,492.0,0.105700001120567,492.0,0.172499999403954,430.0,0.087399996817112,467.0,0.211400002241135,789.0,0.953199982643127,799.0,,,,,,,,,,,,,,,,,,,,,,,,
44912,RWA,Sub-Saharan Africa,Low income,Rwanda,DHS,2015,,1,Location & Wealth,,Rural,Quintile 1,,,,,,,0.316500008106232,0.110299997031689,0.0355999991297722,0.283199995756149,0.0668999999761581,0.015599999576807,,0.233799993991852,0.492000013589859,0.119699999690056,0.344399988651276,0.738900005817413,452.0,397.0,418.0,1400.0,1400.0,1427.0,661.0,661.0,661.0,1685.0,521.0,418.0,,,0.188199996948242,149.0,0.142000004649162,1346.0,0.59469997882843,189.0,0.670700013637543,58.0,0.0012000000569969,727.0,0.0,727.0,0.0,680.0,0.001300000003539,695.0,0.462300002574921,2141.0,0.658399999141693,1052.0,,,,,,,,,,,,,,,,,,,,,,,,
44913,RWA,Sub-Saharan Africa,Low income,Rwanda,DHS,2015,,1,Location & Wealth,,Rural,Quintile 2,,,,,,,0.468199998140335,0.106200002133846,0.0443999990820885,0.422699987888336,0.0943000018596649,0.025000000372529,,0.103500001132488,0.325500011444092,0.0604999996721745,0.294800013303757,0.667200028896332,536.0,430.0,433.0,1563.0,1563.0,1535.0,739.0,739.0,739.0,1656.0,638.0,489.0,0.910399973392487,44.0,0.140300005674362,178.0,0.0791999995708466,1304.0,0.640200018882751,315.0,0.705099999904633,84.0,0.0027000000700354,773.0,0.0,773.0,0.0,739.0,0.0,751.0,0.399800002574921,2360.0,0.789699971675873,1234.0,,,,,,,,,,,,,,,,,,,,,,,,
44914,RWA,Sub-Saharan Africa,Low income,Rwanda,DHS,2015,,1,Location & Wealth,,Rural,Quintile 3,,,,,,,0.542400002479553,0.203799992799759,0.102200001478195,0.5242999792099,0.168200001120567,0.0812999978661537,,0.0780000016093254,0.220500007271767,0.0401999987661839,0.24600000679493,0.617399990558624,557.0,466.0,473.0,1655.0,1655.0,1469.0,757.0,757.0,757.0,1720.0,652.0,527.0,0.902499973773956,65.0,0.142199993133545,205.0,0.0566999986767769,1413.0,0.696399986743927,429.0,0.73769998550415,155.0,0.0100999996066093,710.0,0.0060999998822808,710.0,0.0,713.0,0.0035000001080334,818.0,0.376199990510941,2480.0,0.856100022792816,1329.0,,,,,,,,,,,,,,,,,,,,,,,,
44915,RWA,Sub-Saharan Africa,Low income,Rwanda,DHS,2015,,1,Location & Wealth,,Rural,Quintile 4,,,,,,,0.595099985599518,0.342200011014938,0.177200004458427,0.623300015926361,0.260600000619888,0.160799995064735,,0.049100000411272,0.161699995398521,0.033100001513958,0.214300006628036,0.544900000095367,663.0,511.0,429.0,1736.0,1736.0,1375.0,721.0,721.0,721.0,1704.0,738.0,636.0,0.943099975585938,59.0,0.211300000548363,221.0,0.0467000007629395,1379.0,0.758099973201752,563.0,0.801100015640259,256.0,0.0575000010430813,639.0,0.0184000004082918,639.0,0.0199999995529652,635.0,0.0080000003799796,874.0,0.349799990653992,2509.0,0.870999991893768,1622.0,,,,,,,,,,,,,,,,,,,,,,,,
44916,RWA,Sub-Saharan Africa,Low income,Rwanda,DHS,2015,,1,Location & Wealth,,Rural,Quintile 5,,,,,,,0.633300006389618,0.419999986886978,0.355800002813339,0.698400020599365,0.355800002813339,0.377700001001358,,0.0820999965071678,0.151800006628036,0.0248000007122755,0.22409999370575,0.46000000834465,322.0,257.0,160.0,776.0,776.0,492.0,261.0,261.0,261.0,704.0,345.0,302.0,0.932500004768372,43.0,0.165500000119209,90.0,0.0275999996811152,564.0,0.846599996089935,293.0,0.814999997615814,153.0,0.187700003385544,221.0,0.117799997329712,221.0,0.092799998819828,232.0,0.0320000015199184,422.0,0.283699989318848,985.0,0.891499996185303,818.0,,,,,,,,,,,,,,,,,,,,,,,,
44917,RWA,Sub-Saharan Africa,Low income,Rwanda,DHS,2015,,1,Location & Wealth,,Urban,Quintile 1,,,,,,,0.393400013446808,0.161899998784065,0.0206000003963709,0.337199985980988,0.066100001335144,0.0163000002503395,,0.201800003647804,0.400700002908707,0.065200001001358,0.283300012350082,0.679899990558624,50.0,47.0,39.0,147.0,147.0,138.0,66.0,66.0,66.0,198.0,66.0,44.0,,,,,0.0573000013828278,158.0,,,,,0.0043999999761581,64.0,0.0043999999761581,64.0,0.0,63.0,0.0,77.0,0.372500002384186,258.0,0.586700022220612,106.0,,,,,,,,,,,,,,,,,,,,,,,,
44918,RWA,Sub-Saharan Africa,Low income,Rwanda,DHS,2015,,1,Location & Wealth,,Urban,Quintile 2,,,,,,,0.558799982070923,,,0.432300001382828,0.173199996352196,0.0152000002563,,0.0309999994933605,0.27250000834465,0.0732000023126602,0.168500006198883,0.587599992752075,38.0,,,103.0,103.0,101.0,42.0,42.0,42.0,127.0,57.0,30.0,,,,,0.0593999996781349,102.0,,,,,0.0,51.0,0.0,51.0,0.0,48.0,0.0,54.0,0.41499999165535,185.0,0.763400018215179,79.0,,,,,,,,,,,,,,,,,,,,,,,,
44919,RWA,Sub-Saharan Africa,Low income,Rwanda,DHS,2015,,1,Location & Wealth,,Urban,Quintile 3,,,,,,,0.783100008964539,0.346100002527237,0.190500006079674,0.629999995231628,0.233999997377396,0.104900002479553,,0.0681999996304512,0.175200000405312,0.0362999998033047,0.143399998545647,0.561600029468536,44.0,39.0,39.0,132.0,132.0,112.0,62.0,62.0,62.0,126.0,51.0,38.0,,,,,0.025900000706315,92.0,0.663999974727631,42.0,,,0.0,45.0,0.0,45.0,0.0,65.0,0.0383000001311302,67.0,0.388000011444092,177.0,0.870400011539459,100.0,,,,,,,,,,,,,,,,,,,,,,,,
44920,RWA,Sub-Saharan Africa,Low income,Rwanda,DHS,2015,,1,Location & Wealth,,Urban,Quintile 4,,,,,,,0.592899978160858,0.267899990081787,0.091899998486042,0.572099983692169,0.232199996709824,0.094200000166893,,0.0829999968409538,0.207900002598763,0.0377000011503696,0.141499996185303,0.58569997549057,68.0,52.0,62.0,208.0,208.0,211.0,101.0,101.0,101.0,198.0,72.0,57.0,,,,,0.0274999998509884,157.0,0.782500028610229,50.0,,,0.0441999994218349,105.0,0.008500000461936,105.0,0.0,100.0,0.0041999998502433,97.0,0.328000009059906,278.0,0.842599987983704,167.0,,,,,,,,,,,,,,,,,,,,,,,,
44921,RWA,Sub-Saharan Africa,Low income,Rwanda,DHS,2015,,1,Location & Wealth,,Urban,Quintile 5,,,,,,,0.704500019550323,0.510399997234344,0.442099988460541,0.75110000371933,0.458600014448166,0.409599989652634,,0.0417999997735023,0.088699996471405,0.0362999998033047,0.264299988746643,0.617900013923645,595.0,648.0,624.0,2085.0,2085.0,2064.0,1056.0,1056.0,1056.0,1152.0,566.0,612.0,0.976599991321564,199.0,0.0860000029206276,169.0,0.0283000003546476,894.0,0.821699976921082,717.0,0.875500023365021,548.0,0.197200000286102,988.0,0.109700001776218,988.0,0.147799998521805,838.0,0.0798000022768974,1047.0,0.208100005984306,1585.0,0.952499985694885,2594.0,,,,,,,,,,,,,,,,,,,,,,,,
44922,RWA,Sub-Saharan Africa,Low income,Rwanda,DHS,2015,,1,Region,,,,East,,,,,,0.483999997377396,0.203299999237061,0.114600002765656,0.493699997663498,0.173700004816055,0.105800002813339,,0.105099998414516,0.265899986028671,0.0645999982953072,0.343199998140335,0.63400000333786,729.0,626.0,559.0,2118.0,2118.0,1985.0,973.0,973.0,973.0,2093.0,800.0,688.0,0.958599984645844,123.0,0.226099997758865,279.0,0.0966999977827072,1683.0,0.731199979782104,509.0,0.788500010967255,226.0,0.0441999994218349,976.0,0.024100000038743,976.0,0.0121999997645617,927.0,0.0038999998942017,1051.0,0.393900007009506,2942.0,0.843299984931946,1862.0,,,,,,,,,,,,,,,,,,,,,,,,
44923,RWA,Sub-Saharan Africa,Low income,Rwanda,DHS,2015,,1,Region,,,,Kigali City,,,,,,0.644599974155426,0.429899990558624,0.351700007915497,0.691200017929077,0.374799996614456,0.333700001239777,,0.0549999997019768,0.131999999284744,0.0546000003814697,0.31700000166893,0.691600024700165,343.0,444.0,465.0,1397.0,1397.0,1474.0,766.0,766.0,766.0,827.0,312.0,387.0,0.979200005531311,129.0,0.111800000071526,143.0,0.0423999987542629,647.0,0.762199997901917,437.0,0.848800003528595,344.0,0.162200003862381,680.0,0.0863000005483627,680.0,0.0975999981164932,642.0,0.0707999989390373,697.0,0.250600010156631,1196.0,0.935999989509583,1648.0,,,,,,,,,,,,,,,,,,,,,,,,
44924,RWA,Sub-Saharan Africa,Low income,Rwanda,DHS,2015,,1,Region,,,,North,,,,,,0.588699996471405,0.284900009632111,0.153400003910065,0.562600016593933,0.221599996089935,0.11540000140667,,0.108999997377396,0.2466000020504,0.0438000001013279,0.269800007343292,0.601000010967255,583.0,433.0,401.0,1556.0,1556.0,1328.0,655.0,655.0,655.0,1642.0,710.0,525.0,0.872500002384186,57.0,0.10700000077486,181.0,0.0458999983966351,1318.0,0.741699993610382,446.0,0.797900021076202,170.0,0.0278999991714954,653.0,0.0082999998703599,653.0,0.0397999994456768,597.0,0.0116999996826053,747.0,0.327600002288818,2276.0,0.833400011062622,1363.0,,,,,,,,,,,,,,,,,,,,,,,,
44925,RWA,Sub-Saharan Africa,Low income,Rwanda,DHS,2015,,1,Region,,,,South,,,,,,0.503600001335144,0.251300007104874,0.136399999260902,0.507700026035309,0.195299997925758,0.116099998354912,,0.102200001478195,0.261500000953674,0.0601000003516674,0.220300003886223,0.60860002040863,889.0,665.0,614.0,2373.0,2373.0,2111.0,1011.0,1011.0,1011.0,2448.0,998.0,821.0,0.966099977493286,94.0,0.224800005555153,246.0,0.0778999999165535,1939.0,0.716099977493286,618.0,0.759199976921082,259.0,0.0439999997615814,1058.0,0.0218000002205372,1058.0,0.0239000003784895,1031.0,0.0124000003561378,1175.0,0.402799993753433,3395.0,0.830900013446808,2214.0,,,,,,,,,,,,,,,,,,,,,,,,
44926,RWA,Sub-Saharan Africa,Low income,Rwanda,DHS,2015,,1,Region,,,,West,,,,,,0.568700015544891,0.284900009632111,0.160199999809265,0.527999997138977,0.221699997782707,0.139500007033348,,0.101300001144409,0.277799993753433,0.0515000000596046,0.186599999666214,0.548799991607666,781.0,708.0,667.0,2361.0,2361.0,2026.0,1061.0,1061.0,1061.0,2260.0,886.0,732.0,0.883000016212463,43.0,0.0491999983787537,234.0,0.0579000003635883,1822.0,0.773000001907349,633.0,0.814199984073639,316.0,0.0478999987244606,956.0,0.0285000000149012,956.0,0.0214000009000301,916.0,0.0178999993950129,1232.0,0.368600010871887,3149.0,0.820599973201752,2014.0,,,,,,,,,,,,,,,,,,,,,,,,
44927,RWA,Sub-Saharan Africa,Low income,Rwanda,DHS,2015,,1,Religion,,,,,,Adventist,,,,0.54119998216629,0.329699993133545,0.169300004839897,0.58789998292923,0.237800002098083,0.130300000309944,,0.069300003349781,0.217999994754791,0.0366999991238117,0.213200002908707,0.629499971866608,147.0,134.0,113.0,436.0,436.0,433.0,200.0,200.0,200.0,590.0,197.0,129.0,,,,,,,0.769500017166138,249.0,0.851100027561188,123.0,0.050500001758337,382.0,0.0320999994874001,382.0,0.0273000001907349,418.0,0.0315999984741211,416.0,1.0,85.0,0.870500028133392,994.0,,,,,,,,,,,,,,,,,,,,,,,,
44928,RWA,Sub-Saharan Africa,Low income,Rwanda,DHS,2015,,1,Religion,,,,,,Catholic,,,,0.583500027656555,0.247500002384186,0.206300005316734,0.557099997997284,0.218700006604195,0.161699995398521,,0.103699997067451,0.233600005507469,0.0527000017464161,0.260500013828278,0.596599996089935,663.0,513.0,490.0,1851.0,1851.0,1698.0,832.0,832.0,832.0,1950.0,754.0,628.0,,,,,,,0.75,889.0,0.826600015163422,401.0,0.0626000016927719,1285.0,0.0342000015079975,1285.0,0.0430000014603138,1174.0,0.0280000008642673,1521.0,1.0,320.0,0.857400000095367,3896.0,,,,,,,,,,,,,,,,,,,,,,,,
44929,RWA,Sub-Saharan Africa,Low income,Rwanda,DHS,2015,,1,Religion,,,,,,Jehovah's Witness,,,,,,,0.647599995136261,0.287999987602234,0.148399993777275,,,,0.0502999983727932,,,,,,32.0,32.0,35.0,,,,37.0,,,,,,,,,,,,,,,,,,,,,,,,,,,,,,,,,,,,,,,,,,,,,,,,
44930,RWA,Sub-Saharan Africa,Low income,Rwanda,DHS,2015,,1,Religion,,,,,,Muslim,,,,0.418099999427795,,0.164700001478195,0.489600002765656,0.247600004076958,0.10980000346899,,0.0694999992847443,0.283499985933304,0.0498000010848045,0.24439999461174,0.579200029373169,48.0,,36.0,124.0,124.0,123.0,55.0,55.0,55.0,112.0,40.0,42.0,,,,,,,0.900499999523163,46.0,0.861299991607666,32.0,0.0632999986410141,92.0,0.0176999997347593,92.0,0.0,73.0,0.0121999997645617,88.0,,,0.902100026607513,263.0,,,,,,,,,,,,,,,,,,,,,,,,
44931,RWA,Sub-Saharan Africa,Low income,Rwanda,DHS,2015,,1,Religion,,,,,,No Religion/None,,,,,,,0.550100028514862,0.181799992918968,0.25789999961853,,,,0.104900002479553,,,,,,44.0,44.0,51.0,,,,66.0,,,,,,,,,,,,,,,,,,,,,,,,,,,,,,,,,,,,,,,,,,,,,,,,
44932,RWA,Sub-Saharan Africa,Low income,Rwanda,DHS,2015,,1,Religion,,,,,,Protestant,,,,0.471300005912781,0.307900011539459,0.178200006484985,0.521700024604797,0.227300003170967,0.154499992728233,,0.096900001168251,0.2567999958992,0.059799998998642,0.283199995756149,0.639699995517731,543.0,536.0,511.0,1747.0,1747.0,1716.0,841.0,841.0,841.0,1804.0,665.0,516.0,,,,,,,0.764800012111664,797.0,0.794700026512146,416.0,0.0577999986708164,1449.0,0.0284000001847744,1449.0,0.0251000002026558,1352.0,0.0197000000625849,1562.0,1.0,295.0,0.831200003623962,3876.0,,,,,,,,,,,,,,,,,,,,,,,,
44933,RWA,Sub-Saharan Africa,Low income,Rwanda,DHS,2015,,1,Sex,Female,,,,,,,,,0.61080002784729,0.30239999294281,0.162000000476837,0.560899972915649,0.233500003814697,0.138400003314018,,0.102200001478195,0.252799987792969,0.0458000004291534,0.259700000286102,0.620199978351593,1658.0,1532.0,1509.0,5156.0,5156.0,4834.0,2445.0,2445.0,2445.0,4691.0,1866.0,1570.0,0.945599973201752,231.0,0.143700003623962,555.0,0.0535999983549118,3765.0,0.744499981403351,1474.0,0.795899987220764,724.0,0.0489999987185001,2330.0,0.0272000003606081,2330.0,0.0262000001966953,2175.0,0.0189999993890524,2612.0,0.339399993419647,6477.0,0.857400000095367,6273.0,,,,,,,,,,,,,,,,,,,,,,,,
44934,RWA,Sub-Saharan Africa,Low income,Rwanda,DHS,2015,,1,Sex,Male,,,,,,,,,0.476000010967255,0.253199994564056,0.192100003361702,0.523500025272369,0.215700000524521,0.171399995684624,,0.0885000005364418,0.231199994683266,0.0675999969244003,0.259799987077713,0.599399983882904,1667.0,1344.0,1197.0,4649.0,4649.0,4090.0,2021.0,2021.0,2021.0,4579.0,1840.0,1583.0,0.950999975204468,215.0,0.167600005865097,528.0,0.0855000019073486,3644.0,0.745100021362305,1169.0,0.818000018596649,591.0,0.0746000036597252,1993.0,0.0372000001370907,1993.0,0.0425000004470348,1938.0,0.0203000009059906,2290.0,0.392300009727478,6481.0,0.842599987983704,2828.0,,,,,,,,,,,,,,,,,,,,,,,,
44935,RWA,Sub-Saharan Africa,Low income,Rwanda,DHS,2015,,1,Region & Sex,Female,,,East,,,,,,0.547900021076202,0.195099994540215,0.0958999991416931,0.490299999713898,0.163800001144409,0.0885000005364418,,0.121500000357628,0.287900000810623,0.0551999993622303,0.343400001525879,0.652800023555756,332.0,325.0,322.0,1082.0,1082.0,1091.0,557.0,557.0,557.0,1089.0,408.0,297.0,0.939999997615814,63.0,0.212400004267693,151.0,0.0746000036597252,879.0,0.705600023269653,252.0,0.768700003623962,117.0,0.0267999991774559,525.0,0.0159000009298325,525.0,0.0115999998524785,475.0,0.0052999998442828,546.0,0.367300003767014,1515.0,0.811299979686737,1262.0,,,,,,,,,,,,,,,,,,,,,,,,
44936,RWA,Sub-Saharan Africa,Low income,Rwanda,DHS,2015,,1,Region & Sex,Female,,,Kigali City,,,,,,0.656499981880188,0.448900014162064,0.312400013208389,0.687900006771088,0.375800013542175,0.329499989748001,,0.0696000009775162,0.156200006604195,0.0524000003933907,0.35809999704361,0.749300003051758,211.0,245.0,241.0,774.0,774.0,767.0,403.0,403.0,403.0,402.0,185.0,224.0,0.982599973678589,70.0,0.0584999993443489,69.0,0.022299999371171,313.0,0.748300015926361,266.0,0.810100018978119,179.0,0.163800001144409,364.0,0.093699999153614,364.0,0.0934000015258789,318.0,0.0696000009775162,384.0,0.247500002384186,587.0,0.934400022029877,1160.0,,,,,,,,,,,,,,,,,,,,,,,,
44937,RWA,Sub-Saharan Africa,Low income,Rwanda,DHS,2015,,1,Region & Sex,Female,,,North,,,,,,0.655499994754791,0.318199992179871,0.141599997878075,0.60589998960495,0.23309999704361,0.100900001823902,,0.116400003433228,0.249300003051758,0.0267999991774559,0.260699987411499,0.5935999751091,313.0,227.0,220.0,834.0,834.0,735.0,356.0,356.0,356.0,809.0,371.0,275.0,0.815599977970123,32.0,0.103399999439716,83.0,0.031700000166893,650.0,0.749800026416779,256.0,0.782100021839142,97.0,0.0208000000566244,361.0,0.001700000022538,361.0,0.0271000005304813,327.0,0.0105999996885657,402.0,0.292400002479553,1111.0,0.845200002193451,972.0,,,,,,,,,,,,,,,,,,,,,,,,
44938,RWA,Sub-Saharan Africa,Low income,Rwanda,DHS,2015,,1,Region & Sex,Female,,,South,,,,,,0.570999979972839,0.284999996423721,0.148800000548363,0.536300003528595,0.210500001907349,0.104000002145767,,0.093299999833107,0.250800013542175,0.0529999993741512,0.215900003910065,0.589200019836426,420.0,347.0,356.0,1223.0,1223.0,1126.0,549.0,549.0,549.0,1224.0,500.0,394.0,1.0,46.0,0.208199992775917,132.0,0.061999998986721,973.0,0.730799973011017,341.0,0.782599985599518,154.0,0.0335999988019466,547.0,0.0182000007480383,547.0,0.011400000192225,563.0,0.0080000003799796,608.0,0.381900012493134,1689.0,0.86080002784729,1489.0,,,,,,,,,,,,,,,,,,,,,,,,
44939,RWA,Sub-Saharan Africa,Low income,Rwanda,DHS,2015,,1,Region & Sex,Female,,,West,,,,,,0.652700006961823,0.322100013494492,0.154799997806549,0.544700026512146,0.238000005483627,0.123999997973442,,0.102799996733665,0.284599989652634,0.0357999987900257,0.167400002479553,0.545400023460388,382.0,388.0,370.0,1243.0,1243.0,1115.0,580.0,580.0,580.0,1167.0,402.0,380.0,,,0.0480999983847141,120.0,0.0483999997377396,950.0,0.780700027942657,359.0,0.819400012493134,177.0,0.0315000005066395,533.0,0.0216000005602837,533.0,0.0157999992370605,492.0,0.0182000007480383,672.0,0.33270001411438,1575.0,0.847199976444244,1390.0,,,,,,,,,,,,,,,,,,,,,,,,
44940,RWA,Sub-Saharan Africa,Low income,Rwanda,DHS,2015,,1,Region & Sex,Male,,,East,,,,,,0.43079999089241,0.212599992752075,0.139599993824959,0.497200012207031,0.1841000020504,0.126900002360344,,0.0834999978542328,0.236699998378754,0.0747999995946884,0.342999994754791,0.619599997997284,397.0,301.0,237.0,1036.0,1036.0,894.0,416.0,416.0,416.0,1004.0,392.0,391.0,0.981599986553192,60.0,0.242300003767014,128.0,0.120899997651577,804.0,0.75629997253418,257.0,0.809700012207031,109.0,0.064300000667572,451.0,0.0335999988019466,451.0,0.012699999846518,452.0,0.0024000001139938,505.0,0.421999990940094,1427.0,0.874599993228912,600.0,,,,,,,,,,,,,,,,,,,,,,,,
44941,RWA,Sub-Saharan Africa,Low income,Rwanda,DHS,2015,,1,Region & Sex,Male,,,Kigali City,,,,,,0.62610000371933,0.406300008296967,0.393700003623962,0.69539999961853,0.373600006103516,0.338200002908707,,0.0386999994516373,0.104999996721745,0.0566999986767769,0.258399993181229,0.614499986171722,132.0,199.0,224.0,623.0,623.0,707.0,363.0,363.0,363.0,425.0,127.0,163.0,0.975099980831146,59.0,0.159299999475479,74.0,0.0604999996721745,334.0,0.783100008964539,171.0,0.888800024986267,165.0,0.160400003194809,316.0,0.0782999992370605,316.0,0.101700000464916,324.0,0.0724000036716461,313.0,0.253600001335144,609.0,0.937799990177155,488.0,,,,,,,,,,,,,,,,,,,,,,,,
44942,RWA,Sub-Saharan Africa,Low income,Rwanda,DHS,2015,,1,Region & Sex,Male,,,North,,,,,,0.512099981307983,0.24889999628067,0.167400002479553,0.513499975204468,0.208599999547005,0.133100003004074,,0.100599996745586,0.243399992585182,0.0604000017046928,0.279700011014938,0.609000027179718,270.0,206.0,181.0,722.0,722.0,593.0,299.0,299.0,299.0,833.0,339.0,250.0,,,0.110200002789497,98.0,0.0597000010311604,668.0,0.73089998960495,190.0,0.818700015544891,73.0,0.0364999994635582,292.0,0.0164000000804663,292.0,0.0553999990224838,270.0,0.0129000004380941,345.0,0.361600011587143,1165.0,0.820200026035309,391.0,,,,,,,,,,,,,,,,,,,,,,,,
44943,RWA,Sub-Saharan Africa,Low income,Rwanda,DHS,2015,,1,Region & Sex,Male,,,South,,,,,,0.4442999958992,0.215399995446205,0.118900001049042,0.47749999165535,0.179299995303154,0.130199998617172,,0.112800002098083,0.274399995803833,0.067100003361702,0.224800005555153,0.626299977302551,469.0,318.0,258.0,1150.0,1150.0,985.0,462.0,462.0,462.0,1224.0,498.0,427.0,0.92960000038147,48.0,0.243900001049042,114.0,0.0939999967813492,966.0,0.698199987411499,277.0,0.725000023841858,105.0,0.0555000007152557,511.0,0.0258000008761883,511.0,0.0392999984323978,468.0,0.0171000007539988,567.0,0.423500001430511,1706.0,0.802299976348877,725.0,,,,,,,,,,,,,,,,,,,,,,,,
44944,RWA,Sub-Saharan Africa,Low income,Rwanda,DHS,2015,,1,Region & Sex,Male,,,West,,,,,,0.488999992609024,0.241699993610382,0.166700005531311,0.509899973869324,0.203999996185303,0.158399999141693,,0.0996000021696091,0.269699990749359,0.0684999972581863,0.202500000596046,0.552500009536743,399.0,320.0,297.0,1118.0,1118.0,911.0,481.0,481.0,481.0,1093.0,484.0,352.0,,,0.0504000000655651,114.0,0.068400003015995,872.0,0.763100028038025,274.0,0.807799994945526,139.0,0.0688999965786934,423.0,0.0373999997973442,423.0,0.0280000008642673,424.0,0.017400000244379,560.0,0.404700011014938,1574.0,0.793799996376038,624.0,,,,,,,,,,,,,,,,,,,,,,,,
44945,RWA,Sub-Saharan Africa,Low income,Rwanda,DHS,2015,,1,Religion & Sex,Female,,,,,Adventist,,,,0.612100005149841,0.336800009012222,0.165700003504753,0.603900015354156,0.24600000679493,0.119400002062321,,0.0723000019788742,0.225700005888939,0.0307000000029802,0.247400000691414,0.5557000041008,70.0,74.0,68.0,241.0,241.0,259.0,126.0,126.0,126.0,297.0,108.0,59.0,,,,,,,0.762700021266937,178.0,0.858699977397919,90.0,0.0197999998927116,285.0,0.0092000002041459,285.0,0.0238000005483627,297.0,0.0405000001192093,282.0,1.0,51.0,0.898400008678436,672.0,,,,,,,,,,,,,,,,,,,,,,,,
44946,RWA,Sub-Saharan Africa,Low income,Rwanda,DHS,2015,,1,Religion & Sex,Female,,,,,Catholic,,,,0.653699994087219,0.26230001449585,0.172499999403954,0.571699976921082,0.231600001454353,0.138799995183945,,0.101099997758865,0.239600002765656,0.0342000015079975,0.241899996995926,0.598299980163574,348.0,294.0,278.0,1022.0,1022.0,961.0,478.0,478.0,478.0,969.0,371.0,340.0,,,,,,,0.741900026798248,639.0,0.777800023555756,285.0,0.0568999983370304,869.0,0.0308999996632338,869.0,0.0294000003486872,772.0,0.0177999995648861,1037.0,1.0,197.0,0.871500015258789,2597.0,,,,,,,,,,,,,,,,,,,,,,,,
44947,RWA,Sub-Saharan Africa,Low income,Rwanda,DHS,2015,,1,Religion & Sex,Female,,,,,Muslim,,,,,,,0.410699993371964,0.196700006723404,0.122699998319149,,0.0654999986290932,0.347499996423721,0.0562000013887882,,,,,,63.0,63.0,68.0,30.0,30.0,30.0,53.0,,,,,,,,,,,,,0.0373999997973442,59.0,0.0078999996185302,59.0,0.0,46.0,0.0320000015199184,50.0,,,0.884400010108948,155.0,,,,,,,,,,,,,,,,,,,,,,,,
44948,RWA,Sub-Saharan Africa,Low income,Rwanda,DHS,2015,,1,Religion & Sex,Female,,,,,No Religion/None,,,,,,,,,0.26800000667572,,,,,,,,,,,,33.0,,,,,,,,,,,,,,,,,,,,,,,,,,,,,,,,,,,,,,,,,,,,,,,,,,,,
44949,RWA,Sub-Saharan Africa,Low income,Rwanda,DHS,2015,,1,Religion & Sex,Female,,,,,Protestant,,,,0.532700002193451,0.312700003385544,0.177100002765656,0.546700000762939,0.23139999806881,0.149700000882149,,0.11150000244379,0.259600013494492,0.0467000007629395,0.281199991703033,0.681100010871887,289.0,312.0,304.0,993.0,993.0,1004.0,501.0,501.0,501.0,910.0,345.0,272.0,,,,,,,0.733299970626831,584.0,0.785399973392487,304.0,0.0406999997794628,1059.0,0.0248000007122755,1059.0,0.0242999996989965,1006.0,0.0157999992370605,1158.0,1.0,202.0,0.832499980926514,2801.0,,,,,,,,,,,,,,,,,,,,,,,,
44950,RWA,Sub-Saharan Africa,Low income,Rwanda,DHS,2015,,1,Religion & Sex,Male,,,,,Adventist,,,,0.482100009918213,0.320899993181229,0.174799993634224,0.568599998950958,0.227799996733665,0.147599995136261,,0.0640000030398369,0.20440000295639,0.0427000001072884,0.171200007200241,0.685100018978119,77.0,60.0,45.0,195.0,195.0,174.0,74.0,74.0,74.0,293.0,89.0,70.0,,,,,,,0.776899993419647,71.0,0.841400027275085,33.0,0.0948000028729439,97.0,0.0650999993085861,97.0,0.0310999993234873,121.0,0.0236000008881092,134.0,1.0,34.0,0.843999981880188,322.0,,,,,,,,,,,,,,,,,,,,,,,,
44951,RWA,Sub-Saharan Africa,Low income,Rwanda,DHS,2015,,1,Religion & Sex,Male,,,,,Catholic,,,,0.511099994182587,0.227599993348122,0.247899994254112,0.539699971675873,0.203400000929832,0.19140000641346,,0.107100002467632,0.225600004196167,0.0710999965667725,0.277999997138977,0.59469997882843,315.0,219.0,212.0,829.0,829.0,737.0,354.0,354.0,354.0,981.0,383.0,288.0,,,,,,,0.759299993515015,250.0,0.876900017261505,116.0,0.068000003695488,416.0,0.0373000018298626,416.0,0.0548000000417233,402.0,0.0377000011503696,484.0,1.0,123.0,0.84469997882843,1299.0,,,,,,,,,,,,,,,,,,,,,,,,
44952,RWA,Sub-Saharan Africa,Low income,Rwanda,DHS,2015,,1,Religion & Sex,Male,,,,,Muslim,,,,,,,0.576300024986267,0.303400009870529,0.093800000846386,,,,0.0432000011205673,,,,,,61.0,61.0,55.0,,,,59.0,,,,,,,,,,,,,0.0815000012516975,33.0,0.0247000008821487,33.0,,,0.0,38.0,,,0.9132000207901,108.0,,,,,,,,,,,,,,,,,,,,,,,,
44953,RWA,Sub-Saharan Africa,Low income,Rwanda,DHS,2015,,1,Religion & Sex,Male,,,,,No Religion/None,,,,,,,,,,,,,0.0991000011563301,,,,,,,,,,,,38.0,,,,,,,,,,,,,,,,,,,,,,,,,,,,,,,,,,,,,,,,,,,,,,,,
44954,RWA,Sub-Saharan Africa,Low income,Rwanda,DHS,2015,,1,Religion & Sex,Male,,,,,Protestant,,,,0.401800006628036,0.30129998922348,0.179800003767014,0.48870000243187,0.221900001168251,0.161300003528595,,0.0751999989151955,0.252700001001358,0.0732000023126602,0.285400003194809,0.5939000248909,254.0,224.0,207.0,754.0,754.0,712.0,340.0,340.0,340.0,894.0,320.0,244.0,,,,,,,0.80349999666214,213.0,0.805999994277954,112.0,0.0788000002503395,390.0,0.0326999984681606,390.0,0.0262000001966953,346.0,0.0247000008821487,404.0,1.0,93.0,0.829599976539612,1075.0,,,,,,,,,,,,,,,,,,,,,,,,
44955,RWA,Sub-Saharan Africa,Low income,Rwanda,DHS,2015,,1,Sex & Wealth,Female,,Quintile 1,,,,,,,0.380299985408783,0.115900002419949,0.0430000014603138,0.295899987220764,0.0697000026702881,0.0188999995589256,,0.231900006532669,0.497999995946884,0.0970000028610229,0.353199988603592,0.771200001239777,247.0,251.0,273.0,861.0,861.0,930.0,436.0,436.0,436.0,943.0,300.0,232.0,,,0.160799995064735,77.0,0.102799996733665,756.0,0.552999973297119,122.0,0.738499999046326,45.0,0.0,476.0,0.0,476.0,0.0,437.0,0.002199999988079,428.0,0.441399991512299,1192.0,0.657800018787384,873.0,,,,,,,,,,,,,,,,,,,,,,,,
44956,RWA,Sub-Saharan Africa,Low income,Rwanda,DHS,2015,,1,Sex & Wealth,Female,,Quintile 2,,,,,,,0.519299983978271,0.113200001418591,0.0308999996632338,0.434300005435944,0.0953999981284142,0.017400000244379,,0.119499996304512,0.349400013685226,0.0379000008106232,0.294999986886978,0.685699999332428,284.0,259.0,259.0,889.0,889.0,903.0,429.0,429.0,429.0,907.0,345.0,267.0,,,0.114100001752377,112.0,0.0617999993264675,721.0,0.623700022697449,199.0,0.750899970531464,49.0,0.0023000000510364,459.0,0.0,459.0,0.0,409.0,0.0,446.0,0.382999986410141,1307.0,0.798900008201599,938.0,,,,,,,,,,,,,,,,,,,,,,,,
44957,RWA,Sub-Saharan Africa,Low income,Rwanda,DHS,2015,,1,Sex & Wealth,Female,,Quintile 3,,,,,,,0.637399971485138,0.209299996495247,0.0935000032186508,0.541800022125244,0.162699997425079,0.0623000003397465,,0.0869000032544136,0.227400004863739,0.0333000011742115,0.220400005578995,0.604399979114532,291.0,262.0,280.0,911.0,911.0,855.0,433.0,433.0,433.0,951.0,324.0,281.0,0.898500025272369,36.0,0.149000003933907,111.0,0.0412000007927418,772.0,0.740800023078918,251.0,0.714399993419647,85.0,0.0054999999701976,407.0,0.003400000045076,407.0,0.0,425.0,0.002199999988079,458.0,0.339399993419647,1336.0,0.866299986839294,974.0,,,,,,,,,,,,,,,,,,,,,,,,
44958,RWA,Sub-Saharan Africa,Low income,Rwanda,DHS,2015,,1,Sex & Wealth,Female,,Quintile 4,,,,,,,0.691299974918365,0.413500010967255,0.15090000629425,0.671299993991852,0.291999995708466,0.134299993515015,,0.044599998742342,0.147499993443489,0.0256999991834164,0.187700003385544,0.525300025939941,346.0,285.0,279.0,991.0,991.0,848.0,459.0,459.0,459.0,956.0,384.0,323.0,0.95660001039505,40.0,0.19030000269413,128.0,0.0318000018596649,786.0,0.77130001783371,345.0,0.749100029468536,167.0,0.0362999998033047,393.0,0.0129000004380941,393.0,0.0160000007599592,373.0,0.0100999996066093,509.0,0.298200011253357,1370.0,0.897599995136261,1157.0,,,,,,,,,,,,,,,,,,,,,,,,
44959,RWA,Sub-Saharan Africa,Low income,Rwanda,DHS,2015,,1,Sex & Wealth,Female,,Quintile 5,,,,,,,0.717599987983704,,0.412200003862381,0.750899970531464,0.444599986076355,0.402099996805191,,0.0522999987006187,0.104099996387959,0.0348999984562397,0.262899994850159,0.57940000295639,490.0,475.0,418.0,1504.0,1504.0,1298.0,688.0,688.0,688.0,934.0,513.0,467.0,0.961000025272369,123.0,0.0996000021696091,127.0,0.0295000001788139,730.0,0.822099983692169,557.0,0.855799973011017,378.0,0.184300005435944,595.0,0.108800001442432,595.0,0.108300000429153,531.0,0.0614000000059605,771.0,0.231700003147125,1272.0,0.943899989128113,2331.0,,,,,,,,,,,,,,,,,,,,,,,,
44960,RWA,Sub-Saharan Africa,Low income,Rwanda,DHS,2015,,1,Sex & Wealth,Male,,Quintile 1,,,,,,,0.26460000872612,0.110600002110004,0.0233999993652105,0.274100005626678,0.0632999986410141,0.0109999999403954,,0.232899993658066,0.472400009632111,0.136399999260902,0.326099991798401,0.698899984359741,255.0,193.0,184.0,686.0,686.0,635.0,291.0,291.0,291.0,940.0,287.0,230.0,,,0.200800001621246,95.0,0.172499999403954,748.0,0.674600005149841,96.0,,,0.003400000045076,315.0,0.0003999999898951,315.0,0.0,306.0,0.0,344.0,0.472400009632111,1207.0,0.651199996471405,285.0,,,,,,,,,,,,,,,,,,,,,,,,
44961,RWA,Sub-Saharan Africa,Low income,Rwanda,DHS,2015,,1,Sex & Wealth,Male,,Quintile 2,,,,,,,0.426099985837936,0.101300001144409,0.061999998986721,0.410400003194809,0.0993999987840652,0.0333999991416931,,0.0790999978780746,0.293000012636185,0.0848999992012978,0.282700002193451,0.641600012779236,290.0,200.0,203.0,777.0,777.0,733.0,352.0,352.0,352.0,876.0,350.0,252.0,,,0.172999992966652,74.0,0.0961000025272369,685.0,0.675999999046326,132.0,0.657999992370605,44.0,0.0028999999631196,365.0,0.0,365.0,0.0,378.0,0.0,359.0,0.419099986553192,1238.0,0.776899993419647,375.0,,,,,,,,,,,,,,,,,,,,,,,,
44962,RWA,Sub-Saharan Africa,Low income,Rwanda,DHS,2015,,1,Sex & Wealth,Male,,Quintile 3,,,,,,,0.470299988985062,0.209700003266335,0.12049999833107,0.514800012111664,0.179399996995926,0.105499997735023,,0.0671999976038933,0.208800002932549,0.0471000000834465,0.259600013494492,0.626900017261505,310.0,243.0,232.0,876.0,876.0,726.0,386.0,386.0,386.0,895.0,379.0,284.0,0.909300029277802,30.0,0.124499998986721,105.0,0.0709000006318092,733.0,0.643199980258942,220.0,0.767599999904633,89.0,0.0147000001743436,348.0,0.0087000001221895,348.0,0.0,353.0,0.0077999997884035,427.0,0.414400011301041,1321.0,0.847199976444244,455.0,,,,,,,,,,,,,,,,,,,,,,,,
44963,RWA,Sub-Saharan Africa,Low income,Rwanda,DHS,2015,,1,Sex & Wealth,Male,,Quintile 4,,,,,,,0.50629997253418,0.260399997234344,0.192699998617172,0.565100014209747,0.223399996757507,0.177699998021126,,0.0617000013589859,0.189099997282028,0.0412999987602234,0.230499997735023,0.566399991512299,385.0,278.0,212.0,953.0,953.0,738.0,363.0,363.0,363.0,946.0,426.0,370.0,0.939599990844727,30.0,0.207599997520447,122.0,0.0593999996781349,750.0,0.744899988174438,268.0,0.865599989891052,112.0,0.0790000036358833,351.0,0.0226000007241964,351.0,0.0201999992132187,362.0,0.0049999998882412,462.0,0.397000014781952,1417.0,0.845300018787384,632.0,,,,,,,,,,,,,,,,,,,,,,,,
44964,RWA,Sub-Saharan Africa,Low income,Rwanda,DHS,2015,,1,Sex & Wealth,Male,,Quintile 5,,,,,,,0.625800013542175,0.430500000715256,0.428999990224838,0.714299976825714,0.401699990034103,0.401699990034103,,0.0513000003993511,0.104699999094009,0.0274000000208616,0.223499998450279,0.52810001373291,427.0,430.0,366.0,1357.0,1357.0,1258.0,629.0,629.0,629.0,922.0,398.0,447.0,0.97350001335144,119.0,0.137899994850159,132.0,0.0265999995172024,728.0,0.84060001373291,453.0,0.862999975681305,323.0,0.205200001597404,614.0,0.114200003445148,614.0,0.157299995422363,539.0,0.0644999966025352,698.0,0.253500014543533,1298.0,0.923099994659424,1081.0,,,,,,,,,,,,,,,,,,,,,,,,
44965,RWA,Sub-Saharan Africa,Low income,Rwanda,DHS,2015,,1,Region & Sex & Wealth,Female,,Quintile 1,East,,,,,,,0.0370999984443188,0.0187999997287989,0.219300001859665,0.0432000011205673,0.0167999994009733,,0.219099998474121,0.430200010538101,0.150199994444847,0.519999980926514,0.862299978733063,,44.0,53.0,143.0,143.0,171.0,89.0,89.0,89.0,175.0,40.0,33.0,,,,,0.130799993872643,139.0,,,,,0.0,80.0,0.0,80.0,0.0,81.0,0.0,72.0,0.430500000715256,209.0,0.569999992847443,146.0,,,,,,,,,,,,,,,,,,,,,,,,
44966,RWA,Sub-Saharan Africa,Low income,Rwanda,DHS,2015,,1,Region & Sex & Wealth,Female,,Quintile 1,North,,,,,,0.397399991750717,0.146099999547005,0.0320999994874001,0.354299992322922,0.0812000036239624,0.0154999997466803,,0.312799990177155,0.479600012302399,0.0631999969482422,0.402900010347366,0.828499972820282,52.0,34.0,33.0,131.0,131.0,127.0,54.0,54.0,54.0,142.0,71.0,39.0,,,,,0.0575999990105629,111.0,,,,,0.0,68.0,0.0,68.0,0.0,60.0,0.0,56.0,0.36370000243187,192.0,0.693199992179871,141.0,,,,,,,,,,,,,,,,,,,,,,,,
44967,RWA,Sub-Saharan Africa,Low income,Rwanda,DHS,2015,,1,Region & Sex & Wealth,Female,,Quintile 1,South,,,,,,0.352899998426437,0.127100005745888,0.0518999993801117,0.289299994707108,0.0617000013589859,0.0247000008821487,,0.236599996685982,0.56879997253418,0.106200002133846,0.342500001192093,0.703199982643127,81.0,68.0,84.0,257.0,257.0,300.0,124.0,124.0,124.0,310.0,92.0,79.0,,,,,0.112700000405312,254.0,0.540899991989136,36.0,,,0.0,156.0,0.0,156.0,0.0,155.0,0.0,127.0,0.473699986934662,376.0,0.681999981403351,268.0,,,,,,,,,,,,,,,,,,,,,,,,
44968,RWA,Sub-Saharan Africa,Low income,Rwanda,DHS,2015,,1,Region & Sex & Wealth,Female,,Quintile 1,West,,,,,,0.362100005149841,0.135800004005432,0.0546999983489513,0.303200006484985,0.0808999985456467,0.0177999995648861,,0.20160000026226,0.474900007247925,0.0557000003755093,0.230499997735023,0.755299985408783,76.0,97.0,101.0,310.0,310.0,309.0,163.0,163.0,163.0,294.0,89.0,73.0,,,,,0.0998999997973442,233.0,0.593800008296967,46.0,,,0.0,156.0,0.0,156.0,0.0,125.0,0.006000000052154,161.0,0.451400011777878,389.0,0.662699997425079,296.0,,,,,,,,,,,,,,,,,,,,,,,,
44969,RWA,Sub-Saharan Africa,Low income,Rwanda,DHS,2015,,1,Region & Sex & Wealth,Female,,Quintile 2,East,,,,,,0.402599990367889,0.0658999979496002,0.0,0.374000012874603,0.047800000756979,0.0082000000402331,,0.204699993133545,0.44870001077652,0.0414000004529953,0.450300008058548,0.717199981212616,58.0,64.0,57.0,207.0,207.0,247.0,115.0,115.0,115.0,203.0,73.0,48.0,,,0.156399995088577,31.0,0.0953999981284142,168.0,0.510299980640411,33.0,,,0.0,141.0,0.0,141.0,0.0,83.0,0.0,100.0,0.403299987316132,285.0,0.751900017261505,207.0,,,,,,,,,,,,,,,,,,,,,,,,
44970,RWA,Sub-Saharan Africa,Low income,Rwanda,DHS,2015,,1,Region & Sex & Wealth,Female,,Quintile 2,North,,,,,,0.537299990653992,0.152600005269051,0.0226000007241964,0.464199990034103,0.100900001823902,0.0076000001281499,,0.0763999968767166,0.296999990940094,0.0269000008702278,0.25670000910759,0.748799979686737,67.0,46.0,53.0,180.0,180.0,164.0,84.0,84.0,84.0,169.0,81.0,60.0,,,,,0.0390999987721443,132.0,0.580399990081787,43.0,,,0.0,70.0,0.0,70.0,0.0,79.0,0.0,92.0,0.35359999537468,265.0,0.801199972629547,199.0,,,,,,,,,,,,,,,,,,,,,,,,
44971,RWA,Sub-Saharan Africa,Low income,Rwanda,DHS,2015,,1,Region & Sex & Wealth,Female,,Quintile 2,South,,,,,,0.480199992656708,0.104900002479553,0.0844999998807907,0.46340000629425,0.135399997234344,0.0326999984681606,,0.0690999999642372,0.291200011968613,0.0527999997138977,0.219500005245209,0.713699996471405,73.0,66.0,59.0,217.0,217.0,209.0,92.0,92.0,92.0,253.0,102.0,69.0,,,,,0.0684999972581863,195.0,0.58490002155304,53.0,,,0.0,107.0,0.0,107.0,0.0,113.0,0.0,105.0,0.43860000371933,358.0,0.833999991416931,236.0,,,,,,,,,,,,,,,,,,,,,,,,
44972,RWA,Sub-Saharan Africa,Low income,Rwanda,DHS,2015,,1,Region & Sex & Wealth,Female,,Quintile 2,West,,,,,,0.651300013065338,0.139899998903275,0.0285999998450279,0.444000005722046,0.104800000786781,0.0239000003784895,,0.0790000036358833,0.317400008440018,0.0375999994575977,0.275700002908707,0.577400028705597,82.0,78.0,81.0,264.0,264.0,257.0,125.0,125.0,125.0,261.0,83.0,84.0,,,0.0,32.0,0.044599998742342,209.0,0.735099971294403,66.0,,,0.0087000001221895,127.0,0.0,127.0,0.0,125.0,0.0,140.0,0.338800013065338,363.0,0.80919998884201,275.0,,,,,,,,,,,,,,,,,,,,,,,,
44973,RWA,Sub-Saharan Africa,Low income,Rwanda,DHS,2015,,1,Region & Sex & Wealth,Female,,Quintile 3,East,,,,,,0.571399986743927,0.166899994015694,0.0234999991953373,0.465400010347366,0.108599998056889,0.023700000718236,,0.0971999987959862,0.254200011491776,0.0483000017702579,0.320499986410141,0.688799977302551,78.0,84.0,66.0,249.0,249.0,237.0,121.0,121.0,121.0,258.0,89.0,76.0,,,0.250200003385544,40.0,0.0672999992966652,212.0,0.681900024414062,57.0,,,0.0,107.0,0.0,107.0,0.0,121.0,0.0,131.0,0.341100007295609,376.0,0.839699983596802,262.0,,,,,,,,,,,,,,,,,,,,,,,,
44974,RWA,Sub-Saharan Africa,Low income,Rwanda,DHS,2015,,1,Region & Sex & Wealth,Female,,Quintile 3,North,,,,,,0.685899972915649,0.233700007200241,0.0560000017285347,0.614400029182434,0.160400003194809,0.0434000007808208,,0.0913000032305717,0.201199993491173,0.0252999998629093,0.297699987888336,0.683399975299835,66.0,45.0,46.0,174.0,174.0,172.0,74.0,74.0,74.0,199.0,79.0,52.0,,,,,0.024100000038743,164.0,0.730799973011017,53.0,,,0.0087999999523162,95.0,0.0,95.0,0.0,71.0,0.0,84.0,0.293500006198883,267.0,0.840499997138977,186.0,,,,,,,,,,,,,,,,,,,,,,,,
44975,RWA,Sub-Saharan Africa,Low income,Rwanda,DHS,2015,,1,Region & Sex & Wealth,Female,,Quintile 3,South,,,,,,0.602199971675873,0.182099997997284,0.0970999971032143,0.535799980163574,0.161899998784065,0.0617999993264675,,0.0723000019788742,0.181099995970726,0.0434000007808208,0.130400002002716,0.569100022315979,75.0,63.0,83.0,237.0,237.0,210.0,115.0,115.0,115.0,230.0,84.0,75.0,,,,,0.0467000007629395,181.0,0.751399993896484,64.0,,,0.0,94.0,0.0,94.0,0.0,106.0,0.0,117.0,0.412499994039536,327.0,0.882700026035309,263.0,,,,,,,,,,,,,,,,,,,,,,,,
44976,RWA,Sub-Saharan Africa,Low income,Rwanda,DHS,2015,,1,Region & Sex & Wealth,Female,,Quintile 3,West,,,,,,0.704100012779236,0.30349999666214,0.188500002026558,0.589999973773956,0.24269999563694,0.132400006055832,,0.0662999972701073,0.243399992585182,0.0168999992311001,0.095600001513958,0.434700012207031,64.0,63.0,78.0,227.0,227.0,218.0,112.0,112.0,112.0,236.0,66.0,69.0,,,,,0.0242999996989965,193.0,0.760900020599365,69.0,,,0.0142000000923872,104.0,0.0142000000923872,104.0,0.0,107.0,0.0093999998643994,114.0,0.313899993896484,323.0,0.899500012397766,237.0,,,,,,,,,,,,,,,,,,,,,,,,
44977,RWA,Sub-Saharan Africa,Low income,Rwanda,DHS,2015,,1,Region & Sex & Wealth,Female,,Quintile 4,East,,,,,,0.58050000667572,0.313699990510941,0.12219999730587,0.597299993038177,0.256900012493134,0.115800000727177,,0.0081000002101063,0.148499995470047,0.0307000000029802,0.257099986076355,0.564100027084351,90.0,67.0,76.0,259.0,259.0,242.0,127.0,127.0,127.0,280.0,115.0,79.0,,,0.253800004720688,39.0,0.0461999997496605,225.0,0.700399994850159,79.0,0.732800006866455,40.0,0.0350000001490116,121.0,0.0096000004559755,121.0,0.0089999996125698,105.0,0.0,132.0,0.394199997186661,409.0,0.848999977111816,313.0,,,,,,,,,,,,,,,,,,,,,,,,
44978,RWA,Sub-Saharan Africa,Low income,Rwanda,DHS,2015,,1,Region & Sex & Wealth,Female,,Quintile 4,Kigali City,,,,,,,,,0.548900008201599,0.169300004839897,0.0719999969005585,,0.138099998235703,0.275799989700317,0.0899000018835068,,,,,,65.0,65.0,50.0,31.0,31.0,31.0,46.0,,,,,,,0.0162000004202127,35.0,,,,,,,,,,,,,0.273200005292892,76.0,0.81139999628067,74.0,,,,,,,,,,,,,,,,,,,,,,,,
44979,RWA,Sub-Saharan Africa,Low income,Rwanda,DHS,2015,,1,Region & Sex & Wealth,Female,,Quintile 4,North,,,,,,0.741100013256073,0.467000007629395,0.171000003814697,0.727999985218048,0.34060001373291,0.13459999859333,,0.0738999992609024,0.186599999666214,0.0109999999403954,0.129199996590614,0.44539999961853,72.0,56.0,45.0,192.0,192.0,165.0,81.0,81.0,81.0,177.0,70.0,66.0,,,,,0.0264999996870756,147.0,0.820500016212463,70.0,0.809300005435944,30.0,0.0275999996811152,84.0,0.0,84.0,0.0549999997019768,65.0,0.0126000000163913,89.0,0.222900003194809,235.0,0.902599990367889,220.0,,,,,,,,,,,,,,,,,,,,,,,,
44980,RWA,Sub-Saharan Africa,Low income,Rwanda,DHS,2015,,1,Region & Sex & Wealth,Female,,Quintile 4,South,,,,,,0.708899974822998,0.487500011920929,0.163499996066093,0.67519998550415,0.287299990653992,0.103500001132488,,0.0286999996751547,0.0886000022292137,0.0172000005841255,0.164000004529953,0.464899986982346,87.0,78.0,71.0,259.0,259.0,220.0,121.0,121.0,121.0,239.0,106.0,83.0,,,,,0.0304000005125999,200.0,0.792999982833862,97.0,0.677100002765656,47.0,0.0212999992072582,101.0,0.0065000001341104,101.0,0.0,100.0,0.0078999996185302,135.0,0.284599989652634,355.0,0.936800003051758,298.0,,,,,,,,,,,,,,,,,,,,,,,,
44981,RWA,Sub-Saharan Africa,Low income,Rwanda,DHS,2015,,1,Region & Sex & Wealth,Female,,Quintile 4,West,,,,,,0.810999989509583,0.462500005960464,0.180500000715256,0.754400014877319,0.339399993419647,0.217099994421005,,0.0582000017166138,0.139699995517731,0.0233999993652105,0.10249999910593,0.526000022888184,75.0,68.0,62.0,216.0,216.0,171.0,99.0,99.0,99.0,214.0,75.0,73.0,,,,,0.0205000005662441,179.0,0.807099997997284,81.0,0.79449999332428,45.0,0.0763999968767166,70.0,0.0449000000953674,70.0,0.0160000007599592,76.0,0.0251000002026558,125.0,0.234300002455711,295.0,0.944400012493134,252.0,,,,,,,,,,,,,,,,,,,,,,,,
44982,RWA,Sub-Saharan Africa,Low income,Rwanda,DHS,2015,,1,Region & Sex & Wealth,Female,,Quintile 5,East,,,,,,0.709100008010864,0.395799994468689,0.332399994134903,0.731800019741058,0.348199993371964,0.384900003671646,,0.102200001478195,0.157199993729591,0.0184000004082918,0.301099985837936,0.524600028991699,77.0,66.0,70.0,224.0,224.0,194.0,105.0,105.0,105.0,173.0,91.0,61.0,,,,,0.0434999987483025,135.0,0.864199995994568,75.0,0.848800003528595,49.0,0.181600004434586,76.0,0.133399993181229,76.0,0.0676999986171722,85.0,0.0324999988079071,111.0,0.247500002384186,236.0,0.92519998550415,334.0,,,,,,,,,,,,,,,,,,,,,,,,
44983,RWA,Sub-Saharan Africa,Low income,Rwanda,DHS,2015,,1,Region & Sex & Wealth,Female,,Quintile 5,Kigali City,,,,,,0.665499985218048,0.508300006389618,0.377600014209747,0.726999998092651,0.431499987840652,0.390799999237061,,0.0410000011324883,0.109499998390675,0.0531999990344048,0.369599997997284,0.755599975585938,168.0,209.0,198.0,644.0,644.0,650.0,342.0,342.0,342.0,285.0,147.0,179.0,0.992999970912933,64.0,0.0373000018298626,48.0,0.0269000008702278,220.0,0.762499988079071,228.0,0.820999979972839,172.0,0.196400001645088,310.0,0.112400002777576,310.0,0.123199999332428,246.0,0.0844999998807907,323.0,0.205200001597404,406.0,0.953299999237061,1017.0,,,,,,,,,,,,,,,,,,,,,,,,
44984,RWA,Sub-Saharan Africa,Low income,Rwanda,DHS,2015,,1,Region & Sex & Wealth,Female,,Quintile 5,North,,,,,,0.904299974441528,0.528599977493286,0.501800000667572,0.849699974060059,0.495400011539459,0.451200008392334,,0.0778999999165535,0.0961999967694283,0.0080000003799796,0.20890000462532,0.351500004529953,56.0,46.0,43.0,157.0,157.0,107.0,63.0,63.0,63.0,122.0,70.0,58.0,,,,,0.0099999997764825,96.0,0.875,66.0,0.870400011539459,35.0,0.124499998986721,44.0,0.0179999992251396,44.0,0.112300001084805,52.0,0.0425999984145164,81.0,0.188899993896484,152.0,0.939800024032593,226.0,,,,,,,,,,,,,,,,,,,,,,,,
44985,RWA,Sub-Saharan Africa,Low income,Rwanda,DHS,2015,,1,Region & Sex & Wealth,Female,,Quintile 5,South,,,,,,0.681699991226196,0.546199977397919,0.481099992990494,0.75739997625351,0.445699989795685,0.444599986076355,,0.0212999992072582,0.0410000011324883,0.0183000005781651,0.217700004577637,0.510200023651123,104.0,72.0,59.0,253.0,253.0,187.0,97.0,97.0,97.0,192.0,116.0,88.0,,,0.141299992799759,31.0,0.0218000002205372,143.0,0.824000000953674,91.0,0.929400026798248,58.0,0.23479999601841,89.0,0.134299993515015,89.0,0.0903000012040138,89.0,0.0373000018298626,124.0,0.252600014209747,273.0,0.940900027751923,424.0,,,,,,,,,,,,,,,,,,,,,,,,
44986,RWA,Sub-Saharan Africa,Low income,Rwanda,DHS,2015,,1,Region & Sex & Wealth,Female,,Quintile 5,West,,,,,,0.743399977684021,0.654699981212616,0.522300004959106,0.766300022602081,0.54830002784729,0.397799998521805,,0.0507000014185905,0.0810000002384186,0.043699998408556,0.102700002491474,0.418700009584427,85.0,82.0,48.0,226.0,226.0,160.0,81.0,81.0,81.0,162.0,89.0,81.0,,,,,0.0381999984383583,136.0,0.89740002155304,97.0,0.887199997901917,64.0,0.11879999935627,76.0,0.0939000025391579,76.0,0.120399996638298,59.0,0.0575999990105629,132.0,0.268999993801117,205.0,0.937699973583221,330.0,,,,,,,,,,,,,,,,,,,,,,,,
44987,RWA,Sub-Saharan Africa,Low income,Rwanda,DHS,2015,,1,Region & Sex & Wealth,Male,,Quintile 1,East,,,,,,0.170800000429153,0.102099999785423,,0.233600005507469,0.0518000014126301,0.0094999996945262,,0.243100002408028,0.56470000743866,0.203700006008148,0.519500017166138,0.774999976158142,33.0,34.0,,101.0,101.0,113.0,44.0,44.0,44.0,157.0,39.0,30.0,,,,,0.267599999904633,123.0,,,,,0.0,62.0,0.0,62.0,0.0,65.0,0.0,54.0,0.458799988031387,183.0,0.673500001430511,45.0,,,,,,,,,,,,,,,,,,,,,,,,
44988,RWA,Sub-Saharan Africa,Low income,Rwanda,DHS,2015,,1,Region & Sex & Wealth,Male,,Quintile 1,North,,,,,,0.308200001716614,0.197500005364418,0.0,0.290199995040894,0.0637999996542931,0.0,,0.262699991464615,0.483599990606308,0.110799998044968,0.379200011491776,0.656300008296967,47.0,33.0,30.0,117.0,117.0,89.0,46.0,46.0,46.0,195.0,60.0,44.0,,,,,0.123999997973442,154.0,,,,,0.0,38.0,0.0,38.0,0.0,41.0,0.0,60.0,0.476599991321564,237.0,0.580900013446808,42.0,,,,,,,,,,,,,,,,,,,,,,,,
44989,RWA,Sub-Saharan Africa,Low income,Rwanda,DHS,2015,,1,Region & Sex & Wealth,Male,,Quintile 1,South,,,,,,0.230900004506111,0.0627000033855438,0.0230000000447035,0.2449000030756,0.0526000000536442,0.0097000002861022,,0.253600001335144,0.500800013542175,0.11089999973774,0.261599987745285,0.821600019931793,86.0,59.0,50.0,213.0,213.0,198.0,89.0,89.0,89.0,297.0,97.0,72.0,,,,,0.178100004792213,237.0,,,,,0.001300000003539,102.0,0.001300000003539,102.0,0.0,95.0,0.0,103.0,0.502699971199036,375.0,0.688700020313263,102.0,,,,,,,,,,,,,,,,,,,,,,,,
44990,RWA,Sub-Saharan Africa,Low income,Rwanda,DHS,2015,,1,Region & Sex & Wealth,Male,,Quintile 1,West,,,,,,0.317799985408783,0.0953999981284142,0.0299999993294477,0.315100014209747,0.0786999985575676,0.0188999995589256,,0.19990000128746,0.407999992370605,0.117899999022484,0.243399992585182,0.61710000038147,84.0,61.0,70.0,233.0,233.0,219.0,100.0,100.0,100.0,271.0,87.0,80.0,,,0.0362999998033047,30.0,0.1199000030756,219.0,0.707899987697601,40.0,,,0.0094999996945262,108.0,0.0,108.0,0.0,96.0,0.0,117.0,0.462000012397766,386.0,0.637199997901917,90.0,,,,,,,,,,,,,,,,,,,,,,,,
44991,RWA,Sub-Saharan Africa,Low income,Rwanda,DHS,2015,,1,Region & Sex & Wealth,Male,,Quintile 2,East,,,,,,0.375800013542175,0.0901999995112419,0.0610000006854534,0.386799991130829,0.0812999978661537,0.0204000007361174,,0.0876000002026558,0.314999997615814,0.0899000018835068,0.400700002908707,0.725199997425079,71.0,48.0,47.0,187.0,187.0,184.0,82.0,82.0,82.0,178.0,67.0,69.0,,,,,0.13230000436306,134.0,0.730300009250641,33.0,,,0.0,90.0,0.0,90.0,0.0,102.0,0.0,82.0,0.423599988222122,245.0,0.821699976921082,76.0,,,,,,,,,,,,,,,,,,,,,,,,
44992,RWA,Sub-Saharan Africa,Low income,Rwanda,DHS,2015,,1,Region & Sex & Wealth,Male,,Quintile 2,North,,,,,,0.524699985980988,0.104999996721745,0.0282000005245209,0.383500009775162,0.115800000727177,0.0441999994218349,,0.0741000026464462,0.280299991369247,0.0718000009655952,0.248600006103516,,40.0,33.0,39.0,127.0,127.0,143.0,69.0,69.0,69.0,182.0,59.0,,,,,,0.0544999986886978,147.0,,,,,0.014299999922514,75.0,0.0,75.0,0.0,49.0,0.0,48.0,0.361600011587143,244.0,0.861599981784821,71.0,,,,,,,,,,,,,,,,,,,,,,,,
44993,RWA,Sub-Saharan Africa,Low income,Rwanda,DHS,2015,,1,Region & Sex & Wealth,Male,,Quintile 2,South,,,,,,0.346799999475479,0.136899992823601,0.0617000013589859,0.395099997520447,0.126200005412102,0.0285000000149012,,0.0559000000357628,0.221599996089935,0.0855000019073486,0.174899995326996,0.530600011348724,81.0,55.0,51.0,202.0,202.0,178.0,88.0,88.0,88.0,247.0,98.0,70.0,,,,,0.114799998700619,196.0,0.739600002765656,30.0,,,0.0,80.0,0.0,80.0,0.0,105.0,0.0,106.0,0.483599990606308,360.0,0.772599995136261,108.0,,,,,,,,,,,,,,,,,,,,,,,,
44994,RWA,Sub-Saharan Africa,Low income,Rwanda,DHS,2015,,1,Region & Sex & Wealth,Male,,Quintile 2,West,,,,,,0.492599993944168,0.0725999996066093,0.0791999995708466,0.4442999958992,0.0881000012159348,0.0425999984145164,,0.101199999451637,0.361299991607666,0.0815000012516975,0.297300010919571,0.683499991893768,88.0,56.0,59.0,234.0,234.0,209.0,102.0,102.0,102.0,253.0,117.0,74.0,,,,,0.0718000009655952,197.0,0.575100004673004,46.0,,,0.0,112.0,0.0,112.0,0.0,108.0,0.0,107.0,0.405600011348724,366.0,0.691900014877319,110.0,,,,,,,,,,,,,,,,,,,,,,,,
44995,RWA,Sub-Saharan Africa,Low income,Rwanda,DHS,2015,,1,Region & Sex & Wealth,Male,,Quintile 3,East,,,,,,0.448500007390976,0.153200000524521,0.0716999992728233,0.533399999141693,0.173800006508827,0.102600000798702,,0.0653999969363213,0.179299995303154,0.0395999997854233,0.38960000872612,0.622699975967407,87.0,66.0,67.0,247.0,247.0,206.0,111.0,111.0,111.0,232.0,93.0,90.0,,,,,0.104299999773502,193.0,0.662000000476837,62.0,,,0.031300000846386,97.0,0.0113000003620982,97.0,0.0,101.0,0.0,119.0,0.44760000705719,340.0,0.887199997901917,135.0,,,,,,,,,,,,,,,,,,,,,,,,
44996,RWA,Sub-Saharan Africa,Low income,Rwanda,DHS,2015,,1,Region & Sex & Wealth,Male,,Quintile 3,Kigali City,,,,,,,,,0.466199994087219,0.1925999969244,,,,,,,,,,,30.0,30.0,,,,,,,,,,,,,,,,,,,,,,,,,,0.450199991464615,34.0,,,,,,,,,,,,,,,,,,,,,,,,,,
44997,RWA,Sub-Saharan Africa,Low income,Rwanda,DHS,2015,,1,Region & Sex & Wealth,Male,,Quintile 3,North,,,,,,0.339100003242493,0.273200005292892,0.149599999189377,0.497900009155273,0.207300007343292,0.0908999964594841,,0.0320999994874001,0.206900000572205,0.031700000166893,0.328700006008148,0.772300004959106,47.0,52.0,45.0,158.0,158.0,139.0,71.0,71.0,71.0,175.0,68.0,43.0,,,,,0.0636000037193298,144.0,0.569100022315979,39.0,,,0.0130000002682209,70.0,0.0130000002682209,70.0,0.0,65.0,0.0,77.0,0.341899991035461,264.0,0.804400026798248,66.0,,,,,,,,,,,,,,,,,,,,,,,,
44998,RWA,Sub-Saharan Africa,Low income,Rwanda,DHS,2015,,1,Region & Sex & Wealth,Male,,Quintile 3,South,,,,,,0.477899998426437,0.219899997115135,0.126399993896484,0.494899988174438,0.152500003576279,0.0939000025391579,,0.125,0.248500004410744,0.0568000003695488,0.235400006175041,0.673399984836578,90.0,51.0,43.0,208.0,208.0,171.0,81.0,81.0,81.0,234.0,99.0,80.0,,,,,0.0542000010609627,189.0,0.577000021934509,56.0,,,0.0,97.0,0.0,97.0,0.0,89.0,0.0172000005841255,99.0,0.414200007915497,332.0,0.778199970722198,109.0,,,,,,,,,,,,,,,,,,,,,,,,
44999,RWA,Sub-Saharan Africa,Low income,Rwanda,DHS,2015,,1,Region & Sex & Wealth,Male,,Quintile 3,West,,,,,,0.572000026702881,0.214000001549721,0.169799998402596,0.526799976825714,0.188199996948242,0.144400000572205,,0.0573000013828278,0.231099992990494,0.0522000007331371,0.11150000244379,0.45550000667572,79.0,62.0,68.0,233.0,233.0,181.0,108.0,108.0,108.0,229.0,109.0,61.0,,,0.0861999988555908,32.0,0.0606000013649464,186.0,0.752699971199036,57.0,,,0.0127999996766448,74.0,0.0127999996766448,74.0,0.0,83.0,0.016499999910593,112.0,0.430900007486343,351.0,0.854700028896332,122.0,,,,,,,,,,,,,,,,,,,,,,,,
45000,RWA,Sub-Saharan Africa,Low income,Rwanda,DHS,2015,,1,Region & Sex & Wealth,Male,,Quintile 4,East,,,,,,0.450199991464615,0.275299996137619,0.207000002264977,0.532100021839142,0.218199998140335,0.153500005602837,,0.0538999997079372,0.18529999256134,0.0377999991178513,0.258500009775162,0.561800003051758,123.0,78.0,48.0,273.0,273.0,205.0,90.0,90.0,90.0,269.0,118.0,111.0,,,0.342999994754791,40.0,0.094700001180172,218.0,0.757000029087067,72.0,,,0.0727000012993813,104.0,0.023199999704957,104.0,0.0,109.0,0.002199999988079,130.0,0.462099999189377,419.0,0.893499970436096,179.0,,,,,,,,,,,,,,,,,,,,,,,,
45001,RWA,Sub-Saharan Africa,Low income,Rwanda,DHS,2015,,1,Region & Sex & Wealth,Male,,Quintile 4,Kigali City,,,,,,,,,0.549600005149841,0.178900003433228,0.0794999971985817,,,,0.0394000001251698,,,,,,44.0,44.0,52.0,,,,48.0,,,,,,,0.0808999985456467,39.0,,,,,0.0,30.0,0.0,30.0,,,,,0.335200011730194,75.0,0.86080002784729,37.0,,,,,,,,,,,,,,,,,,,,,,,,
45002,RWA,Sub-Saharan Africa,Low income,Rwanda,DHS,2015,,1,Region & Sex & Wealth,Male,,Quintile 4,North,,,,,,0.638400018215179,0.240199998021126,0.277700006961823,0.611400008201599,0.244000002741814,0.225899994373322,,0.0935999974608421,0.16329999268055,0.0456000007688999,0.229300007224083,0.600600004196167,69.0,47.0,39.0,167.0,167.0,119.0,58.0,58.0,58.0,166.0,93.0,74.0,,,,,0.0080000003799796,127.0,0.696200013160706,57.0,,,0.0846000015735626,54.0,0.0370000004768372,54.0,0.0351000018417835,64.0,0.0113000003620982,81.0,0.365700006484985,250.0,0.807099997997284,109.0,,,,,,,,,,,,,,,,,,,,,,,,
45003,RWA,Sub-Saharan Africa,Low income,Rwanda,DHS,2015,,1,Region & Sex & Wealth,Male,,Quintile 4,South,,,,,,0.467500001192093,0.258700013160706,0.17509999871254,0.546500027179718,0.212599992752075,0.177699998021126,,0.0703999996185303,0.221799999475479,0.0362999998033047,0.209600001573563,0.619799971580505,101.0,67.0,58.0,250.0,250.0,225.0,103.0,103.0,103.0,262.0,117.0,94.0,,,0.188500002026558,34.0,0.0537000000476837,204.0,0.681800007820129,62.0,,,0.0878000035881996,115.0,0.0093999998643994,115.0,0.023199999704957,92.0,0.010499999858439,110.0,0.383300006389618,395.0,0.827600002288818,176.0,,,,,,,,,,,,,,,,,,,,,,,,
45004,RWA,Sub-Saharan Africa,Low income,Rwanda,DHS,2015,,1,Region & Sex & Wealth,Male,,Quintile 4,West,,,,,,0.519599974155426,0.297100007534027,0.151700004935265,0.596199989318848,0.234699994325638,0.212300002574921,,0.046399999409914,0.17620000243187,0.0458000004291534,0.188299998641014,0.465299993753433,80.0,73.0,55.0,219.0,219.0,137.0,89.0,89.0,89.0,201.0,87.0,75.0,,,,,0.0491999983787537,162.0,0.812900006771088,67.0,0.826799988746643,34.0,0.118299998342991,48.0,0.0494000017642975,48.0,0.0469999983906746,71.0,0.0,121.0,0.351799994707108,278.0,0.823499977588654,131.0,,,,,,,,,,,,,,,,,,,,,,,,
45005,RWA,Sub-Saharan Africa,Low income,Rwanda,DHS,2015,,1,Region & Sex & Wealth,Male,,Quintile 5,East,,,,,,0.552500009536743,0.352200001478195,0.368800014257431,0.658200025558472,0.329800009727478,0.383199989795685,,0.0428000018000603,0.0798999965190887,0.0368000008165836,0.272300004959106,0.540499985218048,83.0,75.0,51.0,228.0,228.0,186.0,89.0,89.0,89.0,168.0,75.0,91.0,,,,,0.031700000166893,136.0,0.877699971199036,79.0,0.759100019931793,45.0,0.240700006484985,98.0,0.153200000524521,98.0,0.0995000004768372,75.0,0.008899999782443,120.0,0.270799994468689,240.0,0.937099993228912,165.0,,,,,,,,,,,,,,,,,,,,,,,,
45006,RWA,Sub-Saharan Africa,Low income,Rwanda,DHS,2015,,1,Region & Sex & Wealth,Male,,Quintile 5,Kigali City,,,,,,0.676999986171722,0.481499999761581,0.463899999856949,0.752399981021881,0.435099989175797,0.398699998855591,,0.0350000001490116,0.088699996471405,0.031199999153614,0.195500001311302,0.578499972820282,98.0,160.0,186.0,500.0,500.0,591.0,302.0,302.0,302.0,316.0,93.0,122.0,0.972800016403198,55.0,0.1199000030756,54.0,0.0307000000029802,248.0,0.808000028133392,149.0,0.903500020503998,157.0,0.194600000977516,263.0,0.0948999971151352,263.0,0.13060000538826,260.0,0.0939000025391579,247.0,0.219200000166893,451.0,0.953299999237061,412.0,,,,,,,,,,,,,,,,,,,,,,,,
45007,RWA,Sub-Saharan Africa,Low income,Rwanda,DHS,2015,,1,Region & Sex & Wealth,Male,,Quintile 5,North,,,,,,0.664699971675873,0.393500000238419,,0.731599986553192,0.383300006389618,0.372000008821487,,0.0843999981880188,0.096000000834465,0.0225000008940697,0.225199997425079,0.460500001907349,67.0,41.0,,153.0,153.0,103.0,55.0,55.0,55.0,115.0,59.0,61.0,,,,,0.0285000000149012,96.0,0.847800016403198,59.0,,,0.0926000028848648,55.0,0.0417000018060207,55.0,0.268299996852875,51.0,0.0489000007510185,79.0,0.211400002241135,170.0,0.932099997997284,103.0,,,,,,,,,,,,,,,,,,,,,,,,
45008,RWA,Sub-Saharan Africa,Low income,Rwanda,DHS,2015,,1,Region & Sex & Wealth,Male,,Quintile 5,South,,,,,,0.668500006198883,0.36719998717308,0.224399998784065,0.686100006103516,0.340200006961823,0.372299998998642,,0.0551000013947487,0.162499994039536,0.0258000008761883,0.252000004053116,0.51690000295639,111.0,86.0,56.0,277.0,277.0,213.0,101.0,101.0,101.0,184.0,87.0,111.0,,,,,0.0329000018537045,140.0,0.816500008106232,102.0,0.825100004673004,43.0,0.193200007081032,117.0,0.130400002002716,117.0,0.239399999380112,87.0,0.0531000010669231,149.0,0.280800014734268,244.0,0.875899970531464,230.0,,,,,,,,,,,,,,,,,,,,,,,,
45009,RWA,Sub-Saharan Africa,Low income,Rwanda,DHS,2015,,1,Region & Sex & Wealth,Male,,Quintile 5,West,,,,,,0.55620002746582,0.495099991559982,0.515399992465973,0.70169997215271,0.483200013637543,0.477699995040894,,0.0948000028729439,0.137700006365776,0.0080000003799796,0.158999994397163,0.513800024986267,68.0,68.0,45.0,199.0,199.0,165.0,82.0,82.0,82.0,139.0,84.0,62.0,,,,,0.0,108.0,0.895799994468689,64.0,0.860599994659424,54.0,0.281100004911423,81.0,0.162900000810623,81.0,0.151199996471405,66.0,0.0842000022530556,103.0,0.315400004386902,193.0,0.880699992179871,171.0,,,,,,,,,,,,,,,,,,,,,,,,
45010,RWA,Sub-Saharan Africa,Low income,Rwanda,DHS,2015,,1,Total,,,,,,,,,,0.542699992656708,0.279300004243851,0.175400003790855,0.543099999427795,0.225099995732307,0.153600007295609,,0.096000000834465,0.243000000715256,0.0566000007092953,0.259700000286102,0.60970002412796,3325.0,2876.0,2706.0,9805.0,9805.0,8924.0,4466.0,4466.0,4466.0,9270.0,3706.0,3153.0,0.948000013828278,446.0,0.155300006270409,1083.0,0.069300003349781,7409.0,0.744799971580505,2643.0,0.805999994277954,1315.0,0.0608000010251999,4323.0,0.0318000018596649,4323.0,0.0337999984622002,4113.0,0.0196000002324581,4902.0,0.365799993276596,12958.0,0.850099980831146,9101.0,,,,,,,,,,,,,,,,,,,,,,,,
45011,RWA,Sub-Saharan Africa,Low income,Rwanda,DHS,2015,,1,Wealth,,,Quintile 1,,,,,,,0.321000009775162,0.113600000739098,0.0348999984562397,0.286100000143051,0.0667999982833862,0.0156999994069338,,0.232299998402596,0.48759999871254,0.116499997675419,0.340200006961823,0.735700011253357,502.0,444.0,457.0,1547.0,1547.0,1565.0,727.0,727.0,727.0,1883.0,587.0,462.0,,,0.181999996304512,172.0,0.136999994516373,1504.0,0.607299983501434,218.0,0.666400015354156,68.0,0.0013999999500811,791.0,0.0001999999949475,791.0,0.0,743.0,0.0012000000569969,772.0,0.456800013780594,2399.0,0.655099987983704,1158.0,,,,,,,,,,,,,,,,,,,,,,,,
45012,RWA,Sub-Saharan Africa,Low income,Rwanda,DHS,2015,,1,Wealth,,,Quintile 2,,,,,,,0.472099989652634,0.108000002801418,0.044599998742342,0.423099994659424,0.0973000004887581,0.0245999991893768,,0.101300001144409,0.323900014162064,0.0610000006854534,0.28889998793602,0.664099991321564,574.0,459.0,462.0,1666.0,1666.0,1636.0,781.0,781.0,781.0,1783.0,695.0,519.0,0.91159999370575,45.0,0.137700006365776,186.0,0.0784000009298325,1406.0,0.644699990749359,331.0,0.705900013446808,93.0,0.002600000007078,824.0,0.0,824.0,0.0,787.0,0.0,805.0,0.400400012731552,2545.0,0.788800001144409,1313.0,,,,,,,,,,,,,,,,,,,,,,,,
45013,RWA,Sub-Saharan Africa,Low income,Rwanda,DHS,2015,,1,Wealth,,,Quintile 3,,,,,,,0.551900029182434,0.209499999880791,0.105899997055531,0.528599977493286,0.170800000429153,0.0821999981999397,,0.0776000022888184,0.218600004911423,0.0401000007987022,0.241600006818771,0.615800023078918,601.0,505.0,512.0,1787.0,1787.0,1581.0,819.0,819.0,819.0,1846.0,703.0,565.0,0.903299987316132,66.0,0.137099996209145,216.0,0.0555999986827374,1505.0,0.694800019264221,471.0,0.74260002374649,174.0,0.009800000116229,755.0,0.0059000002220273,755.0,0.0,778.0,0.0049000000581145,885.0,0.376700013875961,2657.0,0.856700003147125,1429.0,,,,,,,,,,,,,,,,,,,,,,,,
45014,RWA,Sub-Saharan Africa,Low income,Rwanda,DHS,2015,,1,Wealth,,,Quintile 4,,,,,,,0.595000028610229,0.336699992418289,0.16889999806881,0.619300007820129,0.258399993181229,0.154400005936623,,0.0522000007331371,0.165900006890297,0.0333999991416931,0.210299998521805,0.54720002412796,731.0,563.0,491.0,1944.0,1944.0,1586.0,822.0,822.0,822.0,1902.0,810.0,693.0,0.949699997901917,70.0,0.198699995875359,250.0,0.0452000014483929,1536.0,0.759700000286102,613.0,0.795499980449677,279.0,0.0562000013887882,744.0,0.017400000244379,744.0,0.0181000009179115,735.0,0.0076999999582767,971.0,0.348199993371964,2787.0,0.869199991226196,1789.0,,,,,,,,,,,,,,,,,,,,,,,,
45015,RWA,Sub-Saharan Africa,Low income,Rwanda,DHS,2015,,1,Wealth,,,Quintile 5,,,,,,,0.673500001430511,0.47859999537468,0.420100003480911,0.733299970626831,0.423900008201599,0.401899993419647,,0.0518000014126301,0.104400001466274,0.0310999993234873,0.245299994945526,0.553799986839294,917.0,905.0,784.0,2861.0,2861.0,2556.0,1317.0,1317.0,1317.0,1856.0,911.0,914.0,0.96670001745224,242.0,0.1199000030756,259.0,0.0280000008642673,1458.0,0.83050000667572,1010.0,0.859200000762939,701.0,0.194999992847443,1209.0,0.111599996685982,1209.0,0.13289999961853,1070.0,0.062899999320507,1469.0,0.242899999022484,2570.0,0.933399975299835,3412.0,,,,,,,,,,,,,,,,,,,,,,,,
45016,RWA,Sub-Saharan Africa,Low income,Rwanda,DHS,2015,,1,Region & Wealth,,,Quintile 1,East,,,,,,0.23929999768734,0.0644999966025352,0.0273000001907349,0.225299999117851,0.0467999987304211,0.0137999998405576,,0.227099999785423,0.475199997425079,0.175500005483627,0.519800007343292,0.820599973201752,62.0,78.0,77.0,244.0,244.0,284.0,133.0,133.0,133.0,332.0,79.0,63.0,,,0.14470000565052,36.0,0.194600000977516,262.0,,,,,0.0,142.0,0.0,142.0,0.0,146.0,0.0,126.0,0.443699985742569,392.0,0.61080002784729,191.0,,,,,,,,,,,,,,,,,,,,,,,,
45017,RWA,Sub-Saharan Africa,Low income,Rwanda,DHS,2015,,1,Region & Wealth,,,Quintile 1,Kigali City,,,,,,,,,0.366699993610382,0.0997999981045723,0.0,,,,0.192399993538857,,,,,,42.0,42.0,39.0,,,,42.0,,,,,,,0.182500004768372,34.0,,,,,,,,,,,,,0.415199995040894,52.0,,,,,,,,,,,,,,,,,,,,,,,,,,
45018,RWA,Sub-Saharan Africa,Low income,Rwanda,DHS,2015,,1,Region & Wealth,,,Quintile 1,North,,,,,,0.352800011634827,0.171900004148483,0.0166999995708466,0.323000013828278,0.0727000012993813,0.0089999996125698,,0.28889998793602,0.481499999761581,0.090599998831749,0.391799986362457,0.732999980449677,99.0,67.0,63.0,248.0,248.0,216.0,100.0,100.0,100.0,337.0,131.0,83.0,,,0.10980000346899,30.0,0.096000000834465,265.0,0.654900014400482,41.0,,,0.0,106.0,0.0,106.0,0.0,101.0,0.0,116.0,0.425300002098083,429.0,0.646600008010864,183.0,,,,,,,,,,,,,,,,,,,,,,,,
45019,RWA,Sub-Saharan Africa,Low income,Rwanda,DHS,2015,,1,Region & Wealth,,,Quintile 1,South,,,,,,0.28999999165535,0.0971999987959862,0.0408999994397163,0.26910001039505,0.0575999990105629,0.0186999998986721,,0.24379999935627,0.540000021457672,0.108499996364117,0.303000003099442,0.760200023651123,167.0,127.0,134.0,470.0,470.0,498.0,213.0,213.0,213.0,607.0,189.0,151.0,,,0.380699992179871,50.0,0.143900007009506,491.0,0.542699992656708,63.0,,,0.0005000000237487,258.0,0.0005000000237487,258.0,0.0,250.0,0.0,230.0,0.488099992275238,751.0,0.685000002384186,370.0,,,,,,,,,,,,,,,,,,,,,,,,
45020,RWA,Sub-Saharan Africa,Low income,Rwanda,DHS,2015,,1,Region & Wealth,,,Quintile 1,West,,,,,,0.339199990034103,0.120099999010563,0.0443999990820885,0.308400005102158,0.0798999965190887,0.0182000007480383,,0.200900003314018,0.449099987745285,0.0850000008940697,0.236900001764297,0.683899998664856,160.0,158.0,171.0,543.0,543.0,528.0,263.0,263.0,263.0,565.0,176.0,153.0,,,0.0219000000506639,50.0,0.109399996697903,452.0,0.648400008678436,86.0,,,0.0038000000640749,264.0,0.0,264.0,0.0,221.0,0.0035000001080334,278.0,0.45660001039505,775.0,0.652400016784668,386.0,,,,,,,,,,,,,,,,,,,,,,,,
45021,RWA,Sub-Saharan Africa,Low income,Rwanda,DHS,2015,,1,Region & Wealth,,,Quintile 2,East,,,,,,0.387800008058548,0.0760999992489815,0.0274999998509884,0.380100011825562,0.0636999979615211,0.0135000003501773,,0.155000001192093,0.391999989748001,0.0641999989748001,0.426499992609024,0.72189998626709,129.0,112.0,104.0,394.0,394.0,431.0,197.0,197.0,197.0,381.0,140.0,117.0,,,0.230000004172325,51.0,0.111699998378754,302.0,0.618799984455109,66.0,,,0.0,231.0,0.0,231.0,0.0,185.0,0.0,182.0,0.412600010633469,530.0,0.782400012016296,283.0,,,,,,,,,,,,,,,,,,,,,,,,
45022,RWA,Sub-Saharan Africa,Low income,Rwanda,DHS,2015,,1,Region & Wealth,,,Quintile 2,Kigali City,,,,,,,,,0.510900020599365,0.0777999982237816,0.0166999995708466,,,,0.0806000009179115,,,,,,48.0,48.0,45.0,,,,37.0,,,,,,,,,,,,,,,,,,,,,0.302199989557266,59.0,0.764400005340576,31.0,,,,,,,,,,,,,,,,,,,,,,,,
45023,RWA,Sub-Saharan Africa,Low income,Rwanda,DHS,2015,,1,Region & Wealth,,,Quintile 2,North,,,,,,0.532599985599518,0.132599994540215,0.025000000372529,0.4307000041008,0.107100002467632,0.0251000002026558,,0.0754000023007393,0.289400011301041,0.0500999987125397,0.2533999979496,0.702899992465973,107.0,79.0,92.0,307.0,307.0,307.0,153.0,153.0,153.0,351.0,140.0,88.0,,,0.0940999984741211,34.0,0.0472000017762184,279.0,0.648400008678436,61.0,,,0.0076999999582767,145.0,0.0,145.0,0.0,128.0,0.0,140.0,0.357400000095367,509.0,0.82779997587204,270.0,,,,,,,,,,,,,,,,,,,,,,,,
45024,RWA,Sub-Saharan Africa,Low income,Rwanda,DHS,2015,,1,Region & Wealth,,,Quintile 2,South,,,,,,0.408300012350082,0.120099999010563,0.0738999992609024,0.429800003767014,0.130899995565414,0.0307000000029802,,0.0626000016927719,0.256900012493134,0.0689999982714653,0.198400005698204,0.619499981403351,154.0,121.0,110.0,419.0,419.0,387.0,180.0,180.0,180.0,500.0,200.0,139.0,,,0.197699993848801,40.0,0.0916000008583069,391.0,0.642099976539612,83.0,,,0.0,187.0,0.0,187.0,0.0,218.0,0.0,211.0,0.460999995470047,718.0,0.803399980068207,344.0,,,,,,,,,,,,,,,,,,,,,,,,
45025,RWA,Sub-Saharan Africa,Low income,Rwanda,DHS,2015,,1,Region & Wealth,,,Quintile 2,West,,,,,,0.570299983024597,0.11150000244379,0.0502999983727932,0.44420000910759,0.0970000028610229,0.0322999991476536,,0.0891000032424927,0.337300002574921,0.0590999983251095,0.288100004196167,0.626600027084351,170.0,134.0,140.0,498.0,498.0,466.0,227.0,227.0,227.0,514.0,200.0,158.0,,,0.0157999992370605,53.0,0.0577999986708164,406.0,0.669300019741058,112.0,0.71560001373291,36.0,0.0046000001020729,239.0,0.0,239.0,0.0,233.0,0.0,247.0,0.372299998998642,729.0,0.755100011825562,385.0,,,,,,,,,,,,,,,,,,,,,,,,
45026,RWA,Sub-Saharan Africa,Low income,Rwanda,DHS,2015,,1,Region & Wealth,,,Quintile 3,East,,,,,,0.50739997625351,0.161200001835823,0.0487999990582466,0.499199986457825,0.141000002622604,0.0606000013649464,,0.0816000029444695,0.217500001192093,0.0441000014543533,0.355599999427795,0.653599977493286,165.0,150.0,133.0,496.0,496.0,443.0,232.0,232.0,232.0,490.0,182.0,166.0,0.970600008964539,30.0,0.179499998688698,65.0,0.0851999968290329,405.0,0.671599984169006,119.0,0.73089998960495,43.0,0.0149999996647239,204.0,0.0054000001400709,204.0,0.0,222.0,0.0,250.0,0.392599999904633,716.0,0.864700019359589,397.0,,,,,,,,,,,,,,,,,,,,,,,,
45027,RWA,Sub-Saharan Africa,Low income,Rwanda,DHS,2015,,1,Region & Wealth,,,Quintile 3,Kigali City,,,,,,,,,0.494300007820129,0.148800000548363,0.0227000005543232,,,,0.0388999991118908,,,,,,54.0,54.0,47.0,,,,53.0,,,,,,,0.0,43.0,,,,,,,,,0.0,35.0,0.0,32.0,0.358900010585785,77.0,0.955799996852875,49.0,,,,,,,,,,,,,,,,,,,,,,,,
45028,RWA,Sub-Saharan Africa,Low income,Rwanda,DHS,2015,,1,Region & Wealth,,,Quintile 3,North,,,,,,0.539099991321564,0.254799991846085,0.101700000464916,0.559099972248077,0.182699993252754,0.0645999982953072,,0.0627000033855438,0.203899994492531,0.0282000005245209,0.312099993228912,0.72350001335144,113.0,97.0,91.0,332.0,332.0,311.0,145.0,145.0,145.0,374.0,147.0,95.0,,,0.0830999985337257,46.0,0.0425999984145164,308.0,0.658699989318848,92.0,0.698400020599365,35.0,0.0105999996885657,165.0,0.0055999998003244,165.0,0.0,136.0,0.0,161.0,0.317499995231628,531.0,0.825200021266937,252.0,,,,,,,,,,,,,,,,,,,,,,,,
45029,RWA,Sub-Saharan Africa,Low income,Rwanda,DHS,2015,,1,Region & Wealth,,,Quintile 3,South,,,,,,0.533999979496002,0.198899999260902,0.107199996709824,0.516700029373169,0.157499998807907,0.0762000009417534,,0.093699999153614,0.208399996161461,0.0502000004053116,0.187399998307228,0.622900009155273,165.0,114.0,126.0,445.0,445.0,381.0,196.0,196.0,196.0,464.0,183.0,155.0,,,0.122000001370907,39.0,0.0505999997258186,370.0,0.670000016689301,120.0,0.72680002450943,38.0,0.0,191.0,0.0,191.0,0.0,195.0,0.0077999997884035,216.0,0.413399994373322,659.0,0.833000004291534,372.0,,,,,,,,,,,,,,,,,,,,,,,,
45030,RWA,Sub-Saharan Africa,Low income,Rwanda,DHS,2015,,1,Region & Wealth,,,Quintile 3,West,,,,,,0.632799983024597,0.258700013160706,0.179800003767014,0.558099985122681,0.215100005269051,0.137799993157387,,0.0619000010192394,0.237299993634224,0.0337999984622002,0.105400003492832,0.4442999958992,143.0,125.0,146.0,460.0,460.0,399.0,220.0,220.0,220.0,465.0,175.0,130.0,,,0.105499997735023,56.0,0.0417000018060207,379.0,0.757300019264221,126.0,0.798699975013733,54.0,0.0136000001803041,178.0,0.0136000001803041,178.0,0.0,190.0,0.0129000004380941,226.0,0.374000012874603,674.0,0.875800013542175,359.0,,,,,,,,,,,,,,,,,,,,,,,,
45031,RWA,Sub-Saharan Africa,Low income,Rwanda,DHS,2015,,1,Region & Wealth,,,Quintile 4,East,,,,,,0.50789999961853,0.293300002813339,0.155300006270409,0.564300000667572,0.237299993634224,0.133100003004074,,0.0272000003606081,0.163900002837181,0.0342000015079975,0.25780001282692,0.562799990177155,213.0,145.0,124.0,532.0,532.0,447.0,217.0,217.0,217.0,549.0,233.0,190.0,1.0,35.0,0.30009999871254,79.0,0.0698999986052513,443.0,0.727100014686584,151.0,0.815199971199036,69.0,0.0524999983608723,225.0,0.0159000009298325,225.0,0.0043999999761581,214.0,0.0010999999940395,262.0,0.42849999666214,828.0,0.873499989509583,492.0,,,,,,,,,,,,,,,,,,,,,,,,
45032,RWA,Sub-Saharan Africa,Low income,Rwanda,DHS,2015,,1,Region & Wealth,,,Quintile 4,Kigali City,,,,,,0.575699985027313,,0.10639999806881,0.549199998378754,0.173099994659424,0.0758000016212463,,0.0970999971032143,0.240600004792213,0.0631999969482422,,0.675899982452393,34.0,,37.0,109.0,109.0,102.0,54.0,54.0,54.0,94.0,,38.0,,,,,0.0520999990403652,74.0,,,,,0.0,47.0,0.0,47.0,0.0,53.0,0.0,48.0,0.303900003433228,151.0,0.836600005626678,111.0,,,,,,,,,,,,,,,,,,,,,,,,
45033,RWA,Sub-Saharan Africa,Low income,Rwanda,DHS,2015,,1,Region & Wealth,,,Quintile 4,North,,,,,,0.690299987792969,0.363499999046326,0.221100002527237,0.672900021076202,0.294900000095367,0.172800004482269,,0.0824000015854836,0.176499992609024,0.0274999998509884,0.187000006437302,0.527700006961823,141.0,103.0,84.0,359.0,359.0,284.0,139.0,139.0,139.0,343.0,163.0,140.0,,,0.160600006580353,48.0,0.0181000009179115,274.0,0.764500021934509,127.0,0.866400003433228,50.0,0.0500000007450581,138.0,0.0144999995827675,138.0,0.0452999994158745,129.0,0.0120000001043081,170.0,0.295300006866455,485.0,0.852400004863739,329.0,,,,,,,,,,,,,,,,,,,,,,,,
45034,RWA,Sub-Saharan Africa,Low income,Rwanda,DHS,2015,,1,Region & Wealth,,,Quintile 4,South,,,,,,0.579800009727478,0.379999995231628,0.168799996376038,0.611699998378754,0.250400006771088,0.140900000929832,,0.0478999987244606,0.149900004267693,0.0272000003606081,0.188299998641014,0.546599984169006,188.0,145.0,129.0,509.0,509.0,445.0,224.0,224.0,224.0,501.0,223.0,177.0,,,0.213499993085861,63.0,0.0421999990940094,404.0,0.749499976634979,159.0,0.702700018882751,73.0,0.0562999993562698,216.0,0.0081000002101063,216.0,0.0111999996006489,192.0,0.0091000003740191,245.0,0.336600005626678,750.0,0.875100016593933,474.0,,,,,,,,,,,,,,,,,,,,,,,,
45035,RWA,Sub-Saharan Africa,Low income,Rwanda,DHS,2015,,1,Region & Wealth,,,Quintile 4,West,,,,,,0.664099991321564,0.37279999256134,0.166999995708466,0.674499988555908,0.286500006914139,0.215000003576279,,0.0526000000536442,0.157100006937981,0.0342000015079975,0.148200005292892,0.495299994945526,155.0,141.0,117.0,435.0,435.0,308.0,188.0,188.0,188.0,415.0,162.0,148.0,,,0.0741000026464462,43.0,0.0340999998152256,341.0,0.809700012207031,148.0,0.808200001716614,79.0,0.0926000028848648,118.0,0.0465999990701675,118.0,0.031199999153614,147.0,0.0125000001862645,246.0,0.291399985551834,573.0,0.880500018596649,383.0,,,,,,,,,,,,,,,,,,,,,,,,
45036,RWA,Sub-Saharan Africa,Low income,Rwanda,DHS,2015,,1,Region & Wealth,,,Quintile 5,East,,,,,,0.623300015926361,0.372200012207031,0.346799999475479,0.69379997253418,0.338699996471405,0.384099990129471,,0.0759000033140182,0.123000003397465,0.0273000001907349,0.287299990653992,0.534699976444244,160.0,141.0,121.0,452.0,452.0,380.0,194.0,194.0,194.0,341.0,166.0,152.0,0.913699984550476,42.0,0.228499993681908,48.0,0.0375000014901161,271.0,0.871399998664856,154.0,0.808499991893768,94.0,0.216100007295609,174.0,0.144999995827675,174.0,0.0825000032782555,160.0,0.0200999993830919,231.0,0.259299993515015,476.0,0.931400001049042,499.0,,,,,,,,,,,,,,,,,,,,,,,,
45037,RWA,Sub-Saharan Africa,Low income,Rwanda,DHS,2015,,1,Region & Wealth,,,Quintile 5,Kigali City,,,,,,0.669799983501434,0.496800005435944,0.420300006866455,0.738200008869171,0.433099985122681,0.394699990749359,,0.0381000004708767,0.0996999964118004,0.0412999987602234,0.301899999380112,0.683799982070923,266.0,369.0,384.0,1144.0,1144.0,1241.0,644.0,644.0,644.0,601.0,240.0,301.0,0.983900010585785,119.0,0.0834000036120415,102.0,0.028999999165535,468.0,0.780600011348724,377.0,0.861299991607666,329.0,0.195500001311302,573.0,0.104099996387959,573.0,0.127000004053116,506.0,0.0886000022292137,570.0,0.212699994444847,857.0,0.953299999237061,1429.0,,,,,,,,,,,,,,,,,,,,,,,,
45038,RWA,Sub-Saharan Africa,Low income,Rwanda,DHS,2015,,1,Region & Wealth,,,Quintile 5,North,,,,,,0.776899993419647,0.462500005960464,0.477299988269806,0.790499985218048,0.439200013875961,0.412000000476837,,0.0810000002384186,0.0961000025272369,0.0154999997466803,0.216399997472763,0.407200008630753,123.0,87.0,71.0,310.0,310.0,210.0,118.0,118.0,118.0,237.0,129.0,119.0,,,,,0.0197999998927116,192.0,0.862299978733063,125.0,0.85180002450943,59.0,0.106799997389317,99.0,0.031199999153614,99.0,0.191100001335144,103.0,0.0458000004291534,160.0,0.20100000500679,322.0,0.935800015926361,329.0,,,,,,,,,,,,,,,,,,,,,,,,
45039,RWA,Sub-Saharan Africa,Low income,Rwanda,DHS,2015,,1,Region & Wealth,,,Quintile 5,South,,,,,,0.674799978733063,0.444700002670288,0.360599994659424,0.71969997882843,0.389899998903275,0.406399995088577,,0.0384000018239021,0.102399997413158,0.0219999998807907,0.232899993658066,0.513999998569489,215.0,158.0,115.0,530.0,530.0,400.0,198.0,198.0,198.0,376.0,203.0,199.0,1.0,46.0,0.18129999935627,54.0,0.0273000001907349,283.0,0.81989997625351,193.0,0.885500013828278,101.0,0.211400002241135,206.0,0.132100000977516,206.0,0.162000000476837,176.0,0.0461000017821789,273.0,0.266299992799759,517.0,0.905900001525879,654.0,,,,,,,,,,,,,,,,,,,,,,,,
45040,RWA,Sub-Saharan Africa,Low income,Rwanda,DHS,2015,,1,Region & Wealth,,,Quintile 5,West,,,,,,0.65090000629425,0.580099999904633,0.518800020217896,0.734099984169006,0.515900015830994,0.439099997282028,,0.0738999992609024,0.110799998044968,0.0266999993473291,0.129999995231628,0.462999999523163,153.0,150.0,93.0,425.0,425.0,325.0,163.0,163.0,163.0,301.0,173.0,143.0,,,0.0,32.0,0.0208000000566244,244.0,0.896700024604797,161.0,0.874400019645691,118.0,0.202299997210503,157.0,0.129399999976158,157.0,0.136000007390976,125.0,0.0693999975919724,235.0,0.291700005531311,398.0,0.9064000248909,501.0,,,,,,,,,,,,,,,,,,,,,,,,
45041,RWA,Sub-Saharan Africa,Low income,Rwanda,MICS,2000,,1,Location,,Rural,,,,,,,,,,,,,,,0.046000000089407,0.1908999979496,,,,,,,,,,867.0,867.0,867.0,,,,,,,,,,,,,,,,,,,,,,,,,,,,,,,,,,,,,,,,,,,,,,,,,
45042,RWA,Sub-Saharan Africa,Low income,Rwanda,MICS,2000,,1,Location,,Urban,,,,,,,,,,,,,,,0.0110999997705221,0.0839999988675117,,,,,,,,,,471.0,471.0,471.0,,,,,,,,,,,,,,,,,,,,,,,,,,,,,,,,,,,,,,,,,,,,,,,,,
45043,RWA,Sub-Saharan Africa,Low income,Rwanda,MICS,2000,,1,Location & Sex,Female,Rural,,,,,,,,,,,,,,,0.0377999991178513,0.178800001740456,,,,,,,,,,489.0,489.0,489.0,,,,,,,,,,,,,,,,,,,,,,,,,,,,,,,,,,,,,,,,,,,,,,,,,
45044,RWA,Sub-Saharan Africa,Low income,Rwanda,MICS,2000,,1,Location & Sex,Female,Urban,,,,,,,,,,,,,,,0.0055999998003244,0.0917000025510788,,,,,,,,,,306.0,306.0,306.0,,,,,,,,,,,,,,,,,,,,,,,,,,,,,,,,,,,,,,,,,,,,,,,,,
45045,RWA,Sub-Saharan Africa,Low income,Rwanda,MICS,2000,,1,Location & Sex,Male,Rural,,,,,,,,,,,,,,,0.0564999990165234,0.206499993801117,,,,,,,,,,378.0,378.0,378.0,,,,,,,,,,,,,,,,,,,,,,,,,,,,,,,,,,,,,,,,,,,,,,,,,
45046,RWA,Sub-Saharan Africa,Low income,Rwanda,MICS,2000,,1,Location & Sex,Male,Urban,,,,,,,,,,,,,,,0.0226000007241964,0.0681999996304512,,,,,,,,,,165.0,165.0,165.0,,,,,,,,,,,,,,,,,,,,,,,,,,,,,,,,,,,,,,,,,,,,,,,,,
45047,RWA,Sub-Saharan Africa,Low income,Rwanda,MICS,2000,,1,Location & Sex & Wealth,Female,Rural,Quintile 1,,,,,,,,,,,,,,0.0612999983131886,0.282200008630753,,,,,,,,,,91.0,91.0,91.0,,,,,,,,,,,,,,,,,,,,,,,,,,,,,,,,,,,,,,,,,,,,,,,,,
45048,RWA,Sub-Saharan Africa,Low income,Rwanda,MICS,2000,,1,Location & Sex & Wealth,Female,Rural,Quintile 2,,,,,,,,,,,,,,0.0608000010251999,0.253100007772446,,,,,,,,,,120.0,120.0,120.0,,,,,,,,,,,,,,,,,,,,,,,,,,,,,,,,,,,,,,,,,,,,,,,,,
45049,RWA,Sub-Saharan Africa,Low income,Rwanda,MICS,2000,,1,Location & Sex & Wealth,Female,Rural,Quintile 3,,,,,,,,,,,,,,0.0204000007361174,0.148300006985664,,,,,,,,,,135.0,135.0,135.0,,,,,,,,,,,,,,,,,,,,,,,,,,,,,,,,,,,,,,,,,,,,,,,,,
45050,RWA,Sub-Saharan Africa,Low income,Rwanda,MICS,2000,,1,Location & Sex & Wealth,Female,Rural,Quintile 4,,,,,,,,,,,,,,0.0220999997109175,0.0800999999046326,,,,,,,,,,134.0,134.0,134.0,,,,,,,,,,,,,,,,,,,,,,,,,,,,,,,,,,,,,,,,,,,,,,,,,
45051,RWA,Sub-Saharan Africa,Low income,Rwanda,MICS,2000,,1,Location & Sex & Wealth,Female,Urban,Quintile 4,,,,,,,,,,,,,,0.0131999999284744,0.0850000008940697,,,,,,,,,,134.0,134.0,134.0,,,,,,,,,,,,,,,,,,,,,,,,,,,,,,,,,,,,,,,,,,,,,,,,,
45052,RWA,Sub-Saharan Africa,Low income,Rwanda,MICS,2000,,1,Location & Sex & Wealth,Female,Urban,Quintile 5,,,,,,,,,,,,,,0.0,0.0414999984204769,,,,,,,,,,140.0,140.0,140.0,,,,,,,,,,,,,,,,,,,,,,,,,,,,,,,,,,,,,,,,,,,,,,,,,
45053,RWA,Sub-Saharan Africa,Low income,Rwanda,MICS,2000,,1,Location & Sex & Wealth,Male,Rural,Quintile 1,,,,,,,,,,,,,,0.107299998402596,0.346700012683868,,,,,,,,,,61.0,61.0,61.0,,,,,,,,,,,,,,,,,,,,,,,,,,,,,,,,,,,,,,,,,,,,,,,,,
45054,RWA,Sub-Saharan Africa,Low income,Rwanda,MICS,2000,,1,Location & Sex & Wealth,Male,Rural,Quintile 2,,,,,,,,,,,,,,0.0832000002264977,0.225899994373322,,,,,,,,,,90.0,90.0,90.0,,,,,,,,,,,,,,,,,,,,,,,,,,,,,,,,,,,,,,,,,,,,,,,,,
45055,RWA,Sub-Saharan Africa,Low income,Rwanda,MICS,2000,,1,Location & Sex & Wealth,Male,Rural,Quintile 3,,,,,,,,,,,,,,0.0348999984562397,0.187999993562698,,,,,,,,,,132.0,132.0,132.0,,,,,,,,,,,,,,,,,,,,,,,,,,,,,,,,,,,,,,,,,,,,,,,,,
45056,RWA,Sub-Saharan Africa,Low income,Rwanda,MICS,2000,,1,Location & Sex & Wealth,Male,Rural,Quintile 4,,,,,,,,,,,,,,0.0297999996691942,0.128499999642372,,,,,,,,,,88.0,88.0,88.0,,,,,,,,,,,,,,,,,,,,,,,,,,,,,,,,,,,,,,,,,,,,,,,,,
45057,RWA,Sub-Saharan Africa,Low income,Rwanda,MICS,2000,,1,Location & Sex & Wealth,Male,Urban,Quintile 4,,,,,,,,,,,,,,0.0,0.0368999987840652,,,,,,,,,,75.0,75.0,75.0,,,,,,,,,,,,,,,,,,,,,,,,,,,,,,,,,,,,,,,,,,,,,,,,,
45058,RWA,Sub-Saharan Africa,Low income,Rwanda,MICS,2000,,1,Location & Sex & Wealth,Male,Urban,Quintile 5,,,,,,,,,,,,,,0.0270000007003546,0.0337000004947186,,,,,,,,,,67.0,67.0,67.0,,,,,,,,,,,,,,,,,,,,,,,,,,,,,,,,,,,,,,,,,,,,,,,,,
45059,RWA,Sub-Saharan Africa,Low income,Rwanda,MICS,2000,,1,Location & Wealth,,Rural,Quintile 1,,,,,,,,,,,,,,0.0803000032901764,0.308800011873245,,,,,,,,,,152.0,152.0,152.0,,,,,,,,,,,,,,,,,,,,,,,,,,,,,,,,,,,,,,,,,,,,,,,,,
45060,RWA,Sub-Saharan Africa,Low income,Rwanda,MICS,2000,,1,Location & Wealth,,Rural,Quintile 2,,,,,,,,,,,,,,0.0702999979257584,0.241500005125999,,,,,,,,,,210.0,210.0,210.0,,,,,,,,,,,,,,,,,,,,,,,,,,,,,,,,,,,,,,,,,,,,,,,,,
45061,RWA,Sub-Saharan Africa,Low income,Rwanda,MICS,2000,,1,Location & Wealth,,Rural,Quintile 3,,,,,,,,,,,,,,0.0275999996811152,0.167999997735023,,,,,,,,,,267.0,267.0,267.0,,,,,,,,,,,,,,,,,,,,,,,,,,,,,,,,,,,,,,,,,,,,,,,,,
45062,RWA,Sub-Saharan Africa,Low income,Rwanda,MICS,2000,,1,Location & Wealth,,Rural,Quintile 4,,,,,,,,,,,,,,0.025000000372529,0.098800003528595,,,,,,,,,,222.0,222.0,222.0,,,,,,,,,,,,,,,,,,,,,,,,,,,,,,,,,,,,,,,,,,,,,,,,,
45063,RWA,Sub-Saharan Africa,Low income,Rwanda,MICS,2000,,1,Location & Wealth,,Urban,Quintile 3,,,,,,,,,,,,,,0.0535999983549118,0.160300001502037,,,,,,,,,,36.0,36.0,36.0,,,,,,,,,,,,,,,,,,,,,,,,,,,,,,,,,,,,,,,,,,,,,,,,,
45064,RWA,Sub-Saharan Africa,Low income,Rwanda,MICS,2000,,1,Location & Wealth,,Urban,Quintile 4,,,,,,,,,,,,,,0.0086000002920627,0.0683000013232231,,,,,,,,,,209.0,209.0,209.0,,,,,,,,,,,,,,,,,,,,,,,,,,,,,,,,,,,,,,,,,,,,,,,,,
45065,RWA,Sub-Saharan Africa,Low income,Rwanda,MICS,2000,,1,Location & Wealth,,Urban,Quintile 5,,,,,,,,,,,,,,0.0082000000402331,0.0392000004649162,,,,,,,,,,207.0,207.0,207.0,,,,,,,,,,,,,,,,,,,,,,,,,,,,,,,,,,,,,,,,,,,,,,,,,
45066,RWA,Sub-Saharan Africa,Low income,Rwanda,MICS,2000,,1,Region,,,,Butare,,,,,,,,,,,,,0.0672999992966652,0.163499996066093,,,,,,,,,,104.0,104.0,104.0,,,,,,,,,,,,,,,,,,,,,,,,,,,,,,,,,,,,,,,,,,,,,,,,,
45067,RWA,Sub-Saharan Africa,Low income,Rwanda,MICS,2000,,1,Region,,,,Byumba,,,,,,,,,,,,,0.0344999991357327,0.229900002479553,,,,,,,,,,87.0,87.0,87.0,,,,,,,,,,,,,,,,,,,,,,,,,,,,,,,,,,,,,,,,,,,,,,,,,
45068,RWA,Sub-Saharan Africa,Low income,Rwanda,MICS,2000,,1,Region,,,,Cyangugu,,,,,,,,,,,,,0.0526000000536442,0.184200003743172,,,,,,,,,,114.0,114.0,114.0,,,,,,,,,,,,,,,,,,,,,,,,,,,,,,,,,,,,,,,,,,,,,,,,,
45069,RWA,Sub-Saharan Africa,Low income,Rwanda,MICS,2000,,1,Region,,,,Gikongoro,,,,,,,,,,,,,0.031199999153614,0.1875,,,,,,,,,,64.0,64.0,64.0,,,,,,,,,,,,,,,,,,,,,,,,,,,,,,,,,,,,,,,,,,,,,,,,,
45070,RWA,Sub-Saharan Africa,Low income,Rwanda,MICS,2000,,1,Region,,,,Gisenyi,,,,,,,,,,,,,0.0092000002041459,0.156000003218651,,,,,,,,,,109.0,109.0,109.0,,,,,,,,,,,,,,,,,,,,,,,,,,,,,,,,,,,,,,,,,,,,,,,,,
45071,RWA,Sub-Saharan Africa,Low income,Rwanda,MICS,2000,,1,Region,,,,Gitarama,,,,,,,,,,,,,0.0425999984145164,0.138300001621246,,,,,,,,,,94.0,94.0,94.0,,,,,,,,,,,,,,,,,,,,,,,,,,,,,,,,,,,,,,,,,,,,,,,,,
45072,RWA,Sub-Saharan Africa,Low income,Rwanda,MICS,2000,,1,Region,,,,Kibungo,,,,,,,,,,,,,0.024100000038743,0.12049999833107,,,,,,,,,,83.0,83.0,83.0,,,,,,,,,,,,,,,,,,,,,,,,,,,,,,,,,,,,,,,,,,,,,,,,,
45073,RWA,Sub-Saharan Africa,Low income,Rwanda,MICS,2000,,1,Region,,,,Kibuye,,,,,,,,,,,,,0.0370000004768372,0.197500005364418,,,,,,,,,,81.0,81.0,81.0,,,,,,,,,,,,,,,,,,,,,,,,,,,,,,,,,,,,,,,,,,,,,,,,,
45074,RWA,Sub-Saharan Africa,Low income,Rwanda,MICS,2000,,1,Region,,,,Kigali City,,,,,,,,,,,,,0.0031999999191612,0.0710000023245811,,,,,,,,,,310.0,310.0,310.0,,,,,,,,,,,,,,,,,,,,,,,,,,,,,,,,,,,,,,,,,,,,,,,,,
45075,RWA,Sub-Saharan Africa,Low income,Rwanda,MICS,2000,,1,Region,,,,Kigali Rural,,,,,,,,,,,,,0.0322999991476536,0.153200000524521,,,,,,,,,,124.0,124.0,124.0,,,,,,,,,,,,,,,,,,,,,,,,,,,,,,,,,,,,,,,,,,,,,,,,,
45076,RWA,Sub-Saharan Africa,Low income,Rwanda,MICS,2000,,1,Region,,,,Ruhengeri,,,,,,,,,,,,,0.0854000002145767,0.195099994540215,,,,,,,,,,82.0,82.0,82.0,,,,,,,,,,,,,,,,,,,,,,,,,,,,,,,,,,,,,,,,,,,,,,,,,
45077,RWA,Sub-Saharan Africa,Low income,Rwanda,MICS,2000,,1,Region,,,,Umutara,,,,,,,,,,,,,0.0581000000238419,0.255800008773804,,,,,,,,,,86.0,86.0,86.0,,,,,,,,,,,,,,,,,,,,,,,,,,,,,,,,,,,,,,,,,,,,,,,,,
45078,RWA,Sub-Saharan Africa,Low income,Rwanda,MICS,2000,,1,Sex,Female,,,,,,,,,,,,,,,,0.0296000000089407,0.156499996781349,,,,,,,,,,795.0,795.0,795.0,,,,,,,,,,,,,,,,,,,,,,,,,,,,,,,,,,,,,,,,,,,,,,,,,
45079,RWA,Sub-Saharan Africa,Low income,Rwanda,MICS,2000,,1,Sex,Male,,,,,,,,,,,,,,,,0.0505999997258186,0.182099997997284,,,,,,,,,,543.0,543.0,543.0,,,,,,,,,,,,,,,,,,,,,,,,,,,,,,,,,,,,,,,,,,,,,,,,,
45080,RWA,Sub-Saharan Africa,Low income,Rwanda,MICS,2000,,1,Region & Sex,Female,,,Butare,,,,,,,,,,,,,0.0138999996706843,0.111100003123283,,,,,,,,,,72.0,72.0,72.0,,,,,,,,,,,,,,,,,,,,,,,,,,,,,,,,,,,,,,,,,,,,,,,,,
45081,RWA,Sub-Saharan Africa,Low income,Rwanda,MICS,2000,,1,Region & Sex,Female,,,Byumba,,,,,,,,,,,,,0.0399999991059303,0.219999998807907,,,,,,,,,,50.0,50.0,50.0,,,,,,,,,,,,,,,,,,,,,,,,,,,,,,,,,,,,,,,,,,,,,,,,,
45082,RWA,Sub-Saharan Africa,Low income,Rwanda,MICS,2000,,1,Region & Sex,Female,,,Cyangugu,,,,,,,,,,,,,0.0597000010311604,0.194000005722046,,,,,,,,,,67.0,67.0,67.0,,,,,,,,,,,,,,,,,,,,,,,,,,,,,,,,,,,,,,,,,,,,,,,,,
45083,RWA,Sub-Saharan Africa,Low income,Rwanda,MICS,2000,,1,Region & Sex,Female,,,Gikongoro,,,,,,,,,,,,,0.0,0.0833000019192696,,,,,,,,,,36.0,36.0,36.0,,,,,,,,,,,,,,,,,,,,,,,,,,,,,,,,,,,,,,,,,,,,,,,,,
45084,RWA,Sub-Saharan Africa,Low income,Rwanda,MICS,2000,,1,Region & Sex,Female,,,Gisenyi,,,,,,,,,,,,,0.0,0.161300003528595,,,,,,,,,,62.0,62.0,62.0,,,,,,,,,,,,,,,,,,,,,,,,,,,,,,,,,,,,,,,,,,,,,,,,,
45085,RWA,Sub-Saharan Africa,Low income,Rwanda,MICS,2000,,1,Region & Sex,Female,,,Gitarama,,,,,,,,,,,,,0.0483999997377396,0.12899999320507,,,,,,,,,,62.0,62.0,62.0,,,,,,,,,,,,,,,,,,,,,,,,,,,,,,,,,,,,,,,,,,,,,,,,,
45086,RWA,Sub-Saharan Africa,Low income,Rwanda,MICS,2000,,1,Region & Sex,Female,,,Kibungo,,,,,,,,,,,,,0.0204000007361174,0.122400000691414,,,,,,,,,,49.0,49.0,49.0,,,,,,,,,,,,,,,,,,,,,,,,,,,,,,,,,,,,,,,,,,,,,,,,,
45087,RWA,Sub-Saharan Africa,Low income,Rwanda,MICS,2000,,1,Region & Sex,Female,,,Kibuye,,,,,,,,,,,,,0.0204000007361174,0.224500000476837,,,,,,,,,,49.0,49.0,49.0,,,,,,,,,,,,,,,,,,,,,,,,,,,,,,,,,,,,,,,,,,,,,,,,,
45088,RWA,Sub-Saharan Africa,Low income,Rwanda,MICS,2000,,1,Region & Sex,Female,,,Kigali City,,,,,,,,,,,,,0.0052000000141561,0.0724999979138374,,,,,,,,,,193.0,193.0,193.0,,,,,,,,,,,,,,,,,,,,,,,,,,,,,,,,,,,,,,,,,,,,,,,,,
45089,RWA,Sub-Saharan Africa,Low income,Rwanda,MICS,2000,,1,Region & Sex,Female,,,Kigali Rural,,,,,,,,,,,,,0.0144999995827675,0.188400000333786,,,,,,,,,,69.0,69.0,69.0,,,,,,,,,,,,,,,,,,,,,,,,,,,,,,,,,,,,,,,,,,,,,,,,,
45090,RWA,Sub-Saharan Africa,Low income,Rwanda,MICS,2000,,1,Region & Sex,Female,,,Ruhengeri,,,,,,,,,,,,,0.0869999974966049,0.152199998497963,,,,,,,,,,46.0,46.0,46.0,,,,,,,,,,,,,,,,,,,,,,,,,,,,,,,,,,,,,,,,,,,,,,,,,
45091,RWA,Sub-Saharan Africa,Low income,Rwanda,MICS,2000,,1,Region & Sex,Female,,,Umutara,,,,,,,,,,,,,0.0750000029802322,0.224999994039536,,,,,,,,,,40.0,40.0,40.0,,,,,,,,,,,,,,,,,,,,,,,,,,,,,,,,,,,,,,,,,,,,,,,,,
45092,RWA,Sub-Saharan Africa,Low income,Rwanda,MICS,2000,,1,Region & Sex,Male,,,Butare,,,,,,,,,,,,,0.1875,0.281199991703033,,,,,,,,,,32.0,32.0,32.0,,,,,,,,,,,,,,,,,,,,,,,,,,,,,,,,,,,,,,,,,,,,,,,,,
45093,RWA,Sub-Saharan Africa,Low income,Rwanda,MICS,2000,,1,Region & Sex,Male,,,Byumba,,,,,,,,,,,,,0.0270000007003546,0.2432000041008,,,,,,,,,,37.0,37.0,37.0,,,,,,,,,,,,,,,,,,,,,,,,,,,,,,,,,,,,,,,,,,,,,,,,,
45094,RWA,Sub-Saharan Africa,Low income,Rwanda,MICS,2000,,1,Region & Sex,Male,,,Cyangugu,,,,,,,,,,,,,0.0425999984145164,0.170200005173683,,,,,,,,,,47.0,47.0,47.0,,,,,,,,,,,,,,,,,,,,,,,,,,,,,,,,,,,,,,,,,,,,,,,,,
45095,RWA,Sub-Saharan Africa,Low income,Rwanda,MICS,2000,,1,Region & Sex,Male,,,Gisenyi,,,,,,,,,,,,,0.0212999992072582,0.148900002241135,,,,,,,,,,47.0,47.0,47.0,,,,,,,,,,,,,,,,,,,,,,,,,,,,,,,,,,,,,,,,,,,,,,,,,
45096,RWA,Sub-Saharan Africa,Low income,Rwanda,MICS,2000,,1,Region & Sex,Male,,,Gitarama,,,,,,,,,,,,,0.031199999153614,0.156200006604195,,,,,,,,,,32.0,32.0,32.0,,,,,,,,,,,,,,,,,,,,,,,,,,,,,,,,,,,,,,,,,,,,,,,,,
45097,RWA,Sub-Saharan Africa,Low income,Rwanda,MICS,2000,,1,Region & Sex,Male,,,Kibungo,,,,,,,,,,,,,0.0294000003486872,0.117600001394749,,,,,,,,,,34.0,34.0,34.0,,,,,,,,,,,,,,,,,,,,,,,,,,,,,,,,,,,,,,,,,,,,,,,,,
45098,RWA,Sub-Saharan Africa,Low income,Rwanda,MICS,2000,,1,Region & Sex,Male,,,Kibuye,,,,,,,,,,,,,0.0625,0.156200006604195,,,,,,,,,,32.0,32.0,32.0,,,,,,,,,,,,,,,,,,,,,,,,,,,,,,,,,,,,,,,,,,,,,,,,,
45099,RWA,Sub-Saharan Africa,Low income,Rwanda,MICS,2000,,1,Region & Sex,Male,,,Kigali City,,,,,,,,,,,,,0.0,0.068400003015995,,,,,,,,,,117.0,117.0,117.0,,,,,,,,,,,,,,,,,,,,,,,,,,,,,,,,,,,,,,,,,,,,,,,,,
45100,RWA,Sub-Saharan Africa,Low income,Rwanda,MICS,2000,,1,Region & Sex,Male,,,Kigali Rural,,,,,,,,,,,,,0.0544999986886978,0.109099999070168,,,,,,,,,,55.0,55.0,55.0,,,,,,,,,,,,,,,,,,,,,,,,,,,,,,,,,,,,,,,,,,,,,,,,,
45101,RWA,Sub-Saharan Africa,Low income,Rwanda,MICS,2000,,1,Region & Sex,Male,,,Ruhengeri,,,,,,,,,,,,,0.0833000019192696,0.25,,,,,,,,,,36.0,36.0,36.0,,,,,,,,,,,,,,,,,,,,,,,,,,,,,,,,,,,,,,,,,,,,,,,,,
45102,RWA,Sub-Saharan Africa,Low income,Rwanda,MICS,2000,,1,Region & Sex,Male,,,Umutara,,,,,,,,,,,,,0.0434999987483025,0.282599985599518,,,,,,,,,,46.0,46.0,46.0,,,,,,,,,,,,,,,,,,,,,,,,,,,,,,,,,,,,,,,,,,,,,,,,,
45103,RWA,Sub-Saharan Africa,Low income,Rwanda,MICS,2000,,1,Sex & Wealth,Female,,Quintile 1,,,,,,,,,,,,,,0.0595999993383884,0.294600009918213,,,,,,,,,,96.0,96.0,96.0,,,,,,,,,,,,,,,,,,,,,,,,,,,,,,,,,,,,,,,,,,,,,,,,,
45104,RWA,Sub-Saharan Africa,Low income,Rwanda,MICS,2000,,1,Sex & Wealth,Female,,Quintile 2,,,,,,,,,,,,,,0.0577000007033348,0.267199993133545,,,,,,,,,,129.0,129.0,129.0,,,,,,,,,,,,,,,,,,,,,,,,,,,,,,,,,,,,,,,,,,,,,,,,,
45105,RWA,Sub-Saharan Africa,Low income,Rwanda,MICS,2000,,1,Sex & Wealth,Female,,Quintile 3,,,,,,,,,,,,,,0.0189999993890524,0.143999993801117,,,,,,,,,,153.0,153.0,153.0,,,,,,,,,,,,,,,,,,,,,,,,,,,,,,,,,,,,,,,,,,,,,,,,,
45106,RWA,Sub-Saharan Africa,Low income,Rwanda,MICS,2000,,1,Sex & Wealth,Female,,Quintile 4,,,,,,,,,,,,,,0.0190999992191792,0.0817999988794327,,,,,,,,,,268.0,268.0,268.0,,,,,,,,,,,,,,,,,,,,,,,,,,,,,,,,,,,,,,,,,,,,,,,,,
45107,RWA,Sub-Saharan Africa,Low income,Rwanda,MICS,2000,,1,Sex & Wealth,Female,,Quintile 5,,,,,,,,,,,,,,0.0,0.0511000007390976,,,,,,,,,,149.0,149.0,149.0,,,,,,,,,,,,,,,,,,,,,,,,,,,,,,,,,,,,,,,,,,,,,,,,,
45108,RWA,Sub-Saharan Africa,Low income,Rwanda,MICS,2000,,1,Sex & Wealth,Male,,Quintile 1,,,,,,,,,,,,,,0.104900002479553,0.357400000095367,,,,,,,,,,63.0,63.0,63.0,,,,,,,,,,,,,,,,,,,,,,,,,,,,,,,,,,,,,,,,,,,,,,,,,
45109,RWA,Sub-Saharan Africa,Low income,Rwanda,MICS,2000,,1,Sex & Wealth,Male,,Quintile 2,,,,,,,,,,,,,,0.0819000005722046,0.222499996423721,,,,,,,,,,93.0,93.0,93.0,,,,,,,,,,,,,,,,,,,,,,,,,,,,,,,,,,,,,,,,,,,,,,,,,
45110,RWA,Sub-Saharan Africa,Low income,Rwanda,MICS,2000,,1,Sex & Wealth,Male,,Quintile 3,,,,,,,,,,,,,,0.0397999994456768,0.192100003361702,,,,,,,,,,150.0,150.0,150.0,,,,,,,,,,,,,,,,,,,,,,,,,,,,,,,,,,,,,,,,,,,,,,,,,
45111,RWA,Sub-Saharan Africa,Low income,Rwanda,MICS,2000,,1,Sex & Wealth,Male,,Quintile 4,,,,,,,,,,,,,,0.0208000000566244,0.10080000013113,,,,,,,,,,163.0,163.0,163.0,,,,,,,,,,,,,,,,,,,,,,,,,,,,,,,,,,,,,,,,,,,,,,,,,
45112,RWA,Sub-Saharan Africa,Low income,Rwanda,MICS,2000,,1,Sex & Wealth,Male,,Quintile 5,,,,,,,,,,,,,,0.0229000002145767,0.0285999998450279,,,,,,,,,,74.0,74.0,74.0,,,,,,,,,,,,,,,,,,,,,,,,,,,,,,,,,,,,,,,,,,,,,,,,,
45113,RWA,Sub-Saharan Africa,Low income,Rwanda,MICS,2000,,1,Region & Sex & Wealth,Female,,Quintile 4,Kigali City,,,,,,,,,,,,,0.0111999996006489,0.112400002777576,,,,,,,,,,89.0,89.0,89.0,,,,,,,,,,,,,,,,,,,,,,,,,,,,,,,,,,,,,,,,,,,,,,,,,
45114,RWA,Sub-Saharan Africa,Low income,Rwanda,MICS,2000,,1,Region & Sex & Wealth,Female,,Quintile 5,Kigali City,,,,,,,,,,,,,0.0,0.0230000000447035,,,,,,,,,,87.0,87.0,87.0,,,,,,,,,,,,,,,,,,,,,,,,,,,,,,,,,,,,,,,,,,,,,,,,,
45115,RWA,Sub-Saharan Africa,Low income,Rwanda,MICS,2000,,1,Region & Sex & Wealth,Male,,Quintile 4,Kigali City,,,,,,,,,,,,,0.0,0.0577000007033348,,,,,,,,,,52.0,52.0,52.0,,,,,,,,,,,,,,,,,,,,,,,,,,,,,,,,,,,,,,,,,,,,,,,,,
45116,RWA,Sub-Saharan Africa,Low income,Rwanda,MICS,2000,,1,Region & Sex & Wealth,Male,,Quintile 5,Kigali City,,,,,,,,,,,,,0.0,0.0208000000566244,,,,,,,,,,48.0,48.0,48.0,,,,,,,,,,,,,,,,,,,,,,,,,,,,,,,,,,,,,,,,,,,,,,,,,
45117,RWA,Sub-Saharan Africa,Low income,Rwanda,MICS,2000,,1,Total,,,,,,,,,,,,,,,,,0.0381999984383583,0.166999995708466,,,,,,,,,,1338.0,1338.0,1338.0,,,,,,,,,,,,,,,,,,,,,,,,,,,,,,,,,,,,,,,,,,,,,,,,,
45118,RWA,Sub-Saharan Africa,Low income,Rwanda,MICS,2000,,1,Wealth,,,Quintile 1,,,,,,,,,,,,,,0.0782999992370605,0.320499986410141,,,,,,,,,,159.0,159.0,159.0,,,,,,,,,,,,,,,,,,,,,,,,,,,,,,,,,,,,,,,,,,,,,,,,,
45119,RWA,Sub-Saharan Africa,Low income,Rwanda,MICS,2000,,1,Wealth,,,Quintile 2,,,,,,,,,,,,,,0.0678000003099442,0.248500004410744,,,,,,,,,,222.0,222.0,222.0,,,,,,,,,,,,,,,,,,,,,,,,,,,,,,,,,,,,,,,,,,,,,,,,,
45120,RWA,Sub-Saharan Africa,Low income,Rwanda,MICS,2000,,1,Wealth,,,Quintile 3,,,,,,,,,,,,,,0.0292000006884336,0.167600005865097,,,,,,,,,,303.0,303.0,303.0,,,,,,,,,,,,,,,,,,,,,,,,,,,,,,,,,,,,,,,,,,,,,,,,,
45121,RWA,Sub-Saharan Africa,Low income,Rwanda,MICS,2000,,1,Wealth,,,Quintile 4,,,,,,,,,,,,,,0.0197000000625849,0.0888999998569489,,,,,,,,,,431.0,431.0,431.0,,,,,,,,,,,,,,,,,,,,,,,,,,,,,,,,,,,,,,,,,,,,,,,,,
45122,RWA,Sub-Saharan Africa,Low income,Rwanda,MICS,2000,,1,Wealth,,,Quintile 5,,,,,,,,,,,,,,0.0071999998763203,0.0439999997615814,,,,,,,,,,223.0,223.0,223.0,,,,,,,,,,,,,,,,,,,,,,,,,,,,,,,,,,,,,,,,,,,,,,,,,
45123,RWA,Sub-Saharan Africa,Low income,Rwanda,MICS,2000,,1,Region & Wealth,,,Quintile 3,Cyangugu,,,,,,,,,,,,,0.0333000011742115,0.233300000429153,,,,,,,,,,30.0,30.0,30.0,,,,,,,,,,,,,,,,,,,,,,,,,,,,,,,,,,,,,,,,,,,,,,,,,
45124,RWA,Sub-Saharan Africa,Low income,Rwanda,MICS,2000,,1,Region & Wealth,,,Quintile 3,Gitarama,,,,,,,,,,,,,0.0,0.100000001490116,,,,,,,,,,30.0,30.0,30.0,,,,,,,,,,,,,,,,,,,,,,,,,,,,,,,,,,,,,,,,,,,,,,,,,
45125,RWA,Sub-Saharan Africa,Low income,Rwanda,MICS,2000,,1,Region & Wealth,,,Quintile 3,Kigali Rural,,,,,,,,,,,,,0.0856999978423119,0.171399995684624,,,,,,,,,,35.0,35.0,35.0,,,,,,,,,,,,,,,,,,,,,,,,,,,,,,,,,,,,,,,,,,,,,,,,,
45126,RWA,Sub-Saharan Africa,Low income,Rwanda,MICS,2000,,1,Region & Wealth,,,Quintile 4,Byumba,,,,,,,,,,,,,0.0,0.166700005531311,,,,,,,,,,30.0,30.0,30.0,,,,,,,,,,,,,,,,,,,,,,,,,,,,,,,,,,,,,,,,,,,,,,,,,
45127,RWA,Sub-Saharan Africa,Low income,Rwanda,MICS,2000,,1,Region & Wealth,,,Quintile 4,Cyangugu,,,,,,,,,,,,,0.133300006389618,0.200000002980232,,,,,,,,,,30.0,30.0,30.0,,,,,,,,,,,,,,,,,,,,,,,,,,,,,,,,,,,,,,,,,,,,,,,,,
45128,RWA,Sub-Saharan Africa,Low income,Rwanda,MICS,2000,,1,Region & Wealth,,,Quintile 4,Gisenyi,,,,,,,,,,,,,0.0,0.0,,,,,,,,,,32.0,32.0,32.0,,,,,,,,,,,,,,,,,,,,,,,,,,,,,,,,,,,,,,,,,,,,,,,,,
45129,RWA,Sub-Saharan Africa,Low income,Rwanda,MICS,2000,,1,Region & Wealth,,,Quintile 4,Gitarama,,,,,,,,,,,,,0.0,0.0833000019192696,,,,,,,,,,36.0,36.0,36.0,,,,,,,,,,,,,,,,,,,,,,,,,,,,,,,,,,,,,,,,,,,,,,,,,
45130,RWA,Sub-Saharan Africa,Low income,Rwanda,MICS,2000,,1,Region & Wealth,,,Quintile 4,Kibuye,,,,,,,,,,,,,0.0666999965906143,0.166700005531311,,,,,,,,,,30.0,30.0,30.0,,,,,,,,,,,,,,,,,,,,,,,,,,,,,,,,,,,,,,,,,,,,,,,,,
45131,RWA,Sub-Saharan Africa,Low income,Rwanda,MICS,2000,,1,Region & Wealth,,,Quintile 4,Kigali City,,,,,,,,,,,,,0.0071000000461936,0.0922000035643578,,,,,,,,,,141.0,141.0,141.0,,,,,,,,,,,,,,,,,,,,,,,,,,,,,,,,,,,,,,,,,,,,,,,,,
45132,RWA,Sub-Saharan Africa,Low income,Rwanda,MICS,2000,,1,Region & Wealth,,,Quintile 4,Kigali Rural,,,,,,,,,,,,,0.0,0.0540999993681908,,,,,,,,,,37.0,37.0,37.0,,,,,,,,,,,,,,,,,,,,,,,,,,,,,,,,,,,,,,,,,,,,,,,,,
45133,RWA,Sub-Saharan Africa,Low income,Rwanda,MICS,2000,,1,Region & Wealth,,,Quintile 5,Kigali City,,,,,,,,,,,,,0.0,0.0221999995410442,,,,,,,,,,135.0,135.0,135.0,,,,,,,,,,,,,,,,,,,,,,,,,,,,,,,,,,,,,,,,,,,,,,,,,
58293,RWA,Sub-Saharan Africa,Low income,Rwanda,Census,2002,,1,Total,,,,,,,,,,0.221699997782707,0.0764999985694885,0.0383000001311302,,,,,,,,,,,,,,,,,,,,,,,,,,,,,,,,,,,,,,,,,,,,,,,,,,,,,,,,,,,,,,,,,,,
58530,RWA,Sub-Saharan Africa,Low income,Rwanda,Census,2002,,1,Sex,Female,,,,,,,,,0.220699995756149,0.0751999989151955,0.0362999998033047,,,,,,,,,,,,,,,,,,,,,,,,,,,,,,,,,,,,,,,,,,,,,,,,,,,,,,,,,,,,,,,,,,,
58775,RWA,Sub-Saharan Africa,Low income,Rwanda,Census,2002,,1,Sex,Male,,,,,,,,,0.222699999809265,0.0777999982237816,0.0406000018119812,,,,,,,,,,,,,,,,,,,,,,,,,,,,,,,,,,,,,,,,,,,,,,,,,,,,,,,,,,,,,,,,,,,
62107,RWA,Sub-Saharan Africa,Low income,Rwanda,Census,2002,,1,Location,,Rural,,,,,,,,0.19709999859333,0.0533999986946583,0.0215000007301569,,,,,,,,,,,,,,,,,,,,,,,,,,,,,,,,,,,,,,,,,,,,,,,,,,,,,,,,,,,,,,,,,,,
62332,RWA,Sub-Saharan Africa,Low income,Rwanda,Census,2002,,1,Location & Sex,Female,Rural,,,,,,,,0.192200005054474,0.049600001424551,0.017400000244379,,,,,,,,,,,,,,,,,,,,,,,,,,,,,,,,,,,,,,,,,,,,,,,,,,,,,,,,,,,,,,,,,,,
62558,RWA,Sub-Saharan Africa,Low income,Rwanda,Census,2002,,1,Location & Sex,Male,Rural,,,,,,,,0.202099993824959,0.0575000010430813,0.0265999995172024,,,,,,,,,,,,,,,,,,,,,,,,,,,,,,,,,,,,,,,,,,,,,,,,,,,,,,,,,,,,,,,,,,,
65734,RWA,Sub-Saharan Africa,Low income,Rwanda,Census,2002,,1,Location,,Urban,,,,,,,,0.348300009965897,0.17399999499321,0.0980999991297722,,,,,,,,,,,,,,,,,,,,,,,,,,,,,,,,,,,,,,,,,,,,,,,,,,,,,,,,,,,,,,,,,,,
65949,RWA,Sub-Saharan Africa,Low income,Rwanda,Census,2002,,1,Location & Sex,Female,Urban,,,,,,,,0.362199991941452,0.188899993896484,0.118600003421307,,,,,,,,,,,,,,,,,,,,,,,,,,,,,,,,,,,,,,,,,,,,,,,,,,,,,,,,,,,,,,,,,,,
66172,RWA,Sub-Saharan Africa,Low income,Rwanda,Census,2002,,1,Location & Sex,Male,Urban,,,,,,,,0.332899987697601,0.159400001168251,0.0812000036239624,,,,,,,,,,,,,,,,,,,,,,,,,,,,,,,,,,,,,,,,,,,,,,,,,,,,,,,,,,,,,,,,,,,
154149,RWA,Sub-Saharan Africa,Low income,Rwanda,Census,2012,,1,Location,,Rural,,,,,,,,0.288399994373322,0.132499992847443,0.0540999993681908,,,,,,,,,,,,,,,,,,,,,,,,,,,,,,,,,,,,,,,,,,,,,,,,,,,,,,,,,,,,,,,,,,,
154150,RWA,Sub-Saharan Africa,Low income,Rwanda,Census,2012,,1,Location,,Urban,,,,,,,,0.553799986839294,0.318500012159348,0.235200002789497,,,,,,,,,,,,,,,,,,,,,,,,,,,,,,,,,,,,,,,,,,,,,,,,,,,,,,,,,,,,,,,,,,,
154151,RWA,Sub-Saharan Africa,Low income,Rwanda,Census,2012,,1,Location & Sex,Female,Rural,,,,,,,,0.323000013828278,0.131099998950958,0.0493000000715256,,,,,,,,,,,,,,,,,,,,,,,,,,,,,,,,,,,,,,,,,,,,,,,,,,,,,,,,,,,,,,,,,,,
154152,RWA,Sub-Saharan Africa,Low income,Rwanda,Census,2012,,1,Location & Sex,Female,Urban,,,,,,,,0.571300029754639,0.3192999958992,0.246500000357628,,,,,,,,,,,,,,,,,,,,,,,,,,,,,,,,,,,,,,,,,,,,,,,,,,,,,,,,,,,,,,,,,,,
154153,RWA,Sub-Saharan Africa,Low income,Rwanda,Census,2012,,1,Location & Sex,Male,Rural,,,,,,,,0.253500014543533,0.133900001645088,0.0595999993383884,,,,,,,,,,,,,,,,,,,,,,,,,,,,,,,,,,,,,,,,,,,,,,,,,,,,,,,,,,,,,,,,,,,
154154,RWA,Sub-Saharan Africa,Low income,Rwanda,Census,2012,,1,Location & Sex,Male,Urban,,,,,,,,0.532800018787384,0.317600011825562,0.224299997091293,,,,,,,,,,,,,,,,,,,,,,,,,,,,,,,,,,,,,,,,,,,,,,,,,,,,,,,,,,,,,,,,,,,
154155,RWA,Sub-Saharan Africa,Low income,Rwanda,Census,2012,,1,Sex,Female,,,,,,,,,0.365799993276596,0.168200001120567,0.0898000001907349,,,,,,,,,,,,,,,,,,,,,,,,,,,,,,,,,,,,,,,,,,,,,,,,,,,,,,,,,,,,,,,,,,,
154156,RWA,Sub-Saharan Africa,Low income,Rwanda,Census,2012,,1,Sex,Male,,,,,,,,,0.295199990272522,0.16889999806881,0.0984999984502792,,,,,,,,,,,,,,,,,,,,,,,,,,,,,,,,,,,,,,,,,,,,,,,,,,,,,,,,,,,,,,,,,,,
154157,RWA,Sub-Saharan Africa,Low income,Rwanda,Census,2012,,1,Total,,,,,,,,,,0.331099987030029,0.168599992990494,0.0939000025391579,,,,,,,,,,,,,,,,,,,,,,,,,,,,,,,,,,,,,,,,,,,,,,,,,,,,,,,,,,,,,,,,,,,
154158,RWA,Sub-Saharan Africa,Low income,Rwanda,DHS,2020,,1,Location,,Rural,,,,,,,,0.597500026226044,0.256599992513657,0.14360000193119,0.596400022506714,0.188299998641014,0.143199995160103,6.43130016326904,,0.175200000405312,0.0557999983429909,0.130799993872643,0.454299986362457,3375.0,2388.0,1818.0,8153.0,8153.0,5779.0,3163.0,,3163.0,7252.0,3639.0,2896.0,,,,,0.034400001168251,5108.0,,,,,0.0408000014722347,2617.0,0.0408000014722347,2617.0,0.046399999409914,2805.0,0.0015000000130385,44012.0,0.246199995279312,10198.0,0.913600027561188,6529.0,,,,,,,,,,,,,,,,,,,,,,,,
154159,RWA,Sub-Saharan Africa,Low income,Rwanda,DHS,2020,,1,Location,,Urban,,,,,,,,0.806900024414062,0.465299993753433,0.417400002479553,0.803699970245361,0.455599993467331,0.42399999499321,9.03670024871826,,0.0715000033378601,0.0261000003665686,0.0860000029206276,0.349999994039536,808.0,832.0,695.0,2562.0,2562.0,2231.0,1202.0,,1202.0,1623.0,746.0,809.0,,,,,0.0230000000447035,1049.0,,,,,0.242500007152557,1029.0,0.242500007152557,1029.0,0.216800004243851,1010.0,0.017000000923872,11908.0,0.136199995875359,2160.0,0.968400001525879,2231.0,,,,,,,,,,,,,,,,,,,,,,,,
154160,RWA,Sub-Saharan Africa,Low income,Rwanda,DHS,2020,,1,Location & Sex,Female,Rural,,,,,,,,0.648899972438812,0.284000009298325,0.154899999499321,0.641799986362457,0.210700005292892,0.146699994802475,6.72559976577759,,0.140300005674362,0.0441999994218349,0.123700000345707,0.461699992418289,1747.0,1228.0,1046.0,4345.0,4345.0,3260.0,1774.0,,1774.0,3562.0,1856.0,1456.0,,,,,0.0296999998390675,2545.0,,,,,0.0331999994814396,1487.0,0.0331999994814396,1487.0,0.0348999984562397,1555.0,0.00179999996908,23369.0,0.213200002908707,5000.0,0.917699992656708,4306.0,,,,,,,,,,,,,,,,,,,,,,,,
154161,RWA,Sub-Saharan Africa,Low income,Rwanda,DHS,2020,,1,Location & Sex,Female,Urban,,,,,,,,0.829900026321411,0.43639999628067,0.41499999165535,0.813899993896484,0.445199996232986,0.396699994802475,9.02750015258789,,0.0623999983072281,0.0162000004202127,0.111400000751019,0.431199997663498,444.0,480.0,397.0,1446.0,1446.0,1261.0,676.0,,676.0,818.0,409.0,447.0,,,,,0.0187999997287989,567.0,,,,,0.23589999973774,585.0,0.23589999973774,585.0,0.222599998116493,564.0,0.016499999910593,6402.0,0.117299996316433,1076.0,0.964200019836426,1433.0,,,,,,,,,,,,,,,,,,,,,,,,
154162,RWA,Sub-Saharan Africa,Low income,Rwanda,DHS,2020,,1,Location & Sex,Male,Rural,,,,,,,,0.541700005531311,0.227699995040894,0.128199994564056,0.544700026512146,0.162699997425079,0.138600006699562,6.05509996414185,,0.219799995422363,0.0670000016689301,0.138099998235703,0.446700006723404,1628.0,1160.0,772.0,3808.0,3808.0,2519.0,1389.0,,1389.0,3690.0,1783.0,1440.0,,,,,0.0390999987721443,2563.0,,,,,0.0507000014185905,1130.0,0.0507000014185905,1130.0,0.0604999996721745,1250.0,0.0012000000569969,20643.0,0.277999997138977,5198.0,0.905799984931946,2223.0,,,,,,,,,,,,,,,,,,,,,,,,
154163,RWA,Sub-Saharan Africa,Low income,Rwanda,DHS,2020,,1,Location & Sex,Male,Urban,,,,,,,,0.77810001373291,0.50220000743866,0.420700013637543,0.790499985218048,0.469099998474121,0.461699992418289,9.04880046844482,,0.0834000036120415,0.0366000011563301,0.0527999997138977,0.25900000333786,364.0,352.0,298.0,1116.0,1116.0,970.0,526.0,,526.0,805.0,337.0,362.0,,,,,0.0278999991714954,482.0,,,,,0.252000004053116,444.0,0.252000004053116,444.0,0.209199994802475,446.0,0.017400000244379,5506.0,0.155399993062019,1084.0,0.975799977779388,798.0,,,,,,,,,,,,,,,,,,,,,,,,
154164,RWA,Sub-Saharan Africa,Low income,Rwanda,DHS,2020,,1,Location & Sex & Wealth,Female,Rural,Quintile 1,,,,,,,0.405900001525879,0.0625,0.0164000000804663,0.402599990367889,0.0520000010728836,0.014299999922514,4.92980003356934,,0.249099999666214,0.0749000012874603,0.197899997234344,0.628000020980835,343.0,217.0,262.0,894.0,894.0,818.0,403.0,,403.0,941.0,410.0,273.0,,,,,0.0533000007271767,667.0,,,,,0.0027000000700354,415.0,0.0027000000700354,415.0,0.0,406.0,0.0001999999949475,5884.0,0.289799988269806,1259.0,0.828800022602081,880.0,,,,,,,,,,,,,,,,,,,,,,,,
154165,RWA,Sub-Saharan Africa,Low income,Rwanda,DHS,2020,,1,Location & Sex & Wealth,Female,Rural,Quintile 2,,,,,,,0.555899977684021,0.136600002646446,0.0763000026345253,0.557900011539459,0.119499996304512,0.0531000010669231,5.84530019760132,,0.17569999396801,0.0414999984204769,0.124899998307228,0.520799994468689,415.0,284.0,251.0,1024.0,1024.0,779.0,430.0,,430.0,884.0,436.0,357.0,,,,,0.0357999987900257,625.0,,,,,0.006800000090152,350.0,0.006800000090152,350.0,0.0,369.0,0.0003999999898951,5599.0,0.241699993610382,1299.0,0.907000005245209,1011.0,,,,,,,,,,,,,,,,,,,,,,,,
154166,RWA,Sub-Saharan Africa,Low income,Rwanda,DHS,2020,,1,Location & Sex & Wealth,Female,Rural,Quintile 3,,,,,,,0.659799993038177,0.291500002145767,0.0895000025629997,0.652599990367889,0.195099994540215,0.100199997425079,6.57329988479614,,0.118400000035763,0.0394000001251698,0.0922000035643578,0.482699990272522,397.0,294.0,205.0,982.0,982.0,690.0,383.0,,383.0,787.0,455.0,312.0,,,,,0.0216000005602837,558.0,,,,,0.003000000026077,307.0,0.003000000026077,307.0,0.0020999999251216,333.0,0.0006000000284984,5208.0,0.214100003242493,1136.0,0.939499974250793,977.0,,,,,,,,,,,,,,,,,,,,,,,,
154167,RWA,Sub-Saharan Africa,Low income,Rwanda,DHS,2020,,1,Location & Sex & Wealth,Female,Rural,Quintile 4,,,,,,,0.82370001077652,0.437200009822845,0.253699988126755,0.809899985790253,0.321299999952316,0.232999995350838,8.00650024414062,,0.0653000026941299,0.0271000005304813,0.088299997150898,0.334500014781952,370.0,252.0,204.0,887.0,887.0,603.0,347.0,,347.0,648.0,368.0,317.0,,,,,0.0077999997884035,473.0,,,,,0.0230000000447035,256.0,0.0230000000447035,256.0,0.0333999991416931,290.0,0.0012000000569969,4397.0,0.129099994897842,899.0,0.953299999237061,883.0,,,,,,,,,,,,,,,,,,,,,,,,
154168,RWA,Sub-Saharan Africa,Low income,Rwanda,DHS,2020,,1,Location & Sex & Wealth,Female,Rural,Quintile 5,,,,,,,0.839299976825714,0.511900007724762,0.498499989509583,0.842899978160858,0.438499987125397,0.518800020217896,9.59119987487793,,0.0478999987244606,0.0168999992311001,0.115800000727177,0.333999991416931,222.0,181.0,124.0,558.0,558.0,370.0,211.0,,211.0,302.0,187.0,197.0,,,,,0.0164000000804663,222.0,,,,,0.216700002551079,159.0,0.216700002551079,159.0,0.24379999935627,157.0,0.0124000003561378,2281.0,0.105800002813339,407.0,0.969600021839142,555.0,,,,,,,,,,,,,,,,,,,,,,,,
154169,RWA,Sub-Saharan Africa,Low income,Rwanda,DHS,2020,,1,Location & Sex & Wealth,Female,Urban,Quintile 1,,,,,,,,,,0.332300007343292,0.0888999998569489,0.0223999992012978,5.11950016021729,,0.23649999499321,0.067500002682209,0.0825000032782555,,,,,71.0,71.0,73.0,38.0,,38.0,85.0,34.0,,,,,,0.0403999984264374,62.0,,,,,0.0,35.0,0.0,35.0,0.0,44.0,0.0052999998442828,523.0,0.201800003647804,118.0,0.862500011920929,71.0,,,,,,,,,,,,,,,,,,,,,,,,
154170,RWA,Sub-Saharan Africa,Low income,Rwanda,DHS,2020,,1,Location & Sex & Wealth,Female,Urban,Quintile 2,,,,,,,,,,0.523599982261658,0.242400005459785,0.0975999981164932,,,,0.0119000002741814,,,,,,45.0,45.0,40.0,,,,43.0,,,,,,,0.0555000007152557,35.0,,,,,,,,,,,0.0,298.0,0.225899994373322,55.0,0.835200011730194,45.0,,,,,,,,,,,,,,,,,,,,,,,,
154171,RWA,Sub-Saharan Africa,Low income,Rwanda,DHS,2020,,1,Location & Sex & Wealth,Female,Urban,Quintile 3,,,,,,,0.595499992370605,,,0.579999983310699,0.156900003552437,0.0688000023365021,6.68709993362427,,0.0355999991297722,0.0182000007480383,0.0870999991893768,,33.0,,,86.0,86.0,66.0,33.0,,33.0,59.0,44.0,,,,,,0.0432000011205673,56.0,,,,,0.0,33.0,0.0,33.0,0.0,34.0,0.0,446.0,0.25330001115799,97.0,0.887899994850159,85.0,,,,,,,,,,,,,,,,,,,,,,,,
154172,RWA,Sub-Saharan Africa,Low income,Rwanda,DHS,2020,,1,Location & Sex & Wealth,Female,Urban,Quintile 4,,,,,,,0.841300010681152,0.383399993181229,0.23029999434948,0.804099977016449,0.315699994564056,0.19480000436306,7.51469993591309,,0.106600001454353,0.0197999998927116,0.050500001758337,0.385300010442734,85.0,84.0,69.0,262.0,262.0,253.0,119.0,,119.0,202.0,91.0,82.0,,,,,0.0059000002220273,134.0,,,,,0.0593000017106533,134.0,0.0593000017106533,134.0,0.0206000003963709,119.0,0.0,1364.0,0.122000001370907,262.0,0.985199987888336,257.0,,,,,,,,,,,,,,,,,,,,,,,,
154173,RWA,Sub-Saharan Africa,Low income,Rwanda,DHS,2020,,1,Location & Sex & Wealth,Female,Urban,Quintile 5,,,,,,,0.879000008106232,0.493499994277954,0.503600001335144,0.861100018024445,0.518999993801117,0.509700000286102,9.7819995880127,,0.0377000011503696,0.0080000003799796,0.140599995851517,0.444999992847443,292.0,336.0,274.0,982.0,982.0,829.0,465.0,,465.0,429.0,220.0,305.0,,,,,0.014299999922514,280.0,,,,,0.348800003528595,364.0,0.348800003528595,364.0,0.336899995803833,344.0,0.0256999991834164,3771.0,0.0772000029683113,544.0,0.972199976444244,975.0,,,,,,,,,,,,,,,,,,,,,,,,
154174,RWA,Sub-Saharan Africa,Low income,Rwanda,DHS,2020,,1,Location & Sex & Wealth,Male,Rural,Quintile 1,,,,,,,0.313800007104874,0.0659999996423721,0.0206000003963709,0.328399986028671,0.0520999990403652,0.0221999995410442,4.603600025177,,0.352200001478195,0.132400006055832,0.1925999969244,0.584800004959106,311.0,205.0,137.0,714.0,714.0,560.0,269.0,,269.0,982.0,395.0,258.0,,,,,0.0710000023245811,650.0,,,,,0.0060999998822808,291.0,0.0060999998822808,291.0,0.006800000090152,295.0,9.99999974737875e-05,4816.0,0.338600009679794,1279.0,0.818099975585938,353.0,,,,,,,,,,,,,,,,,,,,,,,,
154175,RWA,Sub-Saharan Africa,Low income,Rwanda,DHS,2020,,1,Location & Sex & Wealth,Male,Rural,Quintile 2,,,,,,,0.474299997091293,0.154599994421005,0.0663999989628792,0.471599996089935,0.103100001811981,0.066200003027916,5.4980001449585,,0.223399996757507,0.0649000033736229,0.166500002145767,0.520500004291534,383.0,247.0,194.0,887.0,887.0,580.0,326.0,,326.0,899.0,413.0,321.0,,,,,0.0454000011086464,601.0,,,,,0.0070000002160668,254.0,0.0070000002160668,254.0,0.0054999999701976,311.0,0.0003999999898951,4841.0,0.316100001335144,1295.0,0.892499983310699,490.0,,,,,,,,,,,,,,,,,,,,,,,,
154176,RWA,Sub-Saharan Africa,Low income,Rwanda,DHS,2020,,1,Location & Sex & Wealth,Male,Rural,Quintile 3,,,,,,,0.543600022792816,0.219200000166893,0.112099997699261,0.547500014305115,0.143800005316734,0.110799998044968,5.93459987640381,,0.223499998450279,0.0414999984204769,0.106100000441074,0.41729998588562,392.0,294.0,172.0,922.0,922.0,568.0,322.0,,322.0,836.0,441.0,344.0,,,,,0.0176999997347593,612.0,,,,,0.023199999704957,246.0,0.023199999704957,246.0,0.0218000002205372,288.0,0.0012000000569969,4828.0,0.278800010681152,1239.0,0.911300003528595,554.0,,,,,,,,,,,,,,,,,,,,,,,,
154177,RWA,Sub-Saharan Africa,Low income,Rwanda,DHS,2020,,1,Location & Sex & Wealth,Male,Rural,Quintile 4,,,,,,,0.678600013256073,0.298200011253357,0.189999997615814,0.680599987506866,0.224600002169609,0.209399998188019,6.93879985809326,,0.138099998235703,0.0344999991357327,0.117399998009205,0.336299985647202,350.0,239.0,179.0,804.0,804.0,513.0,292.0,,292.0,669.0,359.0,334.0,,,,,0.0274000000208616,473.0,,,,,0.0670000016689301,221.0,0.0670000016689301,221.0,0.0953999981284142,226.0,0.0015000000130385,4034.0,0.210800006985664,963.0,0.932099997997284,524.0,,,,,,,,,,,,,,,,,,,,,,,,
154178,RWA,Sub-Saharan Africa,Low income,Rwanda,DHS,2020,,1,Location & Sex & Wealth,Male,Rural,Quintile 5,,,,,,,0.749800026416779,0.404500007629395,0.30019998550415,0.7257000207901,0.339100003242493,0.384200006723404,7.66330003738403,,0.163499996066093,0.0215000007301569,0.0872000008821487,0.397799998521805,192.0,175.0,90.0,481.0,481.0,298.0,180.0,,180.0,304.0,175.0,183.0,,,,,0.0195000004023314,227.0,,,,,0.247500002384186,118.0,0.247500002384186,118.0,0.28439998626709,130.0,0.0043999999761581,2124.0,0.157399997115135,422.0,0.962499976158142,302.0,,,,,,,,,,,,,,,,,,,,,,,,
154179,RWA,Sub-Saharan Africa,Low income,Rwanda,DHS,2020,,1,Location & Sex & Wealth,Male,Urban,Quintile 1,,,,,,,0.332100003957748,,,0.411500006914139,0.0542000010609627,0.0851000025868416,,,,0.128199994564056,0.0199999995529652,0.519699990749359,38.0,,,73.0,73.0,50.0,,,,105.0,42.0,30.0,,,,,0.0232999995350838,62.0,,,,,,,,,,,0.0,464.0,0.345699995756149,139.0,0.899699985980988,37.0,,,,,,,,,,,,,,,,,,,,,,,,
154180,RWA,Sub-Saharan Africa,Low income,Rwanda,DHS,2020,,1,Location & Sex & Wealth,Male,Urban,Quintile 2,,,,,,,,,,0.38620001077652,0.096900001168251,0.0551000013947487,,,,0.138300001621246,,,,,,43.0,43.0,42.0,,,,45.0,,,,,,,,,,,,,,,,,,,0.0038000000640749,242.0,0.417600005865097,64.0,,,,,,,,,,,,,,,,,,,,,,,,,,
154181,RWA,Sub-Saharan Africa,Low income,Rwanda,DHS,2020,,1,Location & Sex & Wealth,Male,Urban,Quintile 3,,,,,,,,,,0.553399980068207,0.180000007152557,0.0399000011384487,,,,0.102300003170967,0.152099996805191,,,,,67.0,67.0,50.0,,,,71.0,30.0,,,,,,0.0285999998450279,47.0,,,,,,,,,0.0,31.0,0.001300000003539,412.0,0.309300005435944,97.0,0.832899987697601,31.0,,,,,,,,,,,,,,,,,,,,,,,,
154182,RWA,Sub-Saharan Africa,Low income,Rwanda,DHS,2020,,1,Location & Sex & Wealth,Male,Urban,Quintile 4,,,,,,,0.729900002479553,0.322299987077713,0.182099997997284,0.687300026416779,0.297699987888336,0.297100007534027,7.15819978713989,,0.182699993252754,0.0065000001341104,0.0830999985337257,0.31810000538826,88.0,67.0,57.0,238.0,238.0,185.0,104.0,,104.0,170.0,86.0,82.0,,,,,0.0144999995827675,99.0,,,,,0.0843999981880188,81.0,0.0843999981880188,81.0,0.0215000007301569,100.0,0.00179999996908,1155.0,0.196899995207787,254.0,0.956799983978271,159.0,,,,,,,,,,,,,,,,,,,,,,,,
154183,RWA,Sub-Saharan Africa,Low income,Rwanda,DHS,2020,,1,Location & Sex & Wealth,Male,Urban,Quintile 5,,,,,,,0.884299993515015,0.606800019741058,0.540799975395203,0.877499997615814,0.580999970436096,0.565599977970123,10.0333003997803,,0.0277999993413687,0.0193000007420778,0.0310999993234873,0.204300001263618,192.0,240.0,198.0,695.0,695.0,643.0,354.0,,354.0,414.0,157.0,210.0,,,,,0.0307000000029802,250.0,,,,,0.335099995136261,289.0,0.335099995136261,289.0,0.325899988412857,273.0,0.0264999996870756,3233.0,0.0710999965667725,530.0,0.990599989891052,547.0,,,,,,,,,,,,,,,,,,,,,,,,
154184,RWA,Sub-Saharan Africa,Low income,Rwanda,DHS,2020,,1,Location & Wealth,,Rural,Quintile 1,,,,,,,0.362899988889694,0.0641999989748001,0.0177999995648861,0.369899988174438,0.0520999990403652,0.0175000000745058,4.80109977722168,,0.289799988269806,0.104699999094009,0.195299997925758,0.607299983501434,654.0,422.0,399.0,1608.0,1608.0,1378.0,672.0,,672.0,1923.0,805.0,531.0,,,,,0.0621999986469746,1317.0,,,,,0.0041000000201165,706.0,0.0041000000201165,706.0,0.0028999999631196,701.0,9.99999974737875e-05,10700.0,0.314599990844727,2538.0,0.825699985027313,1233.0,,,,,,,,,,,,,,,,,,,,,,,,
154185,RWA,Sub-Saharan Africa,Low income,Rwanda,DHS,2020,,1,Location & Wealth,,Rural,Quintile 2,,,,,,,0.51639997959137,0.144999995827675,0.0719999969005585,0.517700016498566,0.111800000071526,0.0586999990046024,5.69530010223389,,0.196299999952316,0.0531999990344048,0.144899994134903,0.520600020885468,798.0,531.0,445.0,1911.0,1911.0,1359.0,756.0,,756.0,1783.0,849.0,678.0,,,,,0.0405000001192093,1226.0,,,,,0.0068999999202787,604.0,0.0068999999202787,604.0,0.0024999999441206,680.0,0.0003999999898951,10440.0,0.278600007295609,2594.0,0.902300000190735,1501.0,,,,,,,,,,,,,,,,,,,,,,,,
154186,RWA,Sub-Saharan Africa,Low income,Rwanda,DHS,2020,,1,Location & Wealth,,Rural,Quintile 3,,,,,,,0.60180002450943,0.255199998617172,0.0997999981045723,0.601300001144409,0.170000001788139,0.104999996721745,6.2797999382019,,0.166700005531311,0.0405000001192093,0.0989999994635582,0.448100000619888,789.0,588.0,377.0,1904.0,1904.0,1258.0,705.0,,705.0,1623.0,896.0,656.0,,,,,0.0195000004023314,1170.0,,,,,0.0119000002741814,553.0,0.0119000002741814,553.0,0.0111999996006489,621.0,0.00089999998454,10036.0,0.248099997639656,2375.0,0.929199993610382,1531.0,,,,,,,,,,,,,,,,,,,,,,,,
154187,RWA,Sub-Saharan Africa,Low income,Rwanda,DHS,2020,,1,Location & Wealth,,Rural,Quintile 4,,,,,,,0.753499984741211,0.370000004768372,0.224199995398521,0.748799979686737,0.275700002908707,0.222200006246567,7.52430009841919,,0.0982000008225441,0.0308999996632338,0.102700002491474,0.335399985313416,720.0,491.0,383.0,1691.0,1691.0,1116.0,639.0,,639.0,1317.0,727.0,651.0,,,,,0.0175000000745058,946.0,,,,,0.0432999990880489,477.0,0.0432999990880489,477.0,0.061099998652935,516.0,0.001300000003539,8431.0,0.171100005507469,1862.0,0.945500016212463,1407.0,,,,,,,,,,,,,,,,,,,,,,,,
154188,RWA,Sub-Saharan Africa,Low income,Rwanda,DHS,2020,,1,Location & Wealth,,Rural,Quintile 5,,,,,,,0.799099981784821,0.458099991083145,0.415899991989136,0.788900017738342,0.392699986696243,0.458700001239777,8.69789981842041,,0.101400002837181,0.0192000009119511,0.101999998092651,0.363900005817413,414.0,356.0,214.0,1039.0,1039.0,668.0,391.0,,391.0,606.0,362.0,380.0,,,,,0.0179999992251396,449.0,,,,,0.229800000786781,277.0,0.229800000786781,277.0,0.262699991464615,287.0,0.008500000461936,4405.0,0.1317999958992,829.0,0.967199981212616,857.0,,,,,,,,,,,,,,,,,,,,,,,,
154189,RWA,Sub-Saharan Africa,Low income,Rwanda,DHS,2020,,1,Location & Wealth,,Urban,Quintile 1,,,,,,,0.364300012588501,0.0116999996826053,0.0238000005483627,0.371899992227554,0.0715000033378601,0.0463000014424324,5.19320011138916,,0.284099996089935,0.100100003182888,0.0500000007450581,0.509500026702881,59.0,35.0,36.0,144.0,144.0,123.0,63.0,,63.0,190.0,76.0,49.0,,,,,0.0324000008404255,124.0,,,,,0.0183000005781651,60.0,0.0183000005781651,60.0,0.0,71.0,0.0027999999001622,987.0,0.275999993085861,257.0,0.873399972915649,108.0,,,,,,,,,,,,,,,,,,,,,,,,
154190,RWA,Sub-Saharan Africa,Low income,Rwanda,DHS,2020,,1,Location & Wealth,,Urban,Quintile 2,,,,,,,0.453500002622604,,,0.45320001244545,0.167899996042252,0.0754999965429306,5.43310022354126,,0.283800005912781,0.0733999982476234,0.0670000016689301,,34.0,,,88.0,88.0,82.0,39.0,,39.0,88.0,42.0,,,,,,0.0582000017166138,59.0,,,,,0.0,43.0,0.0,43.0,0.0,38.0,0.001700000022538,540.0,0.330199986696243,119.0,0.864300012588501,69.0,,,,,,,,,,,,,,,,,,,,,,,,
154191,RWA,Sub-Saharan Africa,Low income,Rwanda,DHS,2020,,1,Location & Wealth,,Urban,Quintile 3,,,,,,,0.561999976634979,0.13289999961853,0.0225000008940697,0.568599998950958,0.166800007224083,0.0562999993562698,6.34019994735718,,0.148300006985664,0.0595000013709068,0.110600002110004,0.481799989938736,58.0,46.0,38.0,153.0,153.0,116.0,58.0,,58.0,130.0,74.0,53.0,,,,,0.0373999997973442,103.0,,,,,0.0027999999001622,58.0,0.0027999999001622,58.0,0.0,65.0,0.0006000000284984,858.0,0.278899997472763,194.0,0.873300015926361,116.0,,,,,,,,,,,,,,,,,,,,,,,,
154192,RWA,Sub-Saharan Africa,Low income,Rwanda,DHS,2020,,1,Location & Wealth,,Urban,Quintile 4,,,,,,,0.785700023174286,0.355399996042252,0.209099993109703,0.749899983406067,0.307300001382828,0.234200000762939,7.3585000038147,,0.139899998903275,0.0138999996706843,0.0662999972701073,0.351500004529953,173.0,151.0,126.0,500.0,500.0,438.0,223.0,,223.0,372.0,177.0,164.0,,,,,0.0096000004559755,233.0,,,,,0.0676999986171722,215.0,0.0676999986171722,215.0,0.0209999997168779,219.0,0.0007999999797903,2519.0,0.157800003886223,516.0,0.975099980831146,416.0,,,,,,,,,,,,,,,,,,,,,,,,
154193,RWA,Sub-Saharan Africa,Low income,Rwanda,DHS,2020,,1,Location & Wealth,,Urban,Quintile 5,,,,,,,0.881200015544891,0.541999995708466,0.519200026988983,0.867999970912933,0.545199990272522,0.533699989318848,9.88920021057129,,0.033500000834465,0.0137000000104308,0.0962999984622002,0.335900008678436,484.0,576.0,472.0,1677.0,1677.0,1472.0,819.0,,819.0,843.0,377.0,515.0,,,,,0.0219000000506639,530.0,,,,,0.342900007963181,653.0,0.342900007963181,653.0,0.332199990749359,617.0,0.0260000005364418,7004.0,0.0741000026464462,1074.0,0.978999972343445,1522.0,,,,,,,,,,,,,,,,,,,,,,,,
154194,RWA,Sub-Saharan Africa,Low income,Rwanda,DHS,2020,,1,Sex,Female,,,,,,,,,0.677299976348877,0.318500012159348,0.214499995112419,0.676500022411346,0.257999986410141,0.205799996852875,7.25729990005493,,0.122299998998642,0.0399999991059303,0.122000001370907,0.456299990415573,2191.0,1708.0,1443.0,5791.0,5791.0,4521.0,2450.0,,2450.0,4380.0,2265.0,1903.0,,,,,0.0282000005245209,3112.0,,,,,0.0822999998927116,2072.0,0.0822999998927116,2072.0,0.0767000019550323,2119.0,0.0043999999761581,29771.0,0.19990000128746,6076.0,0.927100002765656,5739.0,,,,,,,,,,,,,,,,,,,,,,,,
154195,RWA,Sub-Saharan Africa,Low income,Rwanda,DHS,2020,,1,Sex,Male,,,,,,,,,0.574599981307983,0.280699998140335,0.196700006723404,0.58950001001358,0.218500003218651,0.211600005626678,6.73210000991821,,0.188899993896484,0.0627999976277351,0.128000006079674,0.41609999537468,1992.0,1512.0,1070.0,4924.0,4924.0,3489.0,1915.0,,1915.0,4495.0,2120.0,1802.0,,,,,0.0377999991178513,3045.0,,,,,0.096000000834465,1574.0,0.096000000834465,1574.0,0.0922000035643578,1696.0,0.0038999998942017,26149.0,0.261799991130829,6282.0,0.921000003814697,3021.0,,,,,,,,,,,,,,,,,,,,,,,,
154196,RWA,Sub-Saharan Africa,Low income,Rwanda,DHS,2020,,1,Sex & Wealth,Female,,Quintile 1,,,,,,,0.406199991703033,0.060199998319149,0.0156999994069338,0.400000005960464,0.0533000007271767,0.0147000001743436,4.93849992752075,,0.248500004410744,0.0745000019669533,0.192800000309944,0.624100029468536,364.0,237.0,283.0,965.0,965.0,891.0,441.0,,441.0,1026.0,444.0,292.0,,,,,0.0526000000536442,729.0,,,,,0.0024999999441206,450.0,0.0024999999441206,450.0,0.0,450.0,0.0003999999898951,6407.0,0.285400003194809,1377.0,0.829999983310699,951.0,,,,,,,,,,,,,,,,,,,,,,,,
154197,RWA,Sub-Saharan Africa,Low income,Rwanda,DHS,2020,,1,Sex & Wealth,Female,,Quintile 2,,,,,,,0.554700016975403,0.13680000603199,0.0764999985694885,0.556999981403351,0.122400000691414,0.0544000007212162,5.84630012512207,,0.178200006484985,0.0406999997794628,0.124300003051758,0.514299988746643,428.0,299.0,263.0,1069.0,1069.0,819.0,451.0,,451.0,927.0,456.0,369.0,,,,,0.0364000014960766,660.0,,,,,0.0065999999642372,369.0,0.0065999999642372,369.0,0.0,392.0,0.0003999999898951,5897.0,0.241300001740456,1354.0,0.90530002117157,1056.0,,,,,,,,,,,,,,,,,,,,,,,,
154198,RWA,Sub-Saharan Africa,Low income,Rwanda,DHS,2020,,1,Sex & Wealth,Female,,Quintile 3,,,,,,,0.6560999751091,0.280099987983704,0.0868000015616417,0.648800015449524,0.19310000538826,0.0984999984502792,6.57760000228882,,0.115299999713898,0.0384000018239021,0.091899998486042,0.482899993658066,430.0,319.0,226.0,1068.0,1068.0,756.0,416.0,,416.0,846.0,499.0,341.0,,,,,0.0229000002145767,614.0,,,,,0.0027999999001622,340.0,0.0027999999001622,340.0,0.0019000000320375,367.0,0.0005000000237487,5654.0,0.216100007295609,1233.0,0.936800003051758,1062.0,,,,,,,,,,,,,,,,,,,,,,,,
154199,RWA,Sub-Saharan Africa,Low income,Rwanda,DHS,2020,,1,Sex & Wealth,Female,,Quintile 4,,,,,,,0.826099991798401,0.426499992609024,0.24889999628067,0.808899998664856,0.32030001282692,0.223100006580353,7.9008002281189,,0.0741999968886375,0.0256999991834164,0.0825999975204468,0.342299997806549,455.0,336.0,273.0,1149.0,1149.0,856.0,466.0,,466.0,850.0,459.0,399.0,,,,,0.0074999998323619,607.0,,,,,0.0342000015079975,390.0,0.0342000015079975,390.0,0.0304000005125999,409.0,0.00089999998454,5761.0,0.12780000269413,1161.0,0.959100008010864,1140.0,,,,,,,,,,,,,,,,,,,,,,,,
154200,RWA,Sub-Saharan Africa,Low income,Rwanda,DHS,2020,,1,Sex & Wealth,Female,,Quintile 5,,,,,,,0.85809999704361,0.501399993896484,0.501699984073639,0.853100001811981,0.483599990606308,0.513100028038025,9.71150016784668,,0.0414999984204769,0.0124000003561378,0.127499997615814,0.389299988746643,514.0,517.0,398.0,1540.0,1540.0,1199.0,676.0,,676.0,731.0,407.0,502.0,,,,,0.0153999999165535,502.0,,,,,0.299400001764297,523.0,0.299400001764297,523.0,0.30129998922348,501.0,0.0197000000625849,6052.0,0.0917000025510788,951.0,0.971099972724915,1530.0,,,,,,,,,,,,,,,,,,,,,,,,
154201,RWA,Sub-Saharan Africa,Low income,Rwanda,DHS,2020,,1,Sex & Wealth,Male,,Quintile 1,,,,,,,0.31479999423027,0.0637999996542931,0.0225000008940697,0.332199990749359,0.0522000007331371,0.0249000005424023,4.6346001625061,,0.35249999165535,0.132200002670288,0.183899998664856,0.581200003623962,349.0,220.0,152.0,787.0,787.0,610.0,294.0,,294.0,1087.0,437.0,288.0,,,,,0.0687000006437302,712.0,,,,,0.0077999997884035,316.0,0.0077999997884035,316.0,0.0065999999642372,322.0,9.99999974737875e-05,5280.0,0.338899999856949,1418.0,0.821200013160706,390.0,,,,,,,,,,,,,,,,,,,,,,,,
154202,RWA,Sub-Saharan Africa,Low income,Rwanda,DHS,2020,,1,Sex & Wealth,Male,,Quintile 2,,,,,,,0.473300009965897,0.154599994421005,0.0636000037193298,0.469199985265732,0.102899998426437,0.065700002014637,5.47959995269775,,0.226099997758865,0.0666999965906143,0.162699997425079,0.514400005340576,404.0,256.0,205.0,930.0,930.0,622.0,344.0,,344.0,944.0,435.0,337.0,,,,,0.0458000004291534,625.0,,,,,0.0066999997943639,278.0,0.0066999997943639,278.0,0.0052999998442828,326.0,0.0005000000237487,5083.0,0.319099992513657,1359.0,0.893100023269653,514.0,,,,,,,,,,,,,,,,,,,,,,,,
154203,RWA,Sub-Saharan Africa,Low income,Rwanda,DHS,2020,,1,Sex & Wealth,Male,,Quintile 3,,,,,,,0.542100012302399,0.218199998140335,0.106200002133846,0.547800004482269,0.145199999213219,0.107199996709824,5.93849992752075,,0.224900007247925,0.0441000014543533,0.107699997723103,0.419099986553192,417.0,315.0,189.0,989.0,989.0,618.0,347.0,,347.0,907.0,471.0,368.0,,,,,0.0181000009179115,659.0,,,,,0.022299999371171,271.0,0.022299999371171,271.0,0.0201999992132187,319.0,0.0012000000569969,5240.0,0.280000001192093,1336.0,0.908699989318848,585.0,,,,,,,,,,,,,,,,,,,,,,,,
154204,RWA,Sub-Saharan Africa,Low income,Rwanda,DHS,2020,,1,Sex & Wealth,Male,,Quintile 4,,,,,,,0.686200022697449,0.302599996328354,0.188400000333786,0.681800007820129,0.23759999871254,0.227400004863739,6.98400020599365,,0.147300004959106,0.0303000006824732,0.112400002777576,0.333499997854233,438.0,306.0,236.0,1042.0,1042.0,698.0,396.0,,396.0,839.0,445.0,416.0,,,,,0.0256999991834164,572.0,,,,,0.0706000030040741,302.0,0.0706000030040741,302.0,0.0755999982357025,326.0,0.0015000000130385,5189.0,0.208599999547005,1217.0,0.936299979686737,683.0,,,,,,,,,,,,,,,,,,,,,,,,
154205,RWA,Sub-Saharan Africa,Low income,Rwanda,DHS,2020,,1,Sex & Wealth,Male,,Quintile 5,,,,,,,0.80919998884201,0.505100011825562,0.452399998903275,0.804899990558624,0.465299993753433,0.495200008153915,9.07390022277832,,0.0826999992132187,0.0204000007361174,0.0649000033736229,0.304300010204315,384.0,415.0,288.0,1176.0,1176.0,941.0,534.0,,534.0,718.0,332.0,393.0,,,,,0.0245999991893768,477.0,,,,,0.303099989891052,407.0,0.303099989891052,407.0,0.308600008487701,403.0,0.016100000590086,5357.0,0.115199998021126,952.0,0.978900015354156,849.0,,,,,,,,,,,,,,,,,,,,,,,,
154206,RWA,Sub-Saharan Africa,Low income,Rwanda,DHS,2020,,1,Total,,,,,,,,,,0.628600001335144,0.300500005483627,0.207000002264977,0.636399984359741,0.239800006151199,0.208299994468689,7.02759981155396,,0.151500001549721,0.0516000017523766,0.124899998307228,0.436599999666214,4183.0,3220.0,2513.0,10715.0,10715.0,8010.0,4365.0,,4365.0,8875.0,4385.0,3705.0,,,,,0.0329000018537045,6157.0,,,,,0.0882000029087067,3646.0,0.0882000029087067,3646.0,0.0835999995470047,3815.0,0.0041999998502433,55920.0,0.231299996376038,12358.0,0.925000011920929,8760.0,,,,,,,,,,,,,,,,,,,,,,,,
154207,RWA,Sub-Saharan Africa,Low income,Rwanda,DHS,2020,,1,Wealth,,,Quintile 1,,,,,,,0.363000005483627,0.061999998986721,0.0179999992251396,0.370000004768372,0.0527999997138977,0.0187999997287989,4.81869983673096,,0.289499998092651,0.104500003159046,0.188400000333786,0.603200018405914,713.0,457.0,435.0,1752.0,1752.0,1501.0,735.0,,735.0,2113.0,881.0,580.0,,,,,0.0606000013649464,1441.0,,,,,0.0046999999321997,766.0,0.0046999999321997,766.0,0.0027000000700354,772.0,0.0003000000142492,11687.0,0.312599986791611,2795.0,0.827499985694885,1341.0,,,,,,,,,,,,,,,,,,,,,,,,
154208,RWA,Sub-Saharan Africa,Low income,Rwanda,DHS,2020,,1,Wealth,,,Quintile 2,,,,,,,0.514999985694885,0.144999995827675,0.0709000006318092,0.515999972820282,0.113300003111362,0.0593000017106533,5.68720006942749,,0.199000000953674,0.0537000000476837,0.142800003290176,0.514299988746643,832.0,555.0,468.0,1999.0,1999.0,1441.0,795.0,,795.0,1871.0,891.0,706.0,,,,,0.0410000011324883,1285.0,,,,,0.0065999999642372,647.0,0.0065999999642372,647.0,0.0024000001139938,718.0,0.0005000000237487,10980.0,0.280000001192093,2713.0,0.901300013065338,1570.0,,,,,,,,,,,,,,,,,,,,,,,,
154209,RWA,Sub-Saharan Africa,Low income,Rwanda,DHS,2020,,1,Wealth,,,Quintile 3,,,,,,,0.600099980831146,0.249099999666214,0.0957000032067299,0.599699974060059,0.169900000095367,0.102399997413158,6.28240013122559,,0.165900006890297,0.0412999987602234,0.0996000021696091,0.449600011110306,847.0,634.0,415.0,2057.0,2057.0,1374.0,763.0,,763.0,1753.0,970.0,709.0,,,,,0.0204000007361174,1273.0,,,,,0.0113000003620982,611.0,0.0113000003620982,611.0,0.0104000000283122,686.0,0.0007999999797903,10894.0,0.249500006437302,2569.0,0.926699995994568,1647.0,,,,,,,,,,,,,,,,,,,,,,,,
154210,RWA,Sub-Saharan Africa,Low income,Rwanda,DHS,2020,,1,Wealth,,,Quintile 4,,,,,,,0.758199989795685,0.36719998717308,0.221200004220009,0.749000012874603,0.281399995088577,0.224999994039536,7.48929977416992,,0.10700000077486,0.0280000008642673,0.0973000004887581,0.337900012731552,893.0,642.0,509.0,2191.0,2191.0,1554.0,862.0,,862.0,1689.0,904.0,815.0,,,,,0.0163000002503395,1179.0,,,,,0.0498000010848045,692.0,0.0498000010848045,692.0,0.0511000007390976,735.0,0.0012000000569969,10950.0,0.16889999806881,2378.0,0.950699985027313,1823.0,,,,,,,,,,,,,,,,,,,,,,,,
154211,RWA,Sub-Saharan Africa,Low income,Rwanda,DHS,2020,,1,Wealth,,,Quintile 5,,,,,,,0.836899995803833,0.503099977970123,0.481099992990494,0.831900000572205,0.475499987602234,0.505299985408783,9.43050003051758,,0.0595999993383884,0.0164000000804663,0.0995000004768372,0.350100010633469,898.0,932.0,686.0,2716.0,2716.0,2140.0,1210.0,,1210.0,1449.0,739.0,895.0,,,,,0.0198999997228384,979.0,,,,,0.300999999046326,930.0,0.300999999046326,930.0,0.304500013589859,904.0,0.0179999992251396,11409.0,0.103500001132488,1903.0,0.973900020122528,2379.0,,,,,,,,,,,,,,,,,,,,,,,,
162126,RWA,Sub-Saharan Africa,Low income,Rwanda,DHS,2020,,1,Region,,,,East,,,,,,0.572700023651123,0.282299995422363,0.166700005531311,0.596800029277802,0.206699997186661,0.160099998116493,6.65869998931885,,0.177699998021126,0.0636999979615211,0.101700000464916,0.388300001621246,1117.0,856.0,547.0,2716.0,2716.0,1890.0,1046.0,,1046.0,2175.0,1178.0,966.0,,,,,0.0412999987602234,1544.0,,,,,0.0526000000536442,845.0,0.0526000000536442,845.0,0.0588000006973743,830.0,0.0023000000510364,13596.0,0.280800014734268,3234.0,0.917599976062775,2194.0,,,,,,,,,,,,,,,,,,,,,,,,
162127,RWA,Sub-Saharan Africa,Low income,Rwanda,DHS,2020,,1,Region,,,,Kigali,,,,,,0.755299985408783,0.4341000020504,0.425399988889694,0.788900017738342,0.44200000166893,0.419600009918213,8.9310998916626,,0.070200003683567,0.0397000014781952,0.086499996483326,0.39190000295639,384.0,426.0,398.0,1346.0,1346.0,1291.0,703.0,,703.0,836.0,337.0,393.0,,,,,0.0294000003486872,526.0,,,,,0.2449000030756,588.0,0.2449000030756,588.0,0.196799993515015,586.0,0.0159000009298325,6332.0,0.128499999642372,1064.0,0.967599987983704,1189.0,,,,,,,,,,,,,,,,,,,,,,,,
162128,RWA,Sub-Saharan Africa,Low income,Rwanda,DHS,2020,,1,Region,,,,North,,,,,,0.592299997806549,0.26350000500679,0.181199997663498,0.600399971008301,0.212899997830391,0.171299993991852,6.73260021209717,,0.147200003266335,0.0410000011324883,0.156299993395805,0.540600001811981,651.0,501.0,432.0,1701.0,1701.0,1254.0,695.0,,695.0,1349.0,672.0,608.0,,,,,0.024100000038743,937.0,,,,,0.0549000017344952,559.0,0.0549000017344952,559.0,0.0551999993622303,651.0,0.0041000000201165,8787.0,0.224900007247925,1968.0,0.911800026893616,1366.0,,,,,,,,,,,,,,,,,,,,,,,,
162129,RWA,Sub-Saharan Africa,Low income,Rwanda,DHS,2020,,1,Region,,,,South,,,,,,0.620000004768372,0.273099988698959,0.12890000641346,0.610000014305115,0.194000005722046,0.142199993133545,6.39480018615723,,0.181600004434586,0.064300000667572,0.114699997007847,0.429300010204315,1038.0,759.0,582.0,2542.0,2542.0,1801.0,977.0,,977.0,2296.0,1157.0,900.0,,,,,0.0335999988019466,1629.0,,,,,0.061099998652935,824.0,0.061099998652935,824.0,0.059799998998642,888.0,0.0019000000320375,14056.0,0.229100003838539,3154.0,0.926900029182434,2031.0,,,,,,,,,,,,,,,,,,,,,,,,
162130,RWA,Sub-Saharan Africa,Low income,Rwanda,DHS,2020,,1,Region,,,,West,,,,,,0.644800007343292,0.276300013065338,0.179800003767014,0.64139997959137,0.216700002551079,0.181600004434586,6.74599981307983,,0.159700006246567,0.0838999971747398,0.160899996757507,0.457500010728836,993.0,678.0,554.0,2410.0,2410.0,1774.0,944.0,,944.0,2219.0,1041.0,838.0,,,,,0.0295000001788139,1521.0,,,,,0.0478999987244606,830.0,0.0478999987244606,830.0,0.065200001001358,860.0,0.0019000000320375,13149.0,0.220100000500679,2938.0,0.912699997425079,1980.0,,,,,,,,,,,,,,,,,,,,,,,,
162131,RWA,Sub-Saharan Africa,Low income,Rwanda,DHS,2020,,1,Religion,,,,,,Adventist,,,,0.636300027370453,0.368400007486343,0.182699993252754,0.661199986934662,0.27360001206398,0.249799996614456,7.14010000228882,,0.170300006866455,0.047800000756979,0.120300002396107,0.396100014448166,245.0,171.0,123.0,573.0,573.0,434.0,214.0,,214.0,558.0,275.0,204.0,,,,,0.0212999992072582,404.0,,,,,0.133300006389618,220.0,0.133300006389618,220.0,0.105499997735023,250.0,0.0051000001840293,3220.0,0.209700003266335,780.0,0.938099980354309,541.0,,,,,,,,,,,,,,,,,,,,,,,,
162132,RWA,Sub-Saharan Africa,Low income,Rwanda,DHS,2020,,1,Religion,,,,,,Catholic,,,,0.645299971103668,0.282499998807907,0.199799999594688,0.642599999904633,0.231299996376038,0.210500001907349,6.94540023803711,,0.171700000762939,0.063000001013279,0.12950000166893,0.465799987316132,800.0,573.0,445.0,1945.0,1945.0,1351.0,739.0,,739.0,1742.0,872.0,721.0,,,,,0.0285000000149012,1247.0,,,,,0.0917999967932701,612.0,0.0917999967932701,612.0,0.0838999971747398,763.0,0.0035999999381601,10178.0,0.220500007271767,2356.0,0.916800022125244,1838.0,,,,,,,,,,,,,,,,,,,,,,,,
162133,RWA,Sub-Saharan Africa,Low income,Rwanda,DHS,2020,,1,Religion,,,,,,Jehovah's Witness,,,,,,,0.690199971199036,0.195500001311302,0.0693999975919724,,,,,,,,,,47.0,47.0,32.0,,,,,,,,,,,,,,,,,,,,,,,0.0,169.0,0.303600013256073,31.0,0.952400028705597,43.0,,,,,,,,,,,,,,,,,,,,,,,,
162134,RWA,Sub-Saharan Africa,Low income,Rwanda,DHS,2020,,1,Religion,,,,,,Muslim,,,,0.654100000858307,0.350199997425079,,0.69870001077652,0.270500004291534,0.206300005316734,7.40950012207031,,0.17739999294281,0.0518000014126301,0.043699998408556,0.382499992847443,51.0,37.0,,123.0,123.0,94.0,48.0,,48.0,93.0,53.0,33.0,,,,,0.0,56.0,,,,,0.117700003087521,46.0,0.117700003087521,46.0,0.118000000715256,52.0,0.0068999999202787,596.0,0.311500012874603,141.0,0.965099990367889,114.0,,,,,,,,,,,,,,,,,,,,,,,,
162135,RWA,Sub-Saharan Africa,Low income,Rwanda,DHS,2020,,1,Religion,,,,,,No Religion/None,,,,,,,0.52319997549057,0.224399998784065,0.120399996638298,6.70510005950928,,0.27360001206398,0.137299999594688,,,,,,65.0,65.0,60.0,33.0,,33.0,80.0,,,,,,,0.0747999995946884,44.0,,,,,,,,,0.0775000005960464,41.0,0.0038999998942017,451.0,0.259499996900558,110.0,0.898400008678436,62.0,,,,,,,,,,,,,,,,,,,,,,,,
162136,RWA,Sub-Saharan Africa,Low income,Rwanda,DHS,2020,,1,Religion,,,,,,Protestant,,,,0.614400029182434,0.266000002622604,0.243000000715256,0.643800020217896,0.227699995040894,0.197699993848801,7.2007999420166,,0.133599996566772,0.0694999992847443,0.143099993467331,0.426499992609024,808.0,584.0,424.0,1953.0,1953.0,1418.0,754.0,,754.0,1903.0,905.0,705.0,,,,,0.0454000011086464,1276.0,,,,,0.0993999987840652,665.0,0.0993999987840652,665.0,0.065700002014637,799.0,0.0044999998062849,10716.0,0.239199995994568,2612.0,0.913100004196167,1823.0,,,,,,,,,,,,,,,,,,,,,,,,
162137,RWA,Sub-Saharan Africa,Low income,Rwanda,DHS,2020,,1,Religion,,,,,,Traditional,,,,,,,,,,,,,,,,,,,,,,,,,,,,,,,,,,,,,,,,,,,,,,,,,,,,,,,,,,,,,,,,,,,,,,,,,
162138,RWA,Sub-Saharan Africa,Low income,Rwanda,DHS,2020,,1,Region & Sex,Female,,,East,,,,,,0.637000024318695,0.311500012874603,0.183100000023842,0.656599998474121,0.223299995064735,0.172000005841255,7.04250001907349,,0.123800002038479,0.0513999983668327,0.103100001811981,0.404100000858307,608.0,468.0,304.0,1489.0,1489.0,1061.0,576.0,,576.0,1079.0,615.0,498.0,,,,,0.0408000014722347,784.0,,,,,0.0489000007510185,486.0,0.0489000007510185,486.0,0.0546999983489513,469.0,0.0032999999821186,7218.0,0.24099999666214,1604.0,0.924199998378754,1476.0,,,,,,,,,,,,,,,,,,,,,,,,
162139,RWA,Sub-Saharan Africa,Low income,Rwanda,DHS,2020,,1,Region & Sex,Female,,,Kigali,,,,,,0.76010000705719,0.427500009536743,0.436899989843369,0.796000003814697,0.432200014591217,0.398499995470047,9.03009986877441,,0.0696000009775162,0.0211999993771315,0.098800003528595,0.452199995517731,220.0,231.0,232.0,762.0,762.0,715.0,396.0,,396.0,431.0,199.0,213.0,,,,,0.0205000005662441,283.0,,,,,0.242300003767014,319.0,0.242300003767014,319.0,0.200399994850159,330.0,0.0164000000804663,3368.0,0.124300003051758,550.0,0.959200024604797,758.0,,,,,,,,,,,,,,,,,,,,,,,,
162140,RWA,Sub-Saharan Africa,Low income,Rwanda,DHS,2020,,1,Region & Sex,Female,,,North,,,,,,0.633000016212463,0.294999986886978,0.161100000143051,0.648899972438812,0.236800000071526,0.159500002861023,6.95779991149902,,0.117899999022484,0.0370000004768372,0.136600002646446,0.578999996185303,325.0,283.0,240.0,913.0,913.0,701.0,388.0,,388.0,665.0,326.0,317.0,,,,,0.0153999999165535,459.0,,,,,0.0375999994575977,313.0,0.0375999994575977,313.0,0.0524000003933907,354.0,0.0031999999191612,4628.0,0.1925999969244,948.0,0.922800004482269,904.0,,,,,,,,,,,,,,,,,,,,,,,,
162141,RWA,Sub-Saharan Africa,Low income,Rwanda,DHS,2020,,1,Region & Sex,Female,,,South,,,,,,0.694700002670288,0.317200005054474,0.127399995923042,0.658900022506714,0.219400003552437,0.15090000629425,6.57690000534058,,0.154200002551079,0.0516000017523766,0.106499999761581,0.431199997663498,523.0,392.0,336.0,1343.0,1343.0,1029.0,549.0,,549.0,1120.0,605.0,455.0,,,,,0.0214000009000301,812.0,,,,,0.0538999997079372,480.0,0.0538999997079372,480.0,0.0397000014781952,482.0,0.00179999996908,7511.0,0.194999992847443,1526.0,0.926100015640259,1327.0,,,,,,,,,,,,,,,,,,,,,,,,
162142,RWA,Sub-Saharan Africa,Low income,Rwanda,DHS,2020,,1,Region & Sex,Female,,,West,,,,,,0.661800026893616,0.265199989080429,0.198500007390976,0.659600019454956,0.239600002765656,0.17339999973774,6.92679977416992,,0.137299999594688,0.0705000013113022,0.164199993014336,0.464599996805191,515.0,334.0,331.0,1284.0,1284.0,1015.0,541.0,,541.0,1085.0,520.0,420.0,,,,,0.0310999993234873,774.0,,,,,0.0480999983847141,474.0,0.0480999983847141,474.0,0.0551000013947487,484.0,0.002199999988079,7046.0,0.191200003027916,1448.0,0.913399994373322,1274.0,,,,,,,,,,,,,,,,,,,,,,,,
162143,RWA,Sub-Saharan Africa,Low income,Rwanda,DHS,2020,,1,Region & Sex,Male,,,East,,,,,,0.495099991559982,0.249500006437302,0.14640000462532,0.525200009346008,0.186800003051758,0.144899994134903,6.18739986419678,,0.24379999935627,0.0759999975562096,0.100100003182888,0.371800005435944,509.0,388.0,243.0,1227.0,1227.0,829.0,470.0,,470.0,1096.0,563.0,468.0,,,,,0.0417999997735023,760.0,,,,,0.0575999990105629,359.0,0.0575999990105629,359.0,0.0640999972820282,361.0,0.0012000000569969,6378.0,0.320199996232986,1630.0,0.904299974441528,718.0,,,,,,,,,,,,,,,,,,,,,,,,
162144,RWA,Sub-Saharan Africa,Low income,Rwanda,DHS,2020,,1,Region & Sex,Male,,,Kigali,,,,,,0.749199986457825,0.441199988126755,0.409599989652634,0.780099987983704,0.454299986362457,0.447100013494492,8.80270004272461,,0.0710000023245811,0.0592000000178814,0.0684999972581863,0.328399986028671,164.0,195.0,166.0,584.0,584.0,576.0,307.0,,307.0,405.0,138.0,180.0,,,,,0.0395000018179417,243.0,,,,,0.248199999332428,269.0,0.248199999332428,269.0,0.192200005054474,256.0,0.0152000002563,2964.0,0.13289999961853,514.0,0.982100009918213,431.0,,,,,,,,,,,,,,,,,,,,,,,,
162145,RWA,Sub-Saharan Africa,Low income,Rwanda,DHS,2020,,1,Region & Sex,Male,,,North,,,,,,0.55239999294281,0.222200006246567,0.206599995493889,0.544099986553192,0.185100004076958,0.186599999666214,6.44290018081665,,0.184900000691414,0.0450000017881393,0.175200000405312,0.498699992895126,326.0,218.0,192.0,788.0,788.0,553.0,307.0,,307.0,684.0,346.0,291.0,,,,,0.0324999988079071,478.0,,,,,0.0778999999165535,246.0,0.0778999999165535,246.0,0.0584999993443489,297.0,0.0051000001840293,4159.0,0.254999995231628,1020.0,0.889900028705597,462.0,,,,,,,,,,,,,,,,,,,,,,,,
162146,RWA,Sub-Saharan Africa,Low income,Rwanda,DHS,2020,,1,Region & Sex,Male,,,South,,,,,,0.542699992656708,0.228300005197525,0.130899995565414,0.555599987506866,0.165700003504753,0.130700007081032,6.16550016403198,,0.216000005602837,0.0763000026345253,0.123800002038479,0.427500009536743,515.0,367.0,246.0,1199.0,1199.0,772.0,428.0,,428.0,1176.0,552.0,445.0,,,,,0.0456999987363815,817.0,,,,,0.0711999982595444,344.0,0.0711999982595444,344.0,0.0842000022530556,406.0,0.0020999999251216,6545.0,0.260800004005432,1628.0,0.92849999666214,704.0,,,,,,,,,,,,,,,,,,,,,,,,
162147,RWA,Sub-Saharan Africa,Low income,Rwanda,DHS,2020,,1,Region & Sex,Male,,,West,,,,,,0.626699984073639,0.287200003862381,0.150099992752075,0.620400011539459,0.19030000269413,0.192699998617172,6.49490022659302,,0.190799996256828,0.096500001847744,0.157499998807907,0.450599998235703,478.0,344.0,223.0,1126.0,1126.0,759.0,403.0,,403.0,1134.0,521.0,418.0,,,,,0.0278999991714954,747.0,,,,,0.047800000756979,356.0,0.047800000756979,356.0,0.0781000033020973,376.0,0.001700000022538,6103.0,0.2483000010252,1490.0,0.911400020122528,706.0,,,,,,,,,,,,,,,,,,,,,,,,
162148,RWA,Sub-Saharan Africa,Low income,Rwanda,DHS,2020,,1,Religion & Sex,Female,,,,,Adventist,,,,0.649100005626678,0.379700005054474,0.226600006222725,0.678600013256073,0.316000014543533,0.245399996638298,7.60120010375977,,0.128499999642372,0.0214000009000301,0.10419999808073,0.439200013875961,130.0,99.0,75.0,328.0,328.0,267.0,132.0,,132.0,278.0,134.0,115.0,,,,,0.0130000002682209,191.0,,,,,0.145400002598763,135.0,0.145400002598763,135.0,0.0535000003874302,144.0,0.0076000001281499,1711.0,0.186299994587898,396.0,0.933399975299835,326.0,,,,,,,,,,,,,,,,,,,,,,,,
162149,RWA,Sub-Saharan Africa,Low income,Rwanda,DHS,2020,,1,Religion & Sex,Female,,,,,Catholic,,,,0.680499970912933,0.314000010490417,0.181400001049042,0.68419998884201,0.258799999952316,0.191200003027916,7.13889980316162,,0.142599999904633,0.0542999990284443,0.115699999034405,0.466899991035461,416.0,280.0,244.0,1013.0,1013.0,755.0,397.0,,397.0,849.0,463.0,350.0,,,,,0.0264999996870756,636.0,,,,,0.0758000016212463,358.0,0.0758000016212463,358.0,0.0793000012636185,456.0,0.0031999999191612,5321.0,0.18019999563694,1151.0,0.933399975299835,1007.0,,,,,,,,,,,,,,,,,,,,,,,,
162150,RWA,Sub-Saharan Africa,Low income,Rwanda,DHS,2020,,1,Religion & Sex,Female,,,,,Jehovah's Witness,,,,,,,,,,,,,,,,,,,,,,,,,,,,,,,,,,,,,,,,,,,,0.0,92.0,,,,,,,,,,,,,,,,,,,,,,,,,,,,
162151,RWA,Sub-Saharan Africa,Low income,Rwanda,DHS,2020,,1,Religion & Sex,Female,,,,,Muslim,,,,,,,0.686500012874603,0.24269999563694,0.27590000629425,,,,0.0428999997675419,,,,,,67.0,67.0,53.0,,,,49.0,,,,,,,,,,,,,,,,,,,0.0087999999523162,310.0,0.270500004291534,76.0,0.967299997806549,65.0,,,,,,,,,,,,,,,,,,,,,,,,
162152,RWA,Sub-Saharan Africa,Low income,Rwanda,DHS,2020,,1,Religion & Sex,Female,,,,,No Religion/None,,,,,,,0.567799985408783,0.1824000030756,0.0861999988555908,,,,0.0715999975800514,,,,,,35.0,35.0,35.0,,,,35.0,,,,,,,,,,,,,,,,,,,0.0043000001460313,224.0,0.296299993991852,46.0,0.921700000762939,35.0,,,,,,,,,,,,,,,,,,,,,,,,
162153,RWA,Sub-Saharan Africa,Low income,Rwanda,DHS,2020,,1,Religion & Sex,Female,,,,,Protestant,,,,0.657100021839142,0.24719999730587,0.237800002098083,0.684700012207031,0.224000006914139,0.183899998664856,7.26900005340576,,0.118500001728535,0.0581000000238419,0.160199999809265,0.482199996709824,456.0,316.0,261.0,1121.0,1121.0,879.0,456.0,,456.0,914.0,471.0,392.0,,,,,0.0467999987304211,646.0,,,,,0.0768999978899956,424.0,0.0768999978899956,424.0,0.067500002682209,483.0,0.0041999998502433,5809.0,0.230700001120567,1266.0,0.915199995040894,1113.0,,,,,,,,,,,,,,,,,,,,,,,,
162154,RWA,Sub-Saharan Africa,Low income,Rwanda,DHS,2020,,1,Religion & Sex,Female,,,,,Traditional,,,,,,,,,,,,,,,,,,,,,,,,,,,,,,,,,,,,,,,,,,,,,,,,,,,,,,,,,,,,,,,,,,,,,,,,,
162155,RWA,Sub-Saharan Africa,Low income,Rwanda,DHS,2020,,1,Religion & Sex,Male,,,,,Adventist,,,,0.621399998664856,0.352699995040894,0.116200000047684,0.637600004673004,0.216000005602837,0.2567999958992,6.41050004959106,,0.23649999499321,0.0732000023126602,0.136099994182587,0.339599996805191,115.0,72.0,48.0,245.0,245.0,167.0,82.0,,82.0,280.0,141.0,89.0,,,,,0.0287999995052814,213.0,,,,,0.114399999380112,85.0,0.114399999380112,85.0,0.18299999833107,106.0,0.002199999988079,1509.0,0.233600005507469,384.0,0.94539999961853,215.0,,,,,,,,,,,,,,,,,,,,,,,,
162156,RWA,Sub-Saharan Africa,Low income,Rwanda,DHS,2020,,1,Religion & Sex,Male,,,,,Catholic,,,,0.607900023460388,0.253699988126755,0.223399996757507,0.597599983215332,0.20160000026226,0.235699996352196,6.71140003204346,,0.206900000572205,0.0714000016450882,0.144899994134903,0.464800000190735,384.0,293.0,201.0,932.0,932.0,596.0,342.0,,342.0,893.0,409.0,371.0,,,,,0.0306000001728535,611.0,,,,,0.114600002765656,254.0,0.114600002765656,254.0,0.090599998831749,307.0,0.0040000001899898,4857.0,0.258700013160706,1205.0,0.896600008010864,831.0,,,,,,,,,,,,,,,,,,,,,,,,
162157,RWA,Sub-Saharan Africa,Low income,Rwanda,DHS,2020,,1,Religion & Sex,Male,,,,,Jehovah's Witness,,,,,,,,,,,,,,,,,,,,,,,,,,,,,,,,,,,,,,,,,,,,0.0,77.0,,,,,,,,,,,,,,,,,,,,,,,,,,,,
162158,RWA,Sub-Saharan Africa,Low income,Rwanda,DHS,2020,,1,Religion & Sex,Male,,,,,Muslim,,,,,,,0.713100016117096,0.303799986839294,0.11540000140667,,,,0.0619000010192394,0.0,,,,,56.0,56.0,41.0,,,,44.0,30.0,,,,,,,,,,,,,,,,,,0.0048000002279877,286.0,0.355500012636185,65.0,0.962199985980988,49.0,,,,,,,,,,,,,,,,,,,,,,,,
162159,RWA,Sub-Saharan Africa,Low income,Rwanda,DHS,2020,,1,Religion & Sex,Male,,,,,No Religion/None,,,,,,,0.476500004529953,0.268400013446808,,,,,0.18860000371933,,,,,,30.0,30.0,,,,,45.0,,,,,,,,,,,,,,,,,,,0.0035999999381601,227.0,0.233899995684624,64.0,,,,,,,,,,,,,,,,,,,,,,,,,,
162160,RWA,Sub-Saharan Africa,Low income,Rwanda,DHS,2020,,1,Religion & Sex,Male,,,,,Protestant,,,,0.559400022029877,0.286399990320206,0.251399993896484,0.590099990367889,0.232600003480911,0.220500007271767,7.09660005569458,,0.156800001859665,0.0798000022768974,0.124099999666214,0.361099988222122,352.0,268.0,163.0,832.0,832.0,539.0,298.0,,298.0,989.0,434.0,313.0,,,,,0.0439000017940998,630.0,,,,,0.140799999237061,241.0,0.140799999237061,241.0,0.0631999969482422,316.0,0.0048000002279877,4907.0,0.247099995613098,1346.0,0.909699976444244,710.0,,,,,,,,,,,,,,,,,,,,,,,,
162161,RWA,Sub-Saharan Africa,Low income,Rwanda,DHS,2020,,1,Religion & Sex,Male,,,,,Traditional,,,,,,,,,,,,,,,,,,,,,,,,,,,,,,,,,,,,,,,,,,,,,,,,,,,,,,,,,,,,,,,,,,,,,,,,,
162162,RWA,Sub-Saharan Africa,Low income,Rwanda,DHS,2020,,1,Region & Wealth,,,Quintile 1,East,,,,,,0.290699988603592,0.0219000000506639,0.0253999996930361,0.344999998807907,0.032200001180172,0.0070000002160668,4.88719987869263,,0.266299992799759,0.140599995851517,0.190500006079674,0.56360000371933,150.0,93.0,88.0,361.0,361.0,322.0,156.0,,156.0,467.0,189.0,125.0,,,,,0.100500002503395,318.0,,,,,0.0,166.0,0.0,166.0,0.0059000002220273,151.0,0.0,2458.0,0.364699989557266,630.0,0.821099996566772,287.0,,,,,,,,,,,,,,,,,,,,,,,,
162163,RWA,Sub-Saharan Africa,Low income,Rwanda,DHS,2020,,1,Region & Wealth,,,Quintile 1,Kigali,,,,,,,,,,,,,,,,,,,,,,,,,,,,,,,,,,,,,,,,,,,,,,0.0082000000402331,130.0,0.170399993658066,32.0,,,,,,,,,,,,,,,,,,,,,,,,,,
162164,RWA,Sub-Saharan Africa,Low income,Rwanda,DHS,2020,,1,Region & Wealth,,,Quintile 1,North,,,,,,0.320899993181229,0.0438000001013279,0.0,0.353799998760223,0.0463000014424324,0.0204000007361174,4.84660005569458,,0.264299988746643,0.0710999965667725,0.172099992632866,0.613300025463104,97.0,74.0,84.0,283.0,283.0,264.0,139.0,,139.0,279.0,115.0,84.0,,,,,0.032600000500679,193.0,,,,,0.014299999922514,125.0,0.014299999922514,125.0,0.0,121.0,0.0,1711.0,0.287200003862381,406.0,0.801599979400635,223.0,,,,,,,,,,,,,,,,,,,,,,,,
162165,RWA,Sub-Saharan Africa,Low income,Rwanda,DHS,2020,,1,Region & Wealth,,,Quintile 1,South,,,,,,0.409200012683868,0.0991000011563301,0.0260000005364418,0.400000005960464,0.064300000667572,0.0223999992012978,4.8225998878479,,0.294099986553192,0.104500003159046,0.123800002038479,0.564000010490417,265.0,165.0,145.0,618.0,618.0,501.0,232.0,,232.0,798.0,337.0,225.0,,,,,0.0509000010788441,535.0,,,,,0.0044999998062849,269.0,0.0044999998062849,269.0,0.0040000001899898,299.0,9.99999974737875e-05,4400.0,0.292199999094009,1056.0,0.849300026893616,446.0,,,,,,,,,,,,,,,,,,,,,,,,
162166,RWA,Sub-Saharan Africa,Low income,Rwanda,DHS,2020,,1,Region & Wealth,,,Quintile 1,West,,,,,,0.390500009059906,0.0711999982595444,0.0230999998748302,0.381000012159348,0.0595000013709068,0.0256999991834164,4.73600006103516,,0.313100010156631,0.14300000667572,0.279900014400482,0.673900008201599,196.0,116.0,115.0,471.0,471.0,401.0,199.0,,199.0,540.0,232.0,139.0,,,,,0.049600001424551,373.0,,,,,0.0032999999821186,202.0,0.0032999999821186,202.0,0.0,192.0,0.0003999999898951,2988.0,0.3125,671.0,0.83490002155304,372.0,,,,,,,,,,,,,,,,,,,,,,,,
162167,RWA,Sub-Saharan Africa,Low income,Rwanda,DHS,2020,,1,Region & Wealth,,,Quintile 2,East,,,,,,0.391999989748001,0.123499996960163,0.070200003683567,0.422300010919571,0.100400000810623,0.045099999755621,5.31339979171753,,0.257699996232986,0.0573000013828278,0.0979999974370003,0.408800005912781,214.0,162.0,100.0,516.0,516.0,370.0,197.0,,197.0,471.0,232.0,184.0,,,,,0.0546999983489513,321.0,,,,,0.0087000001221895,174.0,0.0087000001221895,174.0,0.0,165.0,0.0,2757.0,0.354299992322922,749.0,0.877699971199036,396.0,,,,,,,,,,,,,,,,,,,,,,,,
162168,RWA,Sub-Saharan Africa,Low income,Rwanda,DHS,2020,,1,Region & Wealth,,,Quintile 2,Kigali,,,,,,,,,0.438300013542175,0.113399997353554,0.0205000005662441,,,,0.0731000006198883,,,,,,37.0,37.0,41.0,,,,54.0,,,,,,,,,,,,,,,,,,,0.0,299.0,0.212699994444847,67.0,,,,,,,,,,,,,,,,,,,,,,,,,,
162169,RWA,Sub-Saharan Africa,Low income,Rwanda,DHS,2020,,1,Region & Wealth,,,Quintile 2,North,,,,,,0.53439998626709,0.140599995851517,0.064300000667572,0.534600019454956,0.109499998390675,0.0538999997079372,5.94570016860962,,0.162599995732307,0.0496999993920326,0.152400001883507,0.620100021362305,153.0,111.0,109.0,398.0,398.0,293.0,162.0,,162.0,339.0,158.0,143.0,,,,,0.0178999993950129,234.0,,,,,0.0060999998822808,131.0,0.0060999998822808,131.0,0.0049999998882412,165.0,0.00089999998454,2121.0,0.241899996995926,513.0,0.886699974536896,309.0,,,,,,,,,,,,,,,,,,,,,,,,
162170,RWA,Sub-Saharan Africa,Low income,Rwanda,DHS,2020,,1,Region & Wealth,,,Quintile 2,South,,,,,,0.558799982070923,0.171800002455711,0.103699997067451,0.546500027179718,0.137700006365776,0.0732000023126602,5.87799978256226,,0.174899995326996,0.0549000017344952,0.146099999547005,0.435699999332428,223.0,153.0,140.0,552.0,552.0,383.0,231.0,,231.0,494.0,260.0,183.0,,,,,0.0533000007271767,365.0,,,,,0.006000000052154,152.0,0.006000000052154,152.0,0.0062000001780688,164.0,0.0005000000237487,2956.0,0.2567999958992,708.0,0.934800028800964,445.0,,,,,,,,,,,,,,,,,,,,,,,,
162171,RWA,Sub-Saharan Africa,Low income,Rwanda,DHS,2020,,1,Region & Wealth,,,Quintile 2,West,,,,,,0.587499976158142,0.142599999904633,0.0504000000655651,0.586300015449524,0.106899999082088,0.0724000036716461,5.67600011825562,,0.19760000705719,0.104800000786781,0.184799998998642,0.599799990653992,231.0,114.0,111.0,496.0,496.0,354.0,187.0,,187.0,513.0,225.0,188.0,,,,,0.0303000006824732,337.0,,,,,0.0063000000081956,167.0,0.0063000000081956,167.0,0.0,201.0,0.0006000000284984,2847.0,0.248400002717972,676.0,0.90039998292923,392.0,,,,,,,,,,,,,,,,,,,,,,,,
162172,RWA,Sub-Saharan Africa,Low income,Rwanda,DHS,2020,,1,Region & Wealth,,,Quintile 3,East,,,,,,0.514500021934509,0.237399995326996,0.0515000000596046,0.535899996757507,0.148000001907349,0.0777999982237816,5.99779987335205,,0.182600006461143,0.0531999990344048,0.0935999974608421,0.423700004816055,270.0,189.0,111.0,613.0,613.0,407.0,218.0,,218.0,512.0,305.0,203.0,,,,,0.0149999996647239,393.0,,,,,0.0063000000081956,189.0,0.0063000000081956,189.0,0.0164000000804663,196.0,0.0,3107.0,0.303799986839294,785.0,0.922399997711182,474.0,,,,,,,,,,,,,,,,,,,,,,,,
162173,RWA,Sub-Saharan Africa,Low income,Rwanda,DHS,2020,,1,Region & Wealth,,,Quintile 3,Kigali,,,,,,,,,0.462700009346008,0.139799997210503,0.0830999985337257,,,,0.0794000029563904,0.0948000028729439,,,,,60.0,60.0,42.0,,,,67.0,31.0,,,,,,0.0211999993771315,43.0,,,,,,,,,0.0223999992012978,38.0,0.0,417.0,0.228900000452995,86.0,0.8682000041008,47.0,,,,,,,,,,,,,,,,,,,,,,,,
162174,RWA,Sub-Saharan Africa,Low income,Rwanda,DHS,2020,,1,Region & Wealth,,,Quintile 3,North,,,,,,0.590099990367889,0.277200013399124,0.0917999967932701,0.592899978160858,0.175999999046326,0.115500003099442,6.29040002822876,,0.152899995446205,0.032200001180172,0.152199998497963,0.599699974060059,157.0,122.0,78.0,385.0,385.0,248.0,139.0,,139.0,325.0,171.0,149.0,,,,,0.0340999998152256,221.0,,,,,0.0103000001981854,109.0,0.0103000001981854,109.0,0.0,151.0,0.0015999999595806,2051.0,0.249200001358986,477.0,0.908200025558472,312.0,,,,,,,,,,,,,,,,,,,,,,,,
162175,RWA,Sub-Saharan Africa,Low income,Rwanda,DHS,2020,,1,Region & Wealth,,,Quintile 3,South,,,,,,0.652199983596802,0.277399986982346,0.0878999978303909,0.636300027370453,0.181400001049042,0.0944999977946281,6.12099981307983,,0.218400001525879,0.049600001424551,0.0681999996304512,0.373600006103516,184.0,146.0,98.0,463.0,463.0,322.0,177.0,,177.0,388.0,225.0,153.0,,,,,0.0062000001780688,288.0,,,,,0.0129000004380941,145.0,0.0129000004380941,145.0,0.0125000001862645,136.0,0.0012000000569969,2506.0,0.213599994778633,575.0,0.942099988460541,372.0,,,,,,,,,,,,,,,,,,,,,,,,
162176,RWA,Sub-Saharan Africa,Low income,Rwanda,DHS,2020,,1,Region & Wealth,,,Quintile 3,West,,,,,,0.711700022220612,0.220699995756149,0.141499996185303,0.681599974632263,0.189899995923042,0.136099994182587,6.8383002281189,,0.101000003516674,0.0666999965906143,0.0961000025272369,0.396200001239777,209.0,162.0,119.0,536.0,536.0,355.0,206.0,,206.0,461.0,238.0,183.0,,,,,0.0294000003486872,328.0,,,,,0.0203000009059906,149.0,0.0203000009059906,149.0,0.0057999999262392,165.0,0.0012000000569969,2813.0,0.205899998545647,646.0,0.941600024700165,442.0,,,,,,,,,,,,,,,,,,,,,,,,
162177,RWA,Sub-Saharan Africa,Low income,Rwanda,DHS,2020,,1,Region & Wealth,,,Quintile 4,East,,,,,,0.739400029182434,0.398299992084503,0.236300006508827,0.742699980735779,0.277700006961823,0.214900001883507,7.57649993896484,,0.120600000023842,0.0333000011742115,0.0557999983429909,0.304100006818771,265.0,200.0,130.0,639.0,639.0,401.0,236.0,,236.0,429.0,265.0,247.0,,,,,0.0199999995529652,304.0,,,,,0.0256999991834164,165.0,0.0256999991834164,165.0,0.0353999994695187,184.0,0.0012000000569969,3007.0,0.19149999320507,658.0,0.95169997215271,532.0,,,,,,,,,,,,,,,,,,,,,,,,
162178,RWA,Sub-Saharan Africa,Low income,Rwanda,DHS,2020,,1,Region & Wealth,,,Quintile 4,Kigali,,,,,,0.743900001049042,0.195299997925758,0.197400003671646,0.740400016307831,0.255899995565414,0.246399998664856,7.34340000152588,,0.118500001728535,0.0397999994456768,0.0790000036358833,0.402599990367889,88.0,66.0,68.0,255.0,255.0,267.0,130.0,,130.0,207.0,92.0,80.0,,,,,0.0065999999642372,136.0,,,,,0.0860999971628189,137.0,0.0860999971628189,137.0,0.0212999992072582,134.0,0.0015000000130385,1449.0,0.158500000834465,278.0,0.965799987316132,219.0,,,,,,,,,,,,,,,,,,,,,,,,
162179,RWA,Sub-Saharan Africa,Low income,Rwanda,DHS,2020,,1,Region & Wealth,,,Quintile 4,North,,,,,,0.770699977874756,0.258799999952316,0.237200006842613,0.745999991893768,0.284599989652634,0.212400004267693,7.457200050354,,0.0768000036478043,0.0183000005781651,0.19310000538826,0.4307000041008,132.0,90.0,84.0,329.0,329.0,223.0,134.0,,134.0,232.0,133.0,118.0,,,,,0.0182000007480383,162.0,,,,,0.0304000005125999,89.0,0.0304000005125999,89.0,0.0794000029563904,117.0,0.0015999999595806,1557.0,0.14920000731945,338.0,0.982200026512146,259.0,,,,,,,,,,,,,,,,,,,,,,,,
162180,RWA,Sub-Saharan Africa,Low income,Rwanda,DHS,2020,,1,Region & Wealth,,,Quintile 4,South,,,,,,0.768299996852875,0.411199986934662,0.158999994397163,0.770500004291534,0.278299987316132,0.226999998092651,7.46519994735718,,0.0820000022649765,0.0288999993354082,0.12049999833107,0.34850001335144,210.0,153.0,119.0,501.0,501.0,324.0,186.0,,186.0,401.0,217.0,190.0,,,,,0.0113000003620982,290.0,,,,,0.0842000022530556,138.0,0.0842000022530556,138.0,0.0397000014781952,130.0,0.0006999999750405,2421.0,0.157199993729591,539.0,0.954100012779236,414.0,,,,,,,,,,,,,,,,,,,,,,,,
162181,RWA,Sub-Saharan Africa,Low income,Rwanda,DHS,2020,,1,Region & Wealth,,,Quintile 4,West,,,,,,0.744599997997284,0.440100014209747,0.265899986028671,0.745800018310547,0.305599987506866,0.22579999268055,7.52209997177124,,0.122599996626377,0.045499999076128,0.0864000022411346,0.284900009632111,198.0,133.0,108.0,467.0,467.0,339.0,176.0,,176.0,420.0,197.0,180.0,,,,,0.0215000007301569,287.0,,,,,0.025000000372529,163.0,0.025000000372529,163.0,0.0885000005364418,170.0,0.001300000003539,2516.0,0.165600001811981,565.0,0.914900004863739,399.0,,,,,,,,,,,,,,,,,,,,,,,,
162182,RWA,Sub-Saharan Africa,Low income,Rwanda,DHS,2020,,1,Region & Wealth,,,Quintile 5,East,,,,,,0.827099978923798,0.465799987316132,0.403400003910065,0.823599994182587,0.404300004243851,0.439300000667572,8.7721004486084,,0.101700000464916,0.0201999992132187,0.0966000035405159,0.326700001955032,218.0,212.0,118.0,587.0,587.0,390.0,239.0,,239.0,296.0,187.0,207.0,,,,,0.014299999922514,208.0,,,,,0.254200011491776,151.0,0.254200011491776,151.0,0.293000012636185,134.0,0.012699999846518,2267.0,0.126399993896484,412.0,0.967999994754791,505.0,,,,,,,,,,,,,,,,,,,,,,,,
162183,RWA,Sub-Saharan Africa,Low income,Rwanda,DHS,2020,,1,Region & Wealth,,,Quintile 5,Kigali,,,,,,0.847299993038177,0.526600003242493,0.506099998950958,0.858799993991852,0.541499972343445,0.52539998292923,9.78600025177002,,0.0359000004827976,0.0200999993830919,0.0754000023007393,0.342400014400482,253.0,321.0,310.0,975.0,975.0,928.0,523.0,,523.0,479.0,190.0,277.0,,,,,0.0368000008165836,297.0,,,,,0.340900003910065,405.0,0.340900003910065,405.0,0.310400009155273,382.0,0.0253999996930361,4037.0,0.0843999981880188,601.0,0.980300009250641,882.0,,,,,,,,,,,,,,,,,,,,,,,,
162184,RWA,Sub-Saharan Africa,Low income,Rwanda,DHS,2020,,1,Region & Wealth,,,Quintile 5,North,,,,,,0.736500024795532,0.596599996089935,0.616699993610382,0.808700025081635,0.527599990367889,0.602800011634827,10.0562000274658,,0.0513000003993511,0.0176999997347593,0.09009999781847,0.393400013446808,112.0,104.0,77.0,306.0,306.0,226.0,121.0,,121.0,174.0,95.0,114.0,,,,,0.0098999999463558,127.0,,,,,0.293300002813339,105.0,0.293300002813339,105.0,0.295899987220764,97.0,0.024100000038743,1347.0,0.116499997675419,234.0,0.983900010585785,263.0,,,,,,,,,,,,,,,,,,,,,,,,
162185,RWA,Sub-Saharan Africa,Low income,Rwanda,DHS,2020,,1,Region & Wealth,,,Quintile 5,South,,,,,,0.824100017547607,0.451099991798401,0.38510000705719,0.791400015354156,0.38620001077652,0.449499994516373,8.74969959259033,,0.095100000500679,0.0295000001788139,0.0966000035405159,0.383100003004074,156.0,142.0,80.0,408.0,408.0,271.0,151.0,,151.0,215.0,118.0,149.0,,,,,0.0185000002384186,151.0,,,,,0.322899997234344,120.0,0.322899997234344,120.0,0.315699994564056,159.0,0.0124000003561378,1773.0,0.0819000005722046,276.0,0.96560001373291,354.0,,,,,,,,,,,,,,,,,,,,,,,,
162186,RWA,Sub-Saharan Africa,Low income,Rwanda,DHS,2020,,1,Region & Wealth,,,Quintile 5,West,,,,,,0.834299981594086,0.459100008010864,0.465400010347366,0.824199974536896,0.456400007009506,0.510399997234344,9.34679985046387,,0.0533000007271767,0.0192000009119511,0.143399998545647,0.352400004863739,159.0,153.0,101.0,440.0,440.0,325.0,176.0,,176.0,285.0,149.0,148.0,,,,,0.0038000000640749,196.0,,,,,0.218600004911423,149.0,0.218600004911423,149.0,0.294400006532669,132.0,0.0080000003799796,1985.0,0.11599999666214,380.0,0.965799987316132,375.0,,,,,,,,,,,,,,,,,,,,,,,,
162187,RWA,Sub-Saharan Africa,Low income,Rwanda,DHS,2020,,1,Religion & Wealth,,,Quintile 1,,,Adventist,,,,0.287800014019012,,,0.318699985742569,0.0384999997913837,0.0,4.33970022201538,,0.361999988555908,0.0771000012755394,0.258399993181229,,35.0,,,79.0,79.0,69.0,30.0,,30.0,154.0,56.0,,,,,,0.0454000011086464,112.0,,,,,0.0,39.0,0.0,39.0,0.0,66.0,0.0020999999251216,736.0,0.237499997019768,203.0,0.800499975681305,68.0,,,,,,,,,,,,,,,,,,,,,,,,
162188,RWA,Sub-Saharan Africa,Low income,Rwanda,DHS,2020,,1,Religion & Wealth,,,Quintile 1,,,Catholic,,,,0.364100009202957,0.0307000000029802,0.0071999998763203,0.368999987840652,0.0346999987959862,0.0119000002741814,4.67189979553223,,0.316900014877319,0.115599997341633,0.18019999563694,0.65939998626709,129.0,67.0,71.0,295.0,295.0,241.0,123.0,,123.0,419.0,159.0,102.0,,,,,0.0551000013947487,285.0,,,,,0.0,118.0,0.0,118.0,0.0071000000461936,147.0,0.0003000000142492,2066.0,0.273200005292892,525.0,0.83050000667572,258.0,,,,,,,,,,,,,,,,,,,,,,,,
162189,RWA,Sub-Saharan Africa,Low income,Rwanda,DHS,2020,,1,Religion & Wealth,,,Quintile 1,,,Jehovah's Witness,,,,,,,,,,,,,,,,,,,,,,,,,,,,,,,,,,,,,,,,,,,,,,,,,,,,,,,,,,,,,,,,,,,,,,,,,
162190,RWA,Sub-Saharan Africa,Low income,Rwanda,DHS,2020,,1,Religion & Wealth,,,Quintile 1,,,Muslim,,,,,,,,,,,,,,,,,,,,,,,,,,,,,,,,,,,,,,,,,,,,0.0,79.0,,,,,,,,,,,,,,,,,,,,,,,,,,,,
162191,RWA,Sub-Saharan Africa,Low income,Rwanda,DHS,2020,,1,Religion & Wealth,,,Quintile 1,,,No Religion/None,,,,,,,,,,,,,0.237200006842613,,,,,,,,,,,,36.0,,,,,,,,,,,,,,,,,,,0.0,209.0,0.398699998855591,52.0,,,,,,,,,,,,,,,,,,,,,,,,,,
162192,RWA,Sub-Saharan Africa,Low income,Rwanda,DHS,2020,,1,Religion & Wealth,,,Quintile 1,,,Protestant,,,,0.312900006771088,0.0540000014007092,0.0531000010669231,0.375200003385544,0.0485999993979931,0.0151000004261732,5.12430000305176,,0.259200006723404,0.123999997973442,0.230100005865097,0.563499987125397,159.0,101.0,88.0,378.0,378.0,297.0,149.0,,149.0,487.0,207.0,119.0,,,,,0.0749000012874603,337.0,,,,,0.0,148.0,0.0,148.0,0.0,165.0,0.0,2399.0,0.35359999537468,644.0,0.794799983501434,337.0,,,,,,,,,,,,,,,,,,,,,,,,
162193,RWA,Sub-Saharan Africa,Low income,Rwanda,DHS,2020,,1,Religion & Wealth,,,Quintile 2,,,Adventist,,,,0.524600028991699,,,0.477100014686584,0.0888999998569489,0.0825999975204468,4.58029985427856,,0.293500006198883,0.0342999994754791,0.160199999809265,0.480100005865097,44.0,,,97.0,97.0,70.0,33.0,,33.0,112.0,41.0,39.0,,,,,0.0287999995052814,65.0,,,,,0.0,37.0,0.0,37.0,0.0,52.0,0.0010000000474974,579.0,0.205699995160103,153.0,0.887399971485138,90.0,,,,,,,,,,,,,,,,,,,,,,,,
162194,RWA,Sub-Saharan Africa,Low income,Rwanda,DHS,2020,,1,Religion & Wealth,,,Quintile 2,,,Catholic,,,,0.580200016498566,0.121100001037121,0.0370999984443188,0.522499978542328,0.0883999988436699,0.0584000013768673,5.16720008850098,,0.298799991607666,0.0930999964475632,0.177200004458427,0.526700019836426,178.0,106.0,63.0,364.0,364.0,214.0,111.0,,111.0,402.0,199.0,149.0,,,,,0.0401000007987022,289.0,,,,,0.0083999997004866,103.0,0.0083999997004866,103.0,0.0,152.0,0.0003999999898951,2134.0,0.273699998855591,561.0,0.887700021266937,340.0,,,,,,,,,,,,,,,,,,,,,,,,
162195,RWA,Sub-Saharan Africa,Low income,Rwanda,DHS,2020,,1,Religion & Wealth,,,Quintile 2,,,Jehovah's Witness,,,,,,,,,,,,,,,,,,,,,,,,,,,,,,,,,,,,,,,,,,,,,,,,,,,,,,,,,,,,,,,,,,,,,,,,,
162196,RWA,Sub-Saharan Africa,Low income,Rwanda,DHS,2020,,1,Religion & Wealth,,,Quintile 2,,,Muslim,,,,,,,,,,,,,,,,,,,,,,,,,,,,,,,,,,,,,,,,,,,,0.0,82.0,,,,,,,,,,,,,,,,,,,,,,,,,,,,
162197,RWA,Sub-Saharan Africa,Low income,Rwanda,DHS,2020,,1,Religion & Wealth,,,Quintile 2,,,No Religion/None,,,,,,,,,,,,,,,,,,,,,,,,,,,,,,,,,,,,,,,,,,,,0.0,57.0,,,,,,,,,,,,,,,,,,,,,,,,,,,,
162198,RWA,Sub-Saharan Africa,Low income,Rwanda,DHS,2020,,1,Religion & Wealth,,,Quintile 2,,,Protestant,,,,0.463600009679794,0.168699994683266,0.0763999968767166,0.498100012540817,0.111599996685982,0.0328000001609325,5.50339984893799,,0.243300005793571,0.0890000015497208,0.165000006556511,0.577499985694885,142.0,88.0,60.0,310.0,310.0,221.0,106.0,,106.0,361.0,156.0,120.0,,,,,0.066100001335144,235.0,,,,,0.0131999999284744,116.0,0.0131999999284744,116.0,0.0,160.0,0.0006000000284984,1911.0,0.305000007152557,504.0,0.87720000743866,279.0,,,,,,,,,,,,,,,,,,,,,,,,
162199,RWA,Sub-Saharan Africa,Low income,Rwanda,DHS,2020,,1,Religion & Wealth,,,Quintile 3,,,Adventist,,,,0.549000024795532,0.279799997806549,,0.585300028324127,0.160099998116493,0.122900001704693,6.23729991912842,,0.199100002646446,0.0579999983310699,0.0710999965667725,0.326700001955032,48.0,31.0,,108.0,108.0,81.0,40.0,,40.0,119.0,60.0,37.0,,,,,0.0110999997705221,87.0,,,,,0.0,41.0,0.0,41.0,0.0,38.0,0.0012000000569969,619.0,0.276199996471405,179.0,0.992500007152557,98.0,,,,,,,,,,,,,,,,,,,,,,,,
162200,RWA,Sub-Saharan Africa,Low income,Rwanda,DHS,2020,,1,Religion & Wealth,,,Quintile 3,,,Catholic,,,,0.5557000041008,0.226799994707108,0.0794999971985817,0.586899995803833,0.166400000452995,0.0800999999046326,6.15689992904663,,0.172000005841255,0.0406000018119812,0.106700003147125,0.485799998044968,155.0,109.0,77.0,370.0,370.0,235.0,138.0,,138.0,318.0,196.0,126.0,,,,,0.0141000002622604,249.0,,,,,0.0241999998688698,97.0,0.0241999998688698,97.0,0.0,131.0,0.0005000000237487,1939.0,0.273099988698959,473.0,0.888400018215179,354.0,,,,,,,,,,,,,,,,,,,,,,,,
162201,RWA,Sub-Saharan Africa,Low income,Rwanda,DHS,2020,,1,Religion & Wealth,,,Quintile 3,,,Jehovah's Witness,,,,,,,,,,,,,,,,,,,,,,,,,,,,,,,,,,,,,,,,,,,,0.0,48.0,,,,,,,,,,,,,,,,,,,,,,,,,,,,
162202,RWA,Sub-Saharan Africa,Low income,Rwanda,DHS,2020,,1,Religion & Wealth,,,Quintile 3,,,Muslim,,,,,,,,,,,,,,,,,,,,,,,,,,,,,,,,,,,,,,,,,,,,0.0,68.0,,,,,,,,,,,,,,,,,,,,,,,,,,,,
162203,RWA,Sub-Saharan Africa,Low income,Rwanda,DHS,2020,,1,Religion & Wealth,,,Quintile 3,,,No Religion/None,,,,,,,,,,,,,,,,,,,,,,,,,,,,,,,,,,,,,,,,,,,,0.0,72.0,,,,,,,,,,,,,,,,,,,,,,,,,,,,
162204,RWA,Sub-Saharan Africa,Low income,Rwanda,DHS,2020,,1,Religion & Wealth,,,Quintile 3,,,Protestant,,,,0.621599972248077,0.198699995875359,0.0511000007390976,0.614000022411346,0.144600003957748,0.0719999969005585,6.25990009307861,,0.153300002217293,0.0619000010192394,0.103799998760223,0.425900012254715,150.0,100.0,61.0,330.0,330.0,214.0,107.0,,107.0,380.0,194.0,127.0,,,,,0.0395000018179417,253.0,,,,,0.0,107.0,0.0,107.0,0.0,128.0,0.0015000000130385,2000.0,0.244800001382828,539.0,0.917699992656708,309.0,,,,,,,,,,,,,,,,,,,,,,,,
162205,RWA,Sub-Saharan Africa,Low income,Rwanda,DHS,2020,,1,Religion & Wealth,,,Quintile 3,,,Traditional,,,,,,,,,,,,,,,,,,,,,,,,,,,,,,,,,,,,,,,,,,,,,,,,,,,,,,,,,,,,,,,,,,,,,,,,,
162206,RWA,Sub-Saharan Africa,Low income,Rwanda,DHS,2020,,1,Religion & Wealth,,,Quintile 4,,,Adventist,,,,0.860499978065491,0.419999986886978,,0.829100012779236,0.330599993467331,0.235799998044968,7.5935001373291,,0.121399998664856,0.046399999409914,0.125,0.221100002527237,62.0,36.0,,128.0,128.0,87.0,41.0,,41.0,93.0,58.0,49.0,,,,,0.0105999996885657,79.0,,,,,0.161300003528595,46.0,0.161300003528595,46.0,0.0798999965190887,35.0,0.0012000000569969,603.0,0.112700000405312,126.0,0.972299993038177,127.0,,,,,,,,,,,,,,,,,,,,,,,,
162207,RWA,Sub-Saharan Africa,Low income,Rwanda,DHS,2020,,1,Religion & Wealth,,,Quintile 4,,,Catholic,,,,0.809599995613098,0.352800011634827,0.255100011825562,0.78219997882843,0.265899986028671,0.267300009727478,7.53480005264282,,0.112700000405312,0.0215000007301569,0.108999997377396,0.350300014019012,181.0,147.0,118.0,471.0,471.0,320.0,189.0,,189.0,337.0,181.0,184.0,,,,,0.0113000003620982,241.0,,,,,0.0627999976277351,131.0,0.0627999976277351,131.0,0.0520999990403652,164.0,0.002600000007078,2133.0,0.135399997234344,462.0,0.958199977874756,454.0,,,,,,,,,,,,,,,,,,,,,,,,
162208,RWA,Sub-Saharan Africa,Low income,Rwanda,DHS,2020,,1,Religion & Wealth,,,Quintile 4,,,Jehovah's Witness,,,,,,,,,,,,,,,,,,,,,,,,,,,,,,,,,,,,,,,,,,,,0.0,48.0,,,,,,,,,,,,,,,,,,,,,,,,,,,,
162209,RWA,Sub-Saharan Africa,Low income,Rwanda,DHS,2020,,1,Religion & Wealth,,,Quintile 4,,,Muslim,,,,,,,0.806900024414062,0.279799997806549,,,,,,,,,,,34.0,34.0,,,,,,,,,,,,,,,,,,,,,,,,0.0,152.0,0.237200006842613,38.0,0.969099998474121,31.0,,,,,,,,,,,,,,,,,,,,,,,,
162210,RWA,Sub-Saharan Africa,Low income,Rwanda,DHS,2020,,1,Religion & Wealth,,,Quintile 4,,,No Religion/None,,,,,,,,,,,,,,,,,,,,,,,,,,,,,,,,,,,,,,,,,,,,0.0,53.0,,,,,,,,,,,,,,,,,,,,,,,,,,,,
162211,RWA,Sub-Saharan Africa,Low income,Rwanda,DHS,2020,,1,Religion & Wealth,,,Quintile 4,,,Protestant,,,,0.734499990940094,0.282799988985062,0.235499992966652,0.75110000371933,0.264099985361099,0.231900006532669,7.76410007476807,,0.0538000017404556,0.0357000008225441,0.104800000786781,0.29229998588562,162.0,103.0,77.0,375.0,375.0,266.0,148.0,,148.0,359.0,186.0,136.0,,,,,0.0144999995827675,249.0,,,,,0.0688000023365021,118.0,0.0688000023365021,118.0,0.0412999987602234,161.0,0.001300000003539,2061.0,0.166600003838539,503.0,0.948499977588654,358.0,,,,,,,,,,,,,,,,,,,,,,,,
162212,RWA,Sub-Saharan Africa,Low income,Rwanda,DHS,2020,,1,Religion & Wealth,,,Quintile 5,,,Adventist,,,,0.756900012493134,0.601000010967255,0.482699990272522,0.850000023841858,0.528500020503998,0.574299991130829,9.76229953765869,,0.0461999997496605,0.0,0.0173000004142523,0.374500006437302,56.0,55.0,41.0,161.0,161.0,127.0,70.0,,70.0,80.0,60.0,50.0,,,,,0.0,61.0,,,,,0.402500003576279,57.0,0.402500003576279,57.0,0.366699993610382,59.0,0.0184000004082918,683.0,0.173199996352196,119.0,0.960300028324127,158.0,,,,,,,,,,,,,,,,,,,,,,,,
162213,RWA,Sub-Saharan Africa,Low income,Rwanda,DHS,2020,,1,Religion & Wealth,,,Quintile 5,,,Catholic,,,,0.844399988651276,0.512399971485138,0.448199987411499,0.830200016498566,0.507799983024597,0.516300022602081,9.73610019683838,,0.049100000411272,0.0144999995827675,0.0617999993264675,0.399800002574921,157.0,144.0,116.0,445.0,445.0,341.0,178.0,,178.0,266.0,137.0,160.0,,,,,0.0110999997705221,183.0,,,,,0.320899993181229,163.0,0.320899993181229,163.0,0.327499985694885,169.0,0.0157999992370605,1906.0,0.0817999988794327,335.0,0.973399996757507,432.0,,,,,,,,,,,,,,,,,,,,,,,,
162214,RWA,Sub-Saharan Africa,Low income,Rwanda,DHS,2020,,1,Religion & Wealth,,,Quintile 5,,,Jehovah's Witness,,,,,,,,,,,,,,,,,,,,,,,,,,,,,,,,,,,,,,,,,,,,0.0,31.0,,,,,,,,,,,,,,,,,,,,,,,,,,,,
162215,RWA,Sub-Saharan Africa,Low income,Rwanda,DHS,2020,,1,Religion & Wealth,,,Quintile 5,,,Muslim,,,,,,,0.821099996566772,0.442299991846085,0.449099987745285,,,,,,,,,,55.0,55.0,44.0,,,,,,,,,,,,,,,,,,,,,,,0.0216000005602837,215.0,0.160400003194809,40.0,1.0,51.0,,,,,,,,,,,,,,,,,,,,,,,,
162216,RWA,Sub-Saharan Africa,Low income,Rwanda,DHS,2020,,1,Religion & Wealth,,,Quintile 5,,,No Religion/None,,,,,,,,,,,,,,,,,,,,,,,,,,,,,,,,,,,,,,,,,,,,0.034400001168251,60.0,,,,,,,,,,,,,,,,,,,,,,,,,,,,
162217,RWA,Sub-Saharan Africa,Low income,Rwanda,DHS,2020,,1,Religion & Wealth,,,Quintile 5,,,Protestant,,,,0.839100003242493,0.450300008058548,0.528299987316132,0.842100024223328,0.434899985790253,0.472799986600876,9.35569953918457,,0.0505999997258186,0.0181000009179115,0.113399997353554,0.352400004863739,195.0,192.0,138.0,560.0,560.0,420.0,244.0,,244.0,316.0,162.0,203.0,,,,,0.023199999704957,202.0,,,,,0.34349998831749,176.0,0.34349998831749,176.0,0.25560000538826,185.0,0.0175999999046326,2345.0,0.0860000029206276,422.0,0.975499987602234,540.0,,,,,,,,,,,,,,,,,,,,,,,,
162218,RWA,Sub-Saharan Africa,Low income,Rwanda,DHS,2020,,1,Religion & Wealth,,,Quintile 5,,,Traditional,,,,,,,,,,,,,,,,,,,,,,,,,,,,,,,,,,,,,,,,,,,,,,,,,,,,,,,,,,,,,,,,,,,,,,,,,
162219,RWA,Sub-Saharan Africa,Low income,Rwanda,DHS,2020,,1,Location & Region,,Rural,,East,,,,,,0.558899998664856,0.265500009059906,0.161500006914139,0.584100008010864,0.1925999969244,0.145199999213219,6.56260013580322,,0.180899992585182,0.0641999989748001,0.104599997401237,0.392100006341934,984.0,725.0,476.0,2356.0,2356.0,1625.0,908.0,,908.0,1928.0,1045.0,839.0,,,,,0.0416000001132488,1384.0,,,,,0.044599998742342,718.0,0.044599998742342,718.0,0.0472999997437,714.0,0.0019000000320375,11953.0,0.286900013685226,2909.0,0.913299977779388,1890.0,,,,,,,,,,,,,,,,,,,,,,,,
162220,RWA,Sub-Saharan Africa,Low income,Rwanda,DHS,2020,,1,Location & Region,,Rural,,Kigali,,,,,,0.549199998378754,0.236200004816055,0.258500009775162,0.611599981784821,0.226199999451637,0.23759999871254,7.12860012054443,,0.117399998009205,0.0632999986410141,0.135299995541573,0.57669997215271,108.0,93.0,52.0,274.0,274.0,222.0,110.0,,110.0,297.0,106.0,102.0,,,,,0.028999999165535,189.0,,,,,0.0724000036716461,112.0,0.0724000036716461,112.0,0.0887999981641769,125.0,0.0031000000890344,1662.0,0.175999999046326,368.0,0.949299991130829,219.0,,,,,,,,,,,,,,,,,,,,,,,,
162221,RWA,Sub-Saharan Africa,Low income,Rwanda,DHS,2020,,1,Location & Region,,Rural,,North,,,,,,0.579200029373169,0.228100001811981,0.127700001001358,0.580200016498566,0.180000007152557,0.133599996566772,6.35879993438721,,0.152799993753433,0.0432999990880489,0.155799999833107,0.549399971961975,552.0,400.0,360.0,1410.0,1410.0,1011.0,569.0,,569.0,1159.0,579.0,514.0,,,,,0.0243999995291233,815.0,,,,,0.0348999984562397,442.0,0.0348999984562397,442.0,0.0394000001251698,529.0,0.001300000003539,7414.0,0.232400000095367,1712.0,0.906700015068054,1120.0,,,,,,,,,,,,,,,,,,,,,,,,
162222,RWA,Sub-Saharan Africa,Low income,Rwanda,DHS,2020,,1,Location & Region,,Rural,,South,,,,,,0.603600025177002,0.267100006341934,0.10980000346899,0.595000028610229,0.180899992585182,0.122400000691414,6.19269990921021,,0.194000005722046,0.0659999996423721,0.11710000038147,0.429100006818771,902.0,646.0,501.0,2181.0,2181.0,1538.0,834.0,,834.0,2031.0,1024.0,766.0,,,,,0.035300001502037,1457.0,,,,,0.0511999987065792,704.0,0.0511999987065792,704.0,0.0361000001430511,738.0,0.0010000000474974,12253.0,0.235100001096725,2787.0,0.921400010585785,1724.0,,,,,,,,,,,,,,,,,,,,,,,,
162223,RWA,Sub-Saharan Africa,Low income,Rwanda,DHS,2020,,1,Location & Region,,Rural,,West,,,,,,0.64029997587204,0.25110000371933,0.155699998140335,0.624700009822845,0.189400002360344,0.15090000629425,6.42259979248047,,0.175899997353554,0.0901999995112419,0.164000004529953,0.473800003528595,829.0,524.0,429.0,1932.0,1932.0,1383.0,742.0,,742.0,1837.0,885.0,675.0,,,,,0.0322999991476536,1263.0,,,,,0.0230000000447035,641.0,0.0230000000447035,641.0,0.0511999987065792,699.0,0.0015999999595806,10730.0,0.225500002503395,2422.0,0.905399978160858,1576.0,,,,,,,,,,,,,,,,,,,,,,,,
162224,RWA,Sub-Saharan Africa,Low income,Rwanda,DHS,2020,,1,Location & Region,,Urban,,East,,,,,,0.750899970531464,0.447699993848801,0.227799996733665,0.742999970912933,0.369199991226196,0.319099992513657,7.79269981384277,,0.139599993824959,0.0566000007092953,0.061599999666214,0.344900012016296,133.0,131.0,71.0,360.0,360.0,265.0,138.0,,138.0,247.0,133.0,127.0,,,,,0.0359000004827976,160.0,,,,,0.129199996590614,127.0,0.129199996590614,127.0,0.181799992918968,116.0,0.0074000000022351,1643.0,0.188700005412102,325.0,0.966300010681152,304.0,,,,,,,,,,,,,,,,,,,,,,,,
162225,RWA,Sub-Saharan Africa,Low income,Rwanda,DHS,2020,,1,Location & Region,,Urban,,Kigali,,,,,,0.845200002193451,0.4966000020504,0.454299986362457,0.841300010681152,0.505800008773804,0.463499993085861,9.33689975738525,,0.0595999993383884,0.0253999996930361,0.0636999979615211,0.318599998950958,276.0,333.0,346.0,1072.0,1072.0,1069.0,593.0,,593.0,539.0,231.0,291.0,,,,,0.0296000000089407,337.0,,,,,0.289900004863739,476.0,0.289900004863739,476.0,0.230900004506111,461.0,0.0209999997168779,4670.0,0.100900001823902,696.0,0.972400009632111,970.0,,,,,,,,,,,,,,,,,,,,,,,,
162226,RWA,Sub-Saharan Africa,Low income,Rwanda,DHS,2020,,1,Location & Region,,Urban,,North,,,,,,0.744799971580505,0.500199973583221,0.575900018215179,0.772800028324127,0.492799997329712,0.4375,9.31210041046143,,0.108499996364117,0.0162000004202127,0.163499996066093,0.448100000619888,99.0,101.0,72.0,291.0,291.0,243.0,126.0,,126.0,190.0,93.0,94.0,,,,,0.0196000002324581,122.0,,,,,0.201100006699562,117.0,0.201100006699562,117.0,0.170399993658066,122.0,0.032200001180172,1373.0,0.133200004696846,256.0,0.94980001449585,246.0,,,,,,,,,,,,,,,,,,,,,,,,
162227,RWA,Sub-Saharan Africa,Low income,Rwanda,DHS,2020,,1,Location & Region,,Urban,,South,,,,,,0.833299994468689,0.339100003242493,0.350699990987778,0.782599985599518,0.343899995088577,0.348800003528595,8.52229976654053,,0.0513999983668327,0.0403999984264374,0.0797000005841255,0.43189999461174,136.0,113.0,81.0,361.0,361.0,263.0,143.0,,143.0,265.0,133.0,134.0,,,,,0.008500000461936,172.0,,,,,0.163499996066093,120.0,0.163499996066093,120.0,0.27360001206398,150.0,0.0137999998405576,1803.0,0.14360000193119,367.0,0.985899984836578,307.0,,,,,,,,,,,,,,,,,,,,,,,,
162228,RWA,Sub-Saharan Africa,Low income,Rwanda,DHS,2020,,1,Location & Region,,Urban,,West,,,,,,0.678900003433228,0.403299987316132,0.309799998998642,0.743900001049042,0.383899986743927,0.355300009250641,8.61250019073486,,0.0665000006556511,0.0351000018417835,0.131899997591972,0.354499995708466,164.0,154.0,125.0,478.0,478.0,391.0,202.0,,202.0,382.0,156.0,163.0,,,,,0.0080000003799796,258.0,,,,,0.186599999666214,189.0,0.186599999666214,189.0,0.166500002145767,161.0,0.0046000001020729,2419.0,0.180800005793571,516.0,0.955699980258942,404.0,,,,,,,,,,,,,,,,,,,,,,,,
162229,RWA,Sub-Saharan Africa,Low income,Rwanda,DHS,2020,,1,Location & Religion,,Rural,,,,Adventist,,,,0.611599981784821,0.308899998664856,0.0860000029206276,0.611400008201599,0.199200004339218,0.158299997448921,6.10690021514893,,0.22859999537468,0.0524999983608723,0.139300003647804,0.401399999856949,190.0,117.0,82.0,412.0,412.0,303.0,141.0,,141.0,474.0,220.0,155.0,,,,,0.0211999993771315,345.0,,,,,0.0595000013709068,162.0,0.0595000013709068,162.0,0.0571000017225742,192.0,0.0007999999797903,2539.0,0.211500003933907,654.0,0.925499975681305,387.0,,,,,,,,,,,,,,,,,,,,,,,,
162230,RWA,Sub-Saharan Africa,Low income,Rwanda,DHS,2020,,1,Location & Religion,,Rural,,,,Catholic,,,,0.624599993228912,0.229200005531311,0.154499992728233,0.606299996376038,0.184599995613098,0.144600003957748,6.37949991226196,,0.19760000705719,0.0666999965906143,0.135299995541573,0.479600012302399,648.0,426.0,324.0,1488.0,1488.0,957.0,544.0,,544.0,1392.0,714.0,556.0,,,,,0.0274999998509884,1003.0,,,,,0.0410000011324883,413.0,0.0410000011324883,413.0,0.0430999994277954,556.0,0.00179999996908,7947.0,0.236599996685982,1909.0,0.90420001745224,1410.0,,,,,,,,,,,,,,,,,,,,,,,,
162231,RWA,Sub-Saharan Africa,Low income,Rwanda,DHS,2020,,1,Location & Religion,,Rural,,,,Jehovah's Witness,,,,,,,0.67739999294281,0.193399995565414,0.0729999989271164,,,,,,,,,,40.0,40.0,30.0,,,,,,,,,,,,,,,,,,,,,,,0.0,141.0,,,0.948300004005432,38.0,,,,,,,,,,,,,,,,,,,,,,,,
162232,RWA,Sub-Saharan Africa,Low income,Rwanda,DHS,2020,,1,Location & Religion,,Rural,,,,Muslim,,,,0.569700002670288,,,0.599200010299683,0.134700000286102,0.031300000846386,,,,0.065200001001358,0.0546999983489513,,30.0,,,58.0,58.0,33.0,,,,56.0,37.0,,,,,,0.0,41.0,,,,,,,,,,,0.0,316.0,0.383199989795685,86.0,0.937900006771088,53.0,,,,,,,,,,,,,,,,,,,,,,,,
162233,RWA,Sub-Saharan Africa,Low income,Rwanda,DHS,2020,,1,Location & Religion,,Rural,,,,No Religion/None,,,,,,,0.379700005054474,0.104999996721745,0.0267999991774559,,,,0.146200001239777,,,,,,48.0,48.0,42.0,,,,66.0,,,,,,,0.0838999971747398,37.0,,,,,,,,,0.0458999983966351,32.0,0.0,353.0,0.294600009918213,93.0,0.865700006484985,45.0,,,,,,,,,,,,,,,,,,,,,,,,
162234,RWA,Sub-Saharan Africa,Low income,Rwanda,DHS,2020,,1,Location & Religion,,Rural,,,,Protestant,,,,0.567099988460541,0.211899995803833,0.145099997520447,0.593500018119812,0.162000000476837,0.124099999666214,6.49009990692139,,0.158600002527237,0.0772000029683113,0.154100000858307,0.460299998521805,615.0,404.0,271.0,1383.0,1383.0,951.0,495.0,,495.0,1535.0,726.0,507.0,,,,,0.0493000000715256,1037.0,,,,,0.0406000018119812,457.0,0.0406000018119812,457.0,0.0320999994874001,598.0,0.001300000003539,8144.0,0.256199985742569,2119.0,0.898400008678436,1286.0,,,,,,,,,,,,,,,,,,,,,,,,
162235,RWA,Sub-Saharan Africa,Low income,Rwanda,DHS,2020,,1,Location & Religion,,Rural,,,,Traditional,,,,,,,,,,,,,,,,,,,,,,,,,,,,,,,,,,,,,,,,,,,,,,,,,,,,,,,,,,,,,,,,,,,,,,,,,
162236,RWA,Sub-Saharan Africa,Low income,Rwanda,DHS,2020,,1,Location & Religion,,Urban,,,,Adventist,,,,0.748300015926361,0.511699974536896,0.431600004434586,0.820100009441376,0.510900020599365,0.513300001621246,9.5024995803833,,0.0368999987840652,0.0115000000223517,0.0206000003963709,0.372500002384186,55.0,54.0,41.0,161.0,161.0,131.0,73.0,,73.0,84.0,55.0,49.0,,,,,0.0221999995410442,59.0,,,,,0.406800001859665,58.0,0.406800001859665,58.0,0.3091000020504,58.0,0.025900000706315,681.0,0.196199998259544,126.0,0.977699995040894,154.0,,,,,,,,,,,,,,,,,,,,,,,,
162237,RWA,Sub-Saharan Africa,Low income,Rwanda,DHS,2020,,1,Location & Religion,,Urban,,,,Catholic,,,,0.76419997215271,0.493600010871887,0.352699995040894,0.797399997711182,0.430599987506866,0.421700000762939,8.84630012512207,,0.0846000015735626,0.0419999994337559,0.0916000008583069,0.402500003576279,152.0,147.0,121.0,457.0,457.0,394.0,195.0,,195.0,350.0,158.0,165.0,,,,,0.0342000015079975,244.0,,,,,0.245000004768372,199.0,0.245000004768372,199.0,0.215299993753433,207.0,0.0121999997645617,2231.0,0.118500001728535,447.0,0.971099972724915,428.0,,,,,,,,,,,,,,,,,,,,,,,,
162238,RWA,Sub-Saharan Africa,Low income,Rwanda,DHS,2020,,1,Location & Religion,,Urban,,,,Jehovah's Witness,,,,,,,,,,,,,,,,,,,,,,,,,,,,,,,,,,,,,,,,,,,,,,,,,,,,,,,,,,,,,,,,,,,,,,,,,
162239,RWA,Sub-Saharan Africa,Low income,Rwanda,DHS,2020,,1,Location & Religion,,Urban,,,,Muslim,,,,,,,0.828800022602081,0.448300004005432,0.333999991416931,8.75109958648682,,0.0931999981403351,0.0168999992311001,,,,,,65.0,65.0,61.0,32.0,,32.0,37.0,,,,,,,,,,,,,,,,,0.216600000858307,30.0,0.0188999995589256,280.0,0.126000002026558,55.0,1.0,61.0,,,,,,,,,,,,,,,,,,,,,,,,
162240,RWA,Sub-Saharan Africa,Low income,Rwanda,DHS,2020,,1,Location & Religion,,Urban,,,,No Religion/None,,,,,,,,,,,,,,,,,,,,,,,,,,,,,,,,,,,,,,,,,,,,0.0219999998807907,98.0,,,,,,,,,,,,,,,,,,,,,,,,,,,,
162241,RWA,Sub-Saharan Africa,Low income,Rwanda,DHS,2020,,1,Location & Religion,,Urban,,,,Protestant,,,,0.801699995994568,0.417800009250641,0.447200000286102,0.793500006198883,0.42289999127388,0.378100007772446,8.84119987487793,,0.0760999992489815,0.0287999995052814,0.0892999991774559,0.313800007104874,193.0,180.0,153.0,570.0,570.0,467.0,259.0,,259.0,368.0,179.0,198.0,,,,,0.0249000005424023,239.0,,,,,0.254599988460541,208.0,0.254599988460541,208.0,0.19650000333786,201.0,0.0167999994009733,2572.0,0.147300004959106,493.0,0.956200003623962,537.0,,,,,,,,,,,,,,,,,,,,,,,,
162242,RWA,Sub-Saharan Africa,Low income,Rwanda,DHS,2020,,1,Location & Religion,,Urban,,,,Traditional,,,,,,,,,,,,,,,,,,,,,,,,,,,,,,,,,,,,,,,,,,,,,,,,,,,,,,,,,,,,,,,,,,,,,,,,,
162243,RWA,Sub-Saharan Africa,Low income,Rwanda,DHS,2020,,1,Region & Religion,,,,East,,Adventist,,,,0.61870002746582,0.320199996232986,,0.643599987030029,0.232400000095367,0.151899993419647,6.72900009155273,,0.232199996709824,0.0472999997437,0.122299998998642,0.375,64.0,44.0,,143.0,143.0,99.0,49.0,,49.0,142.0,73.0,50.0,,,,,0.0083999997004866,106.0,,,,,0.0201999992132187,50.0,0.0201999992132187,50.0,0.0318000018596649,43.0,0.0027999999001622,739.0,0.225400000810623,203.0,0.953100025653839,133.0,,,,,,,,,,,,,,,,,,,,,,,,
162244,RWA,Sub-Saharan Africa,Low income,Rwanda,DHS,2020,,1,Region & Religion,,,,East,,Catholic,,,,0.631500005722046,0.233799993991852,0.167699992656708,0.605400025844574,0.192100003361702,0.159500002861023,6.23390007019043,,0.226600006222725,0.0844999998807907,0.114100001752377,0.418700009584427,192.0,130.0,88.0,436.0,436.0,265.0,152.0,,152.0,357.0,197.0,176.0,,,,,0.0293000005185604,267.0,,,,,0.0575999990105629,113.0,0.0575999990105629,113.0,0.0553000010550022,124.0,0.0038999998942017,2061.0,0.296099990606308,509.0,0.8817999958992,411.0,,,,,,,,,,,,,,,,,,,,,,,,
162245,RWA,Sub-Saharan Africa,Low income,Rwanda,DHS,2020,,1,Region & Religion,,,,East,,Jehovah's Witness,,,,,,,,,,,,,,,,,,,,,,,,,,,,,,,,,,,,,,,,,,,,0.0,67.0,,,,,,,,,,,,,,,,,,,,,,,,,,,,
162246,RWA,Sub-Saharan Africa,Low income,Rwanda,DHS,2020,,1,Region & Religion,,,,East,,Muslim,,,,,,,0.62169998884201,0.184400007128716,,,,,0.092799998819828,0.0463000014424324,,,,,46.0,46.0,,,,,32.0,30.0,,,,,,,,,,,,,,,,,,0.0,220.0,0.477800011634827,54.0,0.956900000572205,42.0,,,,,,,,,,,,,,,,,,,,,,,,
162247,RWA,Sub-Saharan Africa,Low income,Rwanda,DHS,2020,,1,Region & Religion,,,,East,,No Religion/None,,,,,,,,,,,,,0.167999997735023,,,,,,,,,,,,37.0,,,,,,,,,,,,,,,,,,,0.0,154.0,0.305999994277954,44.0,,,,,,,,,,,,,,,,,,,,,,,,,,
162248,RWA,Sub-Saharan Africa,Low income,Rwanda,DHS,2020,,1,Region & Religion,,,,East,,Protestant,,,,0.574899971485138,0.24719999730587,0.185000002384186,0.620299994945526,0.201399996876717,0.144199997186661,7.02549982070923,,0.12950000166893,0.0546999983489513,0.101199999451637,0.413100004196167,233.0,166.0,99.0,535.0,535.0,389.0,202.0,,202.0,521.0,259.0,203.0,,,,,0.0599000006914139,344.0,,,,,0.0641999989748001,188.0,0.0641999989748001,188.0,0.0531000010669231,226.0,0.00179999996908,2987.0,0.267800003290176,763.0,0.914200007915497,504.0,,,,,,,,,,,,,,,,,,,,,,,,
162249,RWA,Sub-Saharan Africa,Low income,Rwanda,DHS,2020,,1,Region & Religion,,,,East,,Traditional,,,,,,,,,,,,,,,,,,,,,,,,,,,,,,,,,,,,,,,,,,,,,,,,,,,,,,,,,,,,,,,,,,,,,,,,,
162250,RWA,Sub-Saharan Africa,Low income,Rwanda,DHS,2020,,1,Region & Religion,,,,Kigali,,Adventist,,,,,,,0.783800005912781,0.515399992465973,0.524900019168854,9.19250011444092,,0.105400003492832,0.0346000008285046,,,,,,64.0,64.0,65.0,35.0,,35.0,36.0,,,,,,,,,,,,,0.414600014686584,30.0,0.414600014686584,30.0,,,0.0277999993413687,286.0,0.192100003361702,49.0,0.934700012207031,62.0,,,,,,,,,,,,,,,,,,,,,,,,
162251,RWA,Sub-Saharan Africa,Low income,Rwanda,DHS,2020,,1,Region & Religion,,,,Kigali,,Catholic,,,,0.684700012207031,0.498400002717972,0.346100002527237,0.768700003623962,0.43189999461174,0.403699994087219,8.8572998046875,,0.0943000018596649,0.0288999993354082,0.109600000083447,0.432000011205673,79.0,66.0,65.0,236.0,236.0,216.0,115.0,,115.0,170.0,79.0,84.0,,,,,0.0386000014841557,115.0,,,,,0.251500010490417,101.0,0.251500010490417,101.0,0.158600002527237,126.0,0.0052999998442828,1161.0,0.122400000691414,217.0,0.970499992370605,228.0,,,,,,,,,,,,,,,,,,,,,,,,
162252,RWA,Sub-Saharan Africa,Low income,Rwanda,DHS,2020,,1,Region & Religion,,,,Kigali,,Jehovah's Witness,,,,,,,,,,,,,,,,,,,,,,,,,,,,,,,,,,,,,,,,,,,,,,,,,,,,,,,,,,,,,,,,,,,,,,,,,
162253,RWA,Sub-Saharan Africa,Low income,Rwanda,DHS,2020,,1,Region & Religion,,,,Kigali,,Muslim,,,,,,,0.909799993038177,0.386000007390976,0.352600008249283,,,,,,,,,,35.0,35.0,35.0,,,,,,,,,,,,,,,,,,,,,,,0.0215000007301569,158.0,,,1.0,32.0,,,,,,,,,,,,,,,,,,,,,,,,
162254,RWA,Sub-Saharan Africa,Low income,Rwanda,DHS,2020,,1,Region & Religion,,,,Kigali,,No Religion/None,,,,,,,,,,,,,,,,,,,,,,,,,,,,,,,,,,,,,,,,,,,,0.015599999576807,60.0,,,,,,,,,,,,,,,,,,,,,,,,,,,,
162255,RWA,Sub-Saharan Africa,Low income,Rwanda,DHS,2020,,1,Region & Religion,,,,Kigali,,Protestant,,,,0.794399976730347,0.404500007629395,0.462300002574921,0.792599976062775,0.414400011301041,0.371499985456467,8.8060998916626,,0.064800001680851,0.0485000014305115,0.101700000464916,0.311800003051758,100.0,116.0,103.0,345.0,345.0,312.0,176.0,,176.0,221.0,101.0,101.0,,,,,0.034400001168251,146.0,,,,,0.252099990844727,136.0,0.252099990844727,136.0,0.147100001573563,131.0,0.0154999997466803,1564.0,0.163399994373322,289.0,0.967299997806549,328.0,,,,,,,,,,,,,,,,,,,,,,,,
162256,RWA,Sub-Saharan Africa,Low income,Rwanda,DHS,2020,,1,Region & Religion,,,,Kigali,,Traditional,,,,,,,,,,,,,,,,,,,,,,,,,,,,,,,,,,,,,,,,,,,,,,,,,,,,,,,,,,,,,,,,,,,,,,,,,
162257,RWA,Sub-Saharan Africa,Low income,Rwanda,DHS,2020,,1,Region & Religion,,,,North,,Adventist,,,,0.526099979877472,,,0.673699975013733,0.344099998474121,0.266600012779236,7.61229991912842,,0.127700001001358,0.0243999995291233,0.10530000180006,0.323599994182587,37.0,,,88.0,88.0,75.0,36.0,,36.0,74.0,38.0,37.0,,,,,0.0586000010371208,51.0,,,,,0.179800003767014,39.0,0.179800003767014,39.0,0.149599999189377,34.0,0.002199999988079,466.0,0.278800010681152,115.0,0.926100015640259,85.0,,,,,,,,,,,,,,,,,,,,,,,,
162258,RWA,Sub-Saharan Africa,Low income,Rwanda,DHS,2020,,1,Region & Religion,,,,North,,Catholic,,,,0.642700016498566,0.275799989700317,0.225099995732307,0.626699984073639,0.201199993491173,0.175600007176399,6.93599987030029,,0.130700007081032,0.0266999993473291,0.153500005602837,0.561100006103516,143.0,109.0,85.0,363.0,363.0,256.0,142.0,,142.0,349.0,173.0,125.0,,,,,0.022299999371171,256.0,,,,,0.0403999984264374,114.0,0.0403999984264374,114.0,0.0399999991059303,199.0,0.0043999999761581,2069.0,0.218700006604195,503.0,0.924799978733063,341.0,,,,,,,,,,,,,,,,,,,,,,,,
162259,RWA,Sub-Saharan Africa,Low income,Rwanda,DHS,2020,,1,Region & Religion,,,,North,,Jehovah's Witness,,,,,,,,,,,,,,,,,,,,,,,,,,,,,,,,,,,,,,,,,,,,,,,,,,,,,,,,,,,,,,,,,,,,,,,,,
162260,RWA,Sub-Saharan Africa,Low income,Rwanda,DHS,2020,,1,Region & Religion,,,,North,,Muslim,,,,,,,,,,,,,,,,,,,,,,,,,,,,,,,,,,,,,,,,,,,,,,,,,,,,,,,,,,,,,,,,,,,,,,,,,
162261,RWA,Sub-Saharan Africa,Low income,Rwanda,DHS,2020,,1,Region & Religion,,,,North,,No Religion/None,,,,,,,,,,,,,,,,,,,,,,,,,,,,,,,,,,,,,,,,,,,,0.0,59.0,,,,,,,,,,,,,,,,,,,,,,,,,,,,
162262,RWA,Sub-Saharan Africa,Low income,Rwanda,DHS,2020,,1,Region & Religion,,,,North,,Protestant,,,,0.524100005626678,0.17739999294281,0.228900000452995,0.541400015354156,0.202000007033348,0.175500005483627,6.78599977493286,,0.141000002622604,0.0724000036716461,0.172199994325638,0.585600018501282,110.0,68.0,67.0,264.0,264.0,182.0,105.0,,105.0,222.0,118.0,104.0,,,,,0.0142000000923872,148.0,,,,,0.0750000029802322,77.0,0.0750000029802322,77.0,0.0264999996870756,79.0,0.0063999998383224,1312.0,0.250999987125397,321.0,0.869599997997284,244.0,,,,,,,,,,,,,,,,,,,,,,,,
162263,RWA,Sub-Saharan Africa,Low income,Rwanda,DHS,2020,,1,Region & Religion,,,,South,,Adventist,,,,0.658900022506714,0.360300004482269,,0.634599983692169,0.199799999594688,0.0584999993443489,6.08190011978149,,0.199699997901917,0.0582000017166138,0.134800001978874,0.409799993038177,63.0,40.0,,135.0,135.0,93.0,46.0,,46.0,162.0,74.0,51.0,,,,,0.0248000007122755,117.0,,,,,0.0239000003784895,47.0,0.0239000003784895,47.0,0.0366000011563301,77.0,0.00089999998454,906.0,0.200100004673004,214.0,0.931299984455109,129.0,,,,,,,,,,,,,,,,,,,,,,,,
162264,RWA,Sub-Saharan Africa,Low income,Rwanda,DHS,2020,,1,Region & Religion,,,,South,,Catholic,,,,0.654399991035461,0.260300010442734,0.118699997663498,0.615700006484985,0.181500002741814,0.144099995493889,5.99840021133423,,0.202800005674362,0.061599999666214,0.120399996638298,0.462099999189377,213.0,151.0,107.0,492.0,492.0,331.0,171.0,,171.0,479.0,238.0,176.0,,,,,0.0359999984502792,328.0,,,,,0.0509999990463257,160.0,0.0509999990463257,160.0,0.064800001680851,188.0,0.003400000045076,2757.0,0.228799998760223,629.0,0.913999974727631,462.0,,,,,,,,,,,,,,,,,,,,,,,,
162265,RWA,Sub-Saharan Africa,Low income,Rwanda,DHS,2020,,1,Region & Religion,,,,South,,Jehovah's Witness,,,,,,,,,,,,,,,,,,,,,,,,,,,,,,,,,,,,,,,,,,,,,,,,,,,,,,,,,,,,,,,,,,,,,,,,,
162266,RWA,Sub-Saharan Africa,Low income,Rwanda,DHS,2020,,1,Region & Religion,,,,South,,Muslim,,,,,,,,,,,,,,,,,,,,,,,,,,,,,,,,,,,,,,,,,,,,0.0,91.0,,,,,,,,,,,,,,,,,,,,,,,,,,,,
162267,RWA,Sub-Saharan Africa,Low income,Rwanda,DHS,2020,,1,Region & Religion,,,,South,,No Religion/None,,,,,,,,,,,,,,,,,,,,,,,,,,,,,,,,,,,,,,,,,,,,0.0124000003561378,79.0,,,,,,,,,,,,,,,,,,,,,,,,,,,,
162268,RWA,Sub-Saharan Africa,Low income,Rwanda,DHS,2020,,1,Region & Religion,,,,South,,Protestant,,,,0.540499985218048,0.197300001978874,0.0476999990642071,0.578800022602081,0.123000003397465,0.109099999070168,6.18790006637573,,0.187600001692772,0.0649999976158142,0.159999996423721,0.407099992036819,137.0,89.0,59.0,303.0,303.0,202.0,97.0,,97.0,384.0,167.0,115.0,,,,,0.0566000007092953,259.0,,,,,0.0820000022649765,105.0,0.0820000022649765,105.0,0.0344999991357327,156.0,0.0001999999949475,1920.0,0.229200005531311,517.0,0.914699971675873,272.0,,,,,,,,,,,,,,,,,,,,,,,,
162269,RWA,Sub-Saharan Africa,Low income,Rwanda,DHS,2020,,1,Region & Religion,,,,West,,Adventist,,,,0.665499985218048,0.266600012779236,,0.624400019645691,0.197899997234344,0.297500014305115,6.36549997329712,,0.163800001144409,0.0538999997079372,0.146599993109703,0.452300012111664,66.0,39.0,,143.0,143.0,102.0,48.0,,48.0,144.0,71.0,51.0,,,,,0.0206000003963709,102.0,,,,,0.12729999423027,54.0,0.12729999423027,54.0,0.10530000180006,72.0,0.0027999999001622,823.0,0.166700005531311,199.0,0.938000023365021,132.0,,,,,,,,,,,,,,,,,,,,,,,,
162270,RWA,Sub-Saharan Africa,Low income,Rwanda,DHS,2020,,1,Region & Religion,,,,West,,Catholic,,,,0.633700013160706,0.22859999537468,0.186100006103516,0.64410001039505,0.221699997782707,0.201900005340576,7.02320003509521,,0.18350000679493,0.0945999994874001,0.14640000462532,0.480500012636185,173.0,117.0,100.0,418.0,418.0,283.0,159.0,,159.0,387.0,185.0,160.0,,,,,0.0197999998927116,281.0,,,,,0.0834000036120415,124.0,0.0834000036120415,124.0,0.118299998342991,126.0,0.0015999999595806,2130.0,0.173899993300438,498.0,0.917800009250641,396.0,,,,,,,,,,,,,,,,,,,,,,,,
162271,RWA,Sub-Saharan Africa,Low income,Rwanda,DHS,2020,,1,Region & Religion,,,,West,,Jehovah's Witness,,,,,,,,,,,,,,,,,,,,,,,,,,,,,,,,,,,,,,,,,,,,0.0,37.0,,,,,,,,,,,,,,,,,,,,,,,,,,,,
162272,RWA,Sub-Saharan Africa,Low income,Rwanda,DHS,2020,,1,Region & Religion,,,,West,,Muslim,,,,,,,,,,,,,,,,,,,,,,,,,,,,,,,,,,,,,,,,,,,,0.010499999858439,108.0,,,,,,,,,,,,,,,,,,,,,,,,,,,,
162273,RWA,Sub-Saharan Africa,Low income,Rwanda,DHS,2020,,1,Region & Religion,,,,West,,No Religion/None,,,,,,,,,,,,,,,,,,,,,,,,,,,,,,,,,,,,,,,,,,,,0.0,99.0,,,,,,,,,,,,,,,,,,,,,,,,,,,,
162274,RWA,Sub-Saharan Africa,Low income,Rwanda,DHS,2020,,1,Region & Religion,,,,West,,Protestant,,,,0.651199996471405,0.240299999713898,0.184300005435944,0.645600020885468,0.182899996638298,0.153300002217293,6.4503002166748,,0.182500004768372,0.0967999994754791,0.184599995613098,0.431800007820129,228.0,145.0,96.0,506.0,506.0,333.0,174.0,,174.0,555.0,260.0,182.0,,,,,0.0410999990999699,379.0,,,,,0.0263000000268221,159.0,0.0263000000268221,159.0,0.0582999996840954,207.0,0.0023000000510364,2933.0,0.242599993944168,722.0,0.891099989414215,475.0,,,,,,,,,,,,,,,,,,,,,,,,
162275,RWA,Sub-Saharan Africa,Low income,Rwanda,DHS,2020,,1,Region & Sex & Wealth,Female,,Quintile 1,East,,,,,,0.356400012969971,0.0,0.0359000004827976,0.393299996852875,0.031199999153614,0.0115000000223517,5.01849985122681,,0.19650000333786,0.092399999499321,0.159799993038177,0.552100002765656,87.0,45.0,60.0,207.0,207.0,192.0,91.0,,91.0,236.0,103.0,68.0,,,,,0.0922000035643578,168.0,,,,,0.0,101.0,0.0,101.0,0.0,88.0,0.0,1352.0,0.32480001449585,340.0,0.825600028038025,203.0,,,,,,,,,,,,,,,,,,,,,,,,
162276,RWA,Sub-Saharan Africa,Low income,Rwanda,DHS,2020,,1,Region & Sex & Wealth,Female,,Quintile 1,Kigali,,,,,,,,,,,,,,,,,,,,,,,,,,,,,,,,,,,,,,,,,,,,,,0.0151000004261732,69.0,,,,,,,,,,,,,,,,,,,,,,,,,,,,
162277,RWA,Sub-Saharan Africa,Low income,Rwanda,DHS,2020,,1,Region & Sex & Wealth,Female,,Quintile 1,North,,,,,,0.368099987506866,0.0223999992012978,0.0,0.424699991941452,0.0399999991059303,0.0120999999344349,5.14629983901978,,0.203799992799759,0.0308999996632338,0.151700004935265,0.615599989891052,53.0,49.0,52.0,170.0,170.0,152.0,87.0,,87.0,136.0,56.0,47.0,,,,,0.0208999998867512,100.0,,,,,0.0,65.0,0.0,65.0,0.0,72.0,0.0,933.0,0.293199986219406,201.0,0.826900005340576,170.0,,,,,,,,,,,,,,,,,,,,,,,,
162278,RWA,Sub-Saharan Africa,Low income,Rwanda,DHS,2020,,1,Region & Sex & Wealth,Female,,Quintile 1,South,,,,,,0.486400008201599,0.142199993133545,0.0087999999523162,0.426699995994568,0.069300003349781,0.0162000004202127,4.76380014419556,,0.273699998855591,0.0859000012278557,0.130400002002716,0.620500028133392,123.0,78.0,100.0,328.0,328.0,310.0,149.0,,149.0,385.0,162.0,104.0,,,,,0.0283000003546476,260.0,,,,,0.0074999998323619,161.0,0.0074999998323619,161.0,0.0,170.0,0.0,2396.0,0.257600009441376,502.0,0.842599987983704,320.0,,,,,,,,,,,,,,,,,,,,,,,,
162279,RWA,Sub-Saharan Africa,Low income,Rwanda,DHS,2020,,1,Region & Sex & Wealth,Female,,Quintile 1,West,,,,,,0.363599985837936,0.0527999997138977,0.0157999992370605,0.37169998884201,0.0641999989748001,0.0186999998986721,4.93599987030029,,0.290899991989136,0.129800006747246,0.321599990129471,0.702099978923798,99.0,61.0,69.0,251.0,251.0,228.0,109.0,,109.0,257.0,118.0,69.0,,,,,0.062100000679493,187.0,,,,,0.0,119.0,0.0,119.0,0.0,114.0,0.0006000000284984,1657.0,0.282000005245209,318.0,0.837499976158142,249.0,,,,,,,,,,,,,,,,,,,,,,,,
162280,RWA,Sub-Saharan Africa,Low income,Rwanda,DHS,2020,,1,Region & Sex & Wealth,Female,,Quintile 2,East,,,,,,0.448599994182587,0.121500000357628,0.0447000004351139,0.47859999537468,0.098800003528595,0.031700000166893,5.19960021972656,,0.225199997425079,0.0434999987483025,0.118100002408028,0.387199997901917,114.0,93.0,52.0,278.0,278.0,202.0,102.0,,102.0,228.0,125.0,103.0,,,,,0.0623000003397465,165.0,,,,,0.0148999998345971,101.0,0.0148999998345971,101.0,0.0,92.0,0.0,1466.0,0.323100000619888,362.0,0.880599975585938,275.0,,,,,,,,,,,,,,,,,,,,,,,,
162281,RWA,Sub-Saharan Africa,Low income,Rwanda,DHS,2020,,1,Region & Sex & Wealth,Female,,Quintile 2,Kigali,,,,,,,,,,,,,,,,,,,,,,,,,,,,,,,,,,,,,,,,,,,,,,0.0,148.0,0.156299993395805,35.0,,,,,,,,,,,,,,,,,,,,,,,,,,
162282,RWA,Sub-Saharan Africa,Low income,Rwanda,DHS,2020,,1,Region & Sex & Wealth,Female,,Quintile 2,North,,,,,,0.547399997711182,0.159600004553795,0.0692000016570091,0.570599973201752,0.138899996876717,0.0511000007390976,6.37979984283447,,0.143500000238419,0.0535000003874302,0.103500001132488,0.647800028324127,81.0,64.0,71.0,233.0,233.0,177.0,106.0,,106.0,166.0,76.0,82.0,,,,,0.0,118.0,,,,,0.0,71.0,0.0,71.0,0.0,87.0,0.001700000022538,1123.0,0.199499994516373,255.0,0.907999992370605,230.0,,,,,,,,,,,,,,,,,,,,,,,,
162283,RWA,Sub-Saharan Africa,Low income,Rwanda,DHS,2020,,1,Region & Sex & Wealth,Female,,Quintile 2,South,,,,,,0.618099987506866,0.178399994969368,0.123499996960163,0.595099985599518,0.151600003242493,0.0904000028967857,6.19479990005493,,0.151800006628036,0.0414999984204769,0.126800000667572,0.454100012779236,110.0,82.0,71.0,284.0,284.0,215.0,128.0,,128.0,254.0,145.0,87.0,,,,,0.0386000014841557,196.0,,,,,0.0108000002801418,87.0,0.0108000002801418,87.0,0.0,88.0,0.0003999999898951,1625.0,0.215200006961823,365.0,0.935800015926361,278.0,,,,,,,,,,,,,,,,,,,,,,,,
162284,RWA,Sub-Saharan Africa,Low income,Rwanda,DHS,2020,,1,Region & Sex & Wealth,Female,,Quintile 2,West,,,,,,0.608699977397919,0.093299999833107,0.0665000006556511,0.604300022125244,0.109099999070168,0.0544000007212162,5.55579996109009,,0.208100005984306,0.0807000026106834,0.151899993419647,0.593699991703033,117.0,55.0,67.0,259.0,259.0,209.0,108.0,,108.0,252.0,101.0,96.0,,,,,0.0344999991357327,170.0,,,,,0.0,101.0,0.0,101.0,0.0,113.0,0.0,1535.0,0.210999995470047,337.0,0.895500004291534,258.0,,,,,,,,,,,,,,,,,,,,,,,,
162285,RWA,Sub-Saharan Africa,Low income,Rwanda,DHS,2020,,1,Region & Sex & Wealth,Female,,Quintile 3,East,,,,,,0.589399993419647,0.261599987745285,0.033500000834465,0.6007000207901,0.168099999427795,0.0744000002741814,6.39219999313354,,0.10809999704361,0.0531999990344048,0.0759000033140182,0.495299994945526,140.0,102.0,52.0,317.0,317.0,211.0,113.0,,113.0,247.0,161.0,98.0,,,,,0.0260000005364418,198.0,,,,,0.0,98.0,0.0,98.0,0.0,104.0,0.0,1602.0,0.263799995183945,380.0,0.938399970531464,312.0,,,,,,,,,,,,,,,,,,,,,,,,
162286,RWA,Sub-Saharan Africa,Low income,Rwanda,DHS,2020,,1,Region & Sex & Wealth,Female,,Quintile 3,Kigali,,,,,,,,,,,,,,,0.0476000010967255,,,,,,,,,,,,40.0,,,,,,,,,,,,,,,,,,,0.0,222.0,0.20550000667572,53.0,,,,,,,,,,,,,,,,,,,,,,,,,,
162287,RWA,Sub-Saharan Africa,Low income,Rwanda,DHS,2020,,1,Region & Sex & Wealth,Female,,Quintile 3,North,,,,,,0.680400013923645,0.308999985456467,0.0318000018596649,0.660799980163574,0.218099996447563,0.111299999058247,6.59439992904663,,0.114200003445148,0.044599998742342,0.193200007081032,0.607400000095367,76.0,72.0,39.0,205.0,205.0,145.0,78.0,,78.0,162.0,83.0,78.0,,,,,0.0379999987781048,103.0,,,,,0.0,67.0,0.0,67.0,0.0,79.0,0.0010000000474974,1076.0,0.199000000953674,220.0,0.925599992275238,204.0,,,,,,,,,,,,,,,,,,,,,,,,
162288,RWA,Sub-Saharan Africa,Low income,Rwanda,DHS,2020,,1,Region & Sex & Wealth,Female,,Quintile 3,South,,,,,,0.722599983215332,0.410100013017654,0.0776000022888184,0.692600011825562,0.227500006556511,0.09009999781847,6.44899988174438,,0.18520000576973,0.0450000017881393,0.0553000010550022,0.366100013256073,88.0,69.0,60.0,234.0,234.0,179.0,95.0,,95.0,179.0,110.0,74.0,,,,,0.0063999998383224,136.0,,,,,0.0,84.0,0.0,84.0,0.011400000192225,74.0,0.0007999999797903,1281.0,0.17960000038147,265.0,0.943300008773804,234.0,,,,,,,,,,,,,,,,,,,,,,,,
162289,RWA,Sub-Saharan Africa,Low income,Rwanda,DHS,2020,,1,Region & Sex & Wealth,Female,,Quintile 3,West,,,,,,0.732400000095367,0.192100003361702,0.141000002622604,0.703800022602081,0.1942999958992,0.118100002408028,6.86199998855591,,0.0658999979496002,0.0640999972820282,0.0784000009298325,0.408800005912781,114.0,70.0,70.0,284.0,284.0,197.0,119.0,,119.0,218.0,124.0,84.0,,,,,0.0255999993532896,151.0,,,,,0.0137999998405576,78.0,0.0137999998405576,78.0,0.0,87.0,0.0006999999750405,1473.0,0.192800000309944,315.0,0.940400004386902,284.0,,,,,,,,,,,,,,,,,,,,,,,,
162290,RWA,Sub-Saharan Africa,Low income,Rwanda,DHS,2020,,1,Region & Sex & Wealth,Female,,Quintile 4,East,,,,,,0.828199982643127,0.470400005578995,0.26800000667572,0.8125,0.306400001049042,0.219400003552437,7.97970008850098,,0.0856000036001205,0.0386999994516373,0.0653000026941299,0.296999990940094,144.0,110.0,68.0,350.0,350.0,229.0,132.0,,132.0,215.0,132.0,122.0,,,,,0.0109999999403954,150.0,,,,,0.0212999992072582,97.0,0.0212999992072582,97.0,0.013399999588728,105.0,0.0006000000284984,1589.0,0.141699999570847,311.0,0.961000025272369,349.0,,,,,,,,,,,,,,,,,,,,,,,,
162291,RWA,Sub-Saharan Africa,Low income,Rwanda,DHS,2020,,1,Region & Sex & Wealth,Female,,Quintile 4,Kigali,,,,,,0.72680002450943,0.287099987268448,0.234400004148483,0.760200023651123,0.283100008964539,0.201199993491173,7.4766001701355,,0.123199999332428,0.0384999997913837,0.0644000023603439,0.394400000572205,52.0,36.0,40.0,148.0,148.0,155.0,75.0,,75.0,111.0,51.0,43.0,,,,,0.0,80.0,,,,,0.0749000012874603,80.0,0.0749000012874603,80.0,0.0229000002145767,72.0,0.0012000000569969,783.0,0.148900002241135,147.0,0.95440000295639,147.0,,,,,,,,,,,,,,,,,,,,,,,,
162292,RWA,Sub-Saharan Africa,Low income,Rwanda,DHS,2020,,1,Region & Sex & Wealth,Female,,Quintile 4,North,,,,,,0.845600008964539,0.286399990320206,0.246900007128716,0.839100003242493,0.330900013446808,0.245700001716614,8.2681999206543,,0.0156999994069338,0.0109999999403954,0.115599997341633,0.52209997177124,62.0,40.0,38.0,150.0,150.0,109.0,57.0,,57.0,108.0,65.0,56.0,,,,,0.0119000002741814,77.0,,,,,0.0212999992072582,52.0,0.0212999992072582,52.0,0.0214000009000301,62.0,0.0,798.0,0.106200002133846,154.0,1.0,146.0,,,,,,,,,,,,,,,,,,,,,,,,
162293,RWA,Sub-Saharan Africa,Low income,Rwanda,DHS,2020,,1,Region & Sex & Wealth,Female,,Quintile 4,South,,,,,,0.863099992275238,0.454199999570847,0.176699995994568,0.842299997806549,0.328799992799759,0.243000000715256,7.99779987335205,,0.0306000001728535,0.0171000007539988,0.0913999974727631,0.338099986314774,97.0,84.0,60.0,252.0,252.0,171.0,98.0,,98.0,200.0,112.0,89.0,,,,,0.0,139.0,,,,,0.032600000500679,73.0,0.032600000500679,73.0,0.0138999996706843,71.0,0.001300000003539,1258.0,0.11540000140667,261.0,0.968699991703033,251.0,,,,,,,,,,,,,,,,,,,,,,,,
162294,RWA,Sub-Saharan Africa,Low income,Rwanda,DHS,2020,,1,Region & Sex & Wealth,Female,,Quintile 4,West,,,,,,0.813099980354309,0.507700026035309,0.294299989938736,0.788399994373322,0.355699986219406,0.221799999475479,7.86380004882812,,0.0835999995470047,0.031199999153614,0.0983999967575073,0.268500000238419,100.0,66.0,67.0,249.0,249.0,192.0,104.0,,104.0,216.0,99.0,89.0,,,,,0.0126000000163913,161.0,,,,,0.0120000001043081,88.0,0.0120000001043081,88.0,0.0760999992489815,99.0,0.0013999999500811,1333.0,0.116499997675419,288.0,0.925700008869171,247.0,,,,,,,,,,,,,,,,,,,,,,,,
162295,RWA,Sub-Saharan Africa,Low income,Rwanda,DHS,2020,,1,Region & Sex & Wealth,Female,,Quintile 5,East,,,,,,0.853500008583069,0.514699995517731,0.470299988985062,0.880800008773804,0.432000011205673,0.501699984073639,9.70259952545166,,0.0406999997794628,0.0184000004082918,0.121699996292591,0.357800006866455,123.0,118.0,72.0,337.0,337.0,227.0,138.0,,138.0,153.0,94.0,107.0,,,,,0.0,103.0,,,,,0.231800004839897,89.0,0.231800004839897,89.0,0.31470000743866,80.0,0.0197000000625849,1209.0,0.0825999975204468,211.0,0.97350001335144,337.0,,,,,,,,,,,,,,,,,,,,,,,,
162296,RWA,Sub-Saharan Africa,Low income,Rwanda,DHS,2020,,1,Region & Sex & Wealth,Female,,Quintile 5,Kigali,,,,,,0.861800014972687,0.500500023365021,0.499000012874603,0.854399979114532,0.514500021934509,0.509899973869324,9.76910018920898,,0.0417000018060207,0.0074000000022351,0.118000000715256,0.428600013256073,148.0,180.0,183.0,562.0,562.0,511.0,298.0,,298.0,241.0,113.0,158.0,,,,,0.0329000018537045,152.0,,,,,0.356000006198883,213.0,0.356000006198883,213.0,0.312799990177155,217.0,0.0262000001966953,2146.0,0.0878000035881996,299.0,0.970600008964539,559.0,,,,,,,,,,,,,,,,,,,,,,,,
162297,RWA,Sub-Saharan Africa,Low income,Rwanda,DHS,2020,,1,Region & Sex & Wealth,Female,,Quintile 5,North,,,,,,0.748099982738495,0.700999975204468,0.632000029087067,0.851000010967255,0.58459997177124,0.565500020980835,10.1647996902466,,0.0375999994575977,0.0292000006884336,0.0908999964594841,0.440200001001358,53.0,58.0,40.0,155.0,155.0,118.0,60.0,,60.0,93.0,46.0,54.0,,,,,0.0,61.0,,,,,0.23139999806881,58.0,0.23139999806881,58.0,0.339599996805191,54.0,0.0194000005722046,698.0,0.0848999992012978,118.0,0.984099984169006,154.0,,,,,,,,,,,,,,,,,,,,,,,,
162298,RWA,Sub-Saharan Africa,Low income,Rwanda,DHS,2020,,1,Region & Sex & Wealth,Female,,Quintile 5,South,,,,,,0.849500000476837,0.412999987602234,0.424199998378754,0.829200029373169,0.388999998569489,0.517199993133545,9.15040016174316,,0.046000000089407,0.0280000008642673,0.113200001418591,0.341100007295609,105.0,79.0,45.0,245.0,245.0,154.0,79.0,,79.0,102.0,76.0,101.0,,,,,0.0199999995529652,81.0,,,,,0.323399990797043,75.0,0.323399990797043,75.0,0.255299985408783,79.0,0.011400000192225,951.0,0.088299997150898,133.0,0.96450001001358,244.0,,,,,,,,,,,,,,,,,,,,,,,,
162299,RWA,Sub-Saharan Africa,Low income,Rwanda,DHS,2020,,1,Region & Sex & Wealth,Female,,Quintile 5,West,,,,,,0.816600024700165,0.409500002861023,0.522800028324127,0.829900026321411,0.503199994564056,0.504800021648407,9.65260028839111,,0.0410999990999699,0.0131999999284744,0.172099992632866,0.385899990797043,85.0,82.0,58.0,241.0,241.0,189.0,101.0,,101.0,142.0,78.0,82.0,,,,,0.0073000001721084,105.0,,,,,0.239500001072884,88.0,0.239500001072884,88.0,0.259299993515015,71.0,0.0109000001102686,1048.0,0.116300001740456,190.0,0.966600000858307,236.0,,,,,,,,,,,,,,,,,,,,,,,,
162300,RWA,Sub-Saharan Africa,Low income,Rwanda,DHS,2020,,1,Region & Sex & Wealth,Male,,Quintile 1,East,,,,,,0.194000005722046,0.0414999984204769,,0.27649998664856,0.0335999988019466,0.0,4.69110012054443,,0.370700001716614,0.188899993896484,0.226899996399879,0.57779997587204,63.0,48.0,,154.0,154.0,130.0,65.0,,65.0,231.0,86.0,57.0,,,,,0.109099999070168,150.0,,,,,0.0,65.0,0.0,65.0,0.0137999998405576,63.0,0.0,1106.0,0.410299986600876,290.0,0.810100018978119,84.0,,,,,,,,,,,,,,,,,,,,,,,,
162301,RWA,Sub-Saharan Africa,Low income,Rwanda,DHS,2020,,1,Region & Sex & Wealth,Male,,Quintile 1,Kigali,,,,,,,,,,,,,,,,,,,,,,,,,,,,,,,,,,,,,,,,,,,,,,0.0,61.0,,,,,,,,,,,,,,,,,,,,,,,,,,,,
162302,RWA,Sub-Saharan Africa,Low income,Rwanda,DHS,2020,,1,Region & Sex & Wealth,Male,,Quintile 1,North,,,,,,0.26460000872612,,0.0,0.24719999730587,0.0559000000357628,0.0318999998271465,4.34259986877441,,0.366100013256073,0.107900001108646,0.1925999969244,0.610300004482269,44.0,,32.0,113.0,113.0,112.0,52.0,,52.0,143.0,59.0,37.0,,,,,0.0450000017881393,93.0,,,,,0.0307000000029802,60.0,0.0307000000029802,60.0,0.0,49.0,0.0,778.0,0.281399995088577,205.0,0.722599983215332,53.0,,,,,,,,,,,,,,,,,,,,,,,,
162303,RWA,Sub-Saharan Africa,Low income,Rwanda,DHS,2020,,1,Region & Sex & Wealth,Male,,Quintile 1,South,,,,,,0.336600005626678,0.0637999996542931,0.0674000009894371,0.368900001049042,0.0584999993443489,0.032600000500679,4.93090009689331,,0.331699997186661,0.121399998664856,0.117499999701977,0.513999998569489,142.0,87.0,45.0,290.0,290.0,191.0,83.0,,83.0,413.0,175.0,121.0,,,,,0.0715999975800514,275.0,,,,,0.0,108.0,0.0,108.0,0.0092000002041459,129.0,0.0003000000142492,2004.0,0.322899997234344,554.0,0.867399990558624,126.0,,,,,,,,,,,,,,,,,,,,,,,,
162304,RWA,Sub-Saharan Africa,Low income,Rwanda,DHS,2020,,1,Region & Sex & Wealth,Male,,Quintile 1,West,,,,,,0.418000012636185,0.0904000028967857,0.034400001168251,0.391600012779236,0.0542000010609627,0.0348999984562397,4.49079990386963,,0.340299993753433,0.154899999499321,0.238100007176399,0.646399974822998,97.0,55.0,46.0,220.0,220.0,173.0,90.0,,90.0,283.0,114.0,70.0,,,,,0.0368999987840652,186.0,,,,,0.0080000003799796,83.0,0.0080000003799796,83.0,0.0,78.0,0.0,1331.0,0.339800000190735,353.0,0.829500019550323,123.0,,,,,,,,,,,,,,,,,,,,,,,,
162305,RWA,Sub-Saharan Africa,Low income,Rwanda,DHS,2020,,1,Region & Sex & Wealth,Male,,Quintile 2,East,,,,,,0.32710000872612,0.126300007104874,0.0986000001430511,0.356000006198883,0.102300003170967,0.0614000000059605,5.43879985809326,,0.293700009584427,0.0710999965667725,0.0741000026464462,0.435000002384186,100.0,69.0,48.0,238.0,238.0,168.0,95.0,,95.0,243.0,107.0,81.0,,,,,0.046399999409914,156.0,,,,,0.0,73.0,0.0,73.0,0.0,73.0,0.0,1291.0,0.384700000286102,387.0,0.871100008487701,121.0,,,,,,,,,,,,,,,,,,,,,,,,
162306,RWA,Sub-Saharan Africa,Low income,Rwanda,DHS,2020,,1,Region & Sex & Wealth,Male,,Quintile 2,Kigali,,,,,,,,,,,,,,,,,,,,,,,,,,,,,,,,,,,,,,,,,,,,,,0.0,151.0,0.274699985980988,32.0,,,,,,,,,,,,,,,,,,,,,,,,,,
162307,RWA,Sub-Saharan Africa,Low income,Rwanda,DHS,2020,,1,Region & Sex & Wealth,Male,,Quintile 2,North,,,,,,0.52020001411438,0.115000002086163,0.0546999983489513,0.48429998755455,0.068400003015995,0.0582000017166138,5.09849977493286,,0.199799999594688,0.046000000089407,0.200900003314018,0.584200024604797,72.0,47.0,38.0,165.0,165.0,116.0,56.0,,56.0,173.0,82.0,61.0,,,,,0.0370999984443188,116.0,,,,,0.0132999997586012,60.0,0.0132999997586012,60.0,0.010499999858439,78.0,0.0,998.0,0.285299986600876,258.0,0.826099991798401,79.0,,,,,,,,,,,,,,,,,,,,,,,,
162308,RWA,Sub-Saharan Africa,Low income,Rwanda,DHS,2020,,1,Region & Sex & Wealth,Male,,Quintile 2,South,,,,,,0.500500023365021,0.164299994707108,0.0838999971747398,0.49549999833107,0.123099997639656,0.0520000010728836,5.49499988555908,,0.202800005674362,0.0688999965786934,0.170100003480911,0.419299989938736,113.0,71.0,69.0,268.0,268.0,168.0,103.0,,103.0,240.0,115.0,96.0,,,,,0.0698999986052513,169.0,,,,,0.0,65.0,0.0,65.0,0.0137000000104308,76.0,0.0006999999750405,1331.0,0.300399988889694,343.0,0.933300018310547,167.0,,,,,,,,,,,,,,,,,,,,,,,,
162309,RWA,Sub-Saharan Africa,Low income,Rwanda,DHS,2020,,1,Region & Sex & Wealth,Male,,Quintile 2,West,,,,,,0.566900014877319,0.188700005412102,0.0266999993473291,0.567200005054474,0.104500003159046,0.0992999970912933,5.83669996261597,,0.18359999358654,0.128299996256828,0.211400002241135,0.605599999427795,114.0,59.0,44.0,237.0,237.0,145.0,79.0,,79.0,261.0,124.0,92.0,,,,,0.0260000005364418,167.0,,,,,0.0167999994009733,66.0,0.0167999994009733,66.0,0.0,88.0,0.001300000003539,1312.0,0.285699993371964,339.0,0.909500002861023,134.0,,,,,,,,,,,,,,,,,,,,,,,,
162310,RWA,Sub-Saharan Africa,Low income,Rwanda,DHS,2020,,1,Region & Sex & Wealth,Male,,Quintile 3,East,,,,,,0.435400009155273,0.208499997854233,0.0667999982833862,0.467299997806549,0.1266999989748,0.0813999995589256,5.57040023803711,,0.263399988412857,0.0533000007271767,0.112199999392033,0.35809999704361,130.0,87.0,59.0,296.0,296.0,196.0,105.0,,105.0,265.0,144.0,105.0,,,,,0.0040000001899898,195.0,,,,,0.0131000000983477,91.0,0.0131000000983477,91.0,0.0355000011622906,92.0,0.0,1505.0,0.34060001373291,405.0,0.892499983310699,162.0,,,,,,,,,,,,,,,,,,,,,,,,
162311,RWA,Sub-Saharan Africa,Low income,Rwanda,DHS,2020,,1,Region & Sex & Wealth,Male,,Quintile 3,Kigali,,,,,,,,,0.53600001335144,0.176300004124641,,,,,,,,,,,32.0,32.0,,,,,,,,,,,,,,,,,,,,,,,,0.0,195.0,0.263700008392334,33.0,,,,,,,,,,,,,,,,,,,,,,,,,,
162312,RWA,Sub-Saharan Africa,Low income,Rwanda,DHS,2020,,1,Region & Sex & Wealth,Male,,Quintile 3,North,,,,,,0.510900020599365,0.233999997377396,0.150999993085861,0.51910001039505,0.130400002002716,0.121399998664856,5.91590023040771,,0.200499996542931,0.0199999995529652,0.112499997019768,0.591899991035461,81.0,50.0,39.0,180.0,180.0,103.0,61.0,,61.0,163.0,88.0,71.0,,,,,0.0307000000029802,118.0,,,,,0.0273000001907349,42.0,0.0273000001907349,42.0,0.0,72.0,0.0024000001139938,975.0,0.291500002145767,257.0,0.877799987792969,108.0,,,,,,,,,,,,,,,,,,,,,,,,
162313,RWA,Sub-Saharan Africa,Low income,Rwanda,DHS,2020,,1,Region & Sex & Wealth,Male,,Quintile 3,South,,,,,,0.587400019168854,0.170900002121925,0.103299997746944,0.580999970436096,0.13629999756813,0.100000001490116,5.77640008926392,,0.253199994564056,0.0533999986946583,0.0803000032901764,0.380499988794327,96.0,77.0,38.0,229.0,229.0,143.0,82.0,,82.0,209.0,115.0,79.0,,,,,0.0060999998822808,152.0,,,,,0.0328000001609325,61.0,0.0328000001609325,61.0,0.0138999996706843,62.0,0.0015000000130385,1225.0,0.242400005459785,310.0,0.940100014209747,138.0,,,,,,,,,,,,,,,,,,,,,,,,
162314,RWA,Sub-Saharan Africa,Low income,Rwanda,DHS,2020,,1,Region & Sex & Wealth,Male,,Quintile 3,West,,,,,,0.685899972915649,0.243000000715256,0.142399996519089,0.655799984931946,0.184799998998642,0.158299997448921,6.80420017242432,,0.151500001549721,0.0689999982714653,0.114900000393391,0.385399997234344,95.0,92.0,49.0,252.0,252.0,158.0,87.0,,87.0,243.0,114.0,99.0,,,,,0.0326999984681606,177.0,,,,,0.0266999993473291,71.0,0.0266999993473291,71.0,0.0126000000163913,78.0,0.00179999996908,1340.0,0.218400001525879,331.0,0.943599998950958,158.0,,,,,,,,,,,,,,,,,,,,,,,,
162315,RWA,Sub-Saharan Africa,Low income,Rwanda,DHS,2020,,1,Region & Sex & Wealth,Male,,Quintile 4,East,,,,,,0.635699987411499,0.316100001335144,0.20160000026226,0.659799993038177,0.243499994277954,0.208800002932549,7.05280017852783,,0.16609999537468,0.0278999991714954,0.0463000014424324,0.310600012540817,121.0,90.0,62.0,289.0,289.0,172.0,104.0,,104.0,214.0,133.0,125.0,,,,,0.0288999993354082,154.0,,,,,0.0318000018596649,68.0,0.0318000018596649,68.0,0.0637999996542931,79.0,0.0019000000320375,1418.0,0.237800002098083,347.0,0.934700012207031,183.0,,,,,,,,,,,,,,,,,,,,,,,,
162316,RWA,Sub-Saharan Africa,Low income,Rwanda,DHS,2020,,1,Region & Sex & Wealth,Male,,Quintile 4,Kigali,,,,,,0.768199980258942,0.0988999977707863,,0.713699996471405,0.218899995088577,0.315600007772446,7.14459991455078,,0.11150000244379,0.0412000007927418,0.0976999998092651,0.41100001335144,36.0,30.0,,107.0,107.0,112.0,55.0,,55.0,96.0,41.0,37.0,,,,,0.0154999997466803,56.0,,,,,0.10360000282526,57.0,0.10360000282526,57.0,0.0195000004023314,62.0,0.00179999996908,666.0,0.169599995017052,131.0,0.991100013256073,72.0,,,,,,,,,,,,,,,,,,,,,,,,
162317,RWA,Sub-Saharan Africa,Low income,Rwanda,DHS,2020,,1,Region & Sex & Wealth,Male,,Quintile 4,North,,,,,,0.706499993801117,0.237000003457069,0.229499995708466,0.669700026512146,0.246700003743172,0.180000007152557,6.86730003356934,,0.121200002729893,0.0248000007122755,0.263999998569489,0.343400001525879,70.0,50.0,46.0,179.0,179.0,114.0,77.0,,77.0,124.0,68.0,62.0,,,,,0.0243999995291233,85.0,,,,,0.0443000011146069,37.0,0.0443000011146069,37.0,0.137899994850159,55.0,0.0031999999191612,759.0,0.185599997639656,184.0,0.958899974822998,113.0,,,,,,,,,,,,,,,,,,,,,,,,
162318,RWA,Sub-Saharan Africa,Low income,Rwanda,DHS,2020,,1,Region & Sex & Wealth,Male,,Quintile 4,South,,,,,,0.682799994945526,0.354999989271164,0.141299992799759,0.694199979305267,0.224700003862381,0.208800002932549,6.8585000038147,,0.140499994158745,0.0399000011384487,0.151700004935265,0.358500003814697,113.0,69.0,59.0,249.0,249.0,153.0,88.0,,88.0,201.0,105.0,101.0,,,,,0.0218000002205372,151.0,,,,,0.142100006341934,65.0,0.142100006341934,65.0,0.0728000029921532,59.0,0.0,1163.0,0.194999992847443,278.0,0.930800020694733,163.0,,,,,,,,,,,,,,,,,,,,,,,,
162319,RWA,Sub-Saharan Africa,Low income,Rwanda,DHS,2020,,1,Region & Sex & Wealth,Male,,Quintile 4,West,,,,,,0.671999990940094,0.368800014257431,0.217399999499321,0.694800019264221,0.245600000023842,0.231299996376038,6.99539995193481,,0.182799994945526,0.0608000010251999,0.0738999992609024,0.302100002765656,98.0,67.0,41.0,218.0,218.0,147.0,72.0,,72.0,204.0,98.0,91.0,,,,,0.032600000500679,126.0,,,,,0.0403000004589558,75.0,0.0403000004589558,75.0,0.104299999773502,71.0,0.0012000000569969,1183.0,0.217600002884865,277.0,0.896200001239777,152.0,,,,,,,,,,,,,,,,,,,,,,,,
162320,RWA,Sub-Saharan Africa,Low income,Rwanda,DHS,2020,,1,Region & Sex & Wealth,Male,,Quintile 5,East,,,,,,0.790799975395203,0.416500002145767,0.308800011873245,0.751600027084351,0.36939999461174,0.356200009584427,7.59959983825684,,0.178599998354912,0.022299999371171,0.0700000002980232,0.293599992990494,95.0,94.0,46.0,250.0,250.0,163.0,101.0,,101.0,143.0,93.0,100.0,,,,,0.0292000006884336,105.0,,,,,0.286500006914139,62.0,0.286500006914139,62.0,0.261900007724762,54.0,0.0048000002279877,1058.0,0.172900006175041,201.0,0.957300007343292,168.0,,,,,,,,,,,,,,,,,,,,,,,,
162321,RWA,Sub-Saharan Africa,Low income,Rwanda,DHS,2020,,1,Region & Sex & Wealth,Male,,Quintile 5,Kigali,,,,,,0.828400015830994,0.557799994945526,0.516200006008148,0.864499986171722,0.57669997215271,0.544700026512146,9.80840015411377,,0.0282000005245209,0.0324999988079071,0.0105999996885657,0.241099998354912,105.0,141.0,127.0,413.0,413.0,417.0,225.0,,225.0,238.0,77.0,119.0,,,,,0.0408000014722347,145.0,,,,,0.323199987411499,192.0,0.323199987411499,192.0,0.307300001382828,165.0,0.0244999993592501,1891.0,0.0812999978661537,302.0,0.996299982070923,323.0,,,,,,,,,,,,,,,,,,,,,,,,
162322,RWA,Sub-Saharan Africa,Low income,Rwanda,DHS,2020,,1,Region & Sex & Wealth,Male,,Quintile 5,North,,,,,,0.725199997425079,0.4375,0.600600004196167,0.761600017547607,0.464100003242493,0.645799994468689,9.94309997558594,,0.0656000003218651,0.0052999998442828,0.0894000008702278,0.348800003528595,59.0,46.0,37.0,151.0,151.0,108.0,61.0,,61.0,81.0,49.0,60.0,,,,,0.0179999992251396,66.0,,,,,0.375299990177155,47.0,0.375299990177155,47.0,0.236699998378754,43.0,0.0294000003486872,649.0,0.147400006651878,116.0,0.983699977397919,109.0,,,,,,,,,,,,,,,,,,,,,,,,
162323,RWA,Sub-Saharan Africa,Low income,Rwanda,DHS,2020,,1,Region & Sex & Wealth,Male,,Quintile 5,South,,,,,,0.776099979877472,0.495200008153915,0.335099995136261,0.737800002098083,0.382200002670288,0.363299995660782,8.31809997558594,,0.147900000214577,0.0309999994933605,0.066600002348423,0.455799996852875,51.0,63.0,35.0,163.0,163.0,117.0,72.0,,72.0,113.0,42.0,48.0,,,,,0.0164000000804663,70.0,,,,,0.322200000286102,45.0,0.322200000286102,45.0,0.374599993228912,80.0,0.0135000003501773,822.0,0.0755999982357025,143.0,0.967999994754791,110.0,,,,,,,,,,,,,,,,,,,,,,,,
162324,RWA,Sub-Saharan Africa,Low income,Rwanda,DHS,2020,,1,Region & Sex & Wealth,Male,,Quintile 5,West,,,,,,0.852400004863739,0.515999972820282,0.374700009822845,0.817499995231628,0.400099992752075,0.518999993801117,8.90530014038086,,0.0706999972462654,0.0244999993592501,0.111900001764297,0.315499991178513,74.0,71.0,43.0,199.0,199.0,136.0,75.0,,75.0,143.0,71.0,66.0,,,,,0.0,91.0,,,,,0.184900000691414,61.0,0.184900000691414,61.0,0.336199998855591,61.0,0.0048000002279877,937.0,0.115599997341633,190.0,0.96450001001358,139.0,,,,,,,,,,,,,,,,,,,,,,,,
162325,RWA,Sub-Saharan Africa,Low income,Rwanda,DHS,2020,,1,Religion & Sex & Wealth,Female,,Quintile 1,,,Adventist,,,,,,,0.294200003147125,0.0491999983787537,0.0,,,,0.0439999997615814,,,,,,46.0,46.0,45.0,,,,72.0,,,,,,,0.0140000004321337,55.0,,,,,,,,,0.0,42.0,0.0038000000640749,397.0,0.188299998641014,96.0,0.795400023460388,44.0,,,,,,,,,,,,,,,,,,,,,,,,
162326,RWA,Sub-Saharan Africa,Low income,Rwanda,DHS,2020,,1,Religion & Sex & Wealth,Female,,Quintile 1,,,Catholic,,,,0.382499992847443,0.067500002682209,0.0,0.401399999856949,0.0329000018537045,0.0068999999202787,4.71059989929199,,0.272000014781952,0.10249999910593,0.163699999451637,0.701399981975555,63.0,30.0,41.0,152.0,152.0,145.0,70.0,,70.0,189.0,81.0,49.0,,,,,0.0654999986290932,143.0,,,,,0.0,75.0,0.0,75.0,0.0,95.0,0.0,1092.0,0.2432000041008,247.0,0.828199982643127,151.0,,,,,,,,,,,,,,,,,,,,,,,,
162327,RWA,Sub-Saharan Africa,Low income,Rwanda,DHS,2020,,1,Religion & Sex & Wealth,Female,,Quintile 1,,,Jehovah's Witness,,,,,,,,,,,,,,,,,,,,,,,,,,,,,,,,,,,,,,,,,,,,,,,,,,,,,,,,,,,,,,,,,,,,,,,,,
162328,RWA,Sub-Saharan Africa,Low income,Rwanda,DHS,2020,,1,Religion & Sex & Wealth,Female,,Quintile 1,,,Muslim,,,,,,,,,,,,,,,,,,,,,,,,,,,,,,,,,,,,,,,,,,,,0.0,44.0,,,,,,,,,,,,,,,,,,,,,,,,,,,,
162329,RWA,Sub-Saharan Africa,Low income,Rwanda,DHS,2020,,1,Religion & Sex & Wealth,Female,,Quintile 1,,,No Religion/None,,,,,,,,,,,,,,,,,,,,,,,,,,,,,,,,,,,,,,,,,,,,0.0,107.0,,,,,,,,,,,,,,,,,,,,,,,,,,,,
162330,RWA,Sub-Saharan Africa,Low income,Rwanda,DHS,2020,,1,Religion & Sex & Wealth,Female,,Quintile 1,,,Protestant,,,,0.354200005531311,0.0531999990344048,0.0439999997615814,0.429300010204315,0.0507999993860722,0.0116999996826053,5.42350006103516,,0.194700002670288,0.0784000009298325,0.278699994087219,0.577899992465973,88.0,55.0,54.0,217.0,217.0,193.0,94.0,,94.0,228.0,95.0,70.0,,,,,0.0741999968886375,175.0,,,,,0.0,99.0,0.0,99.0,0.0,103.0,0.0,1335.0,0.349400013685226,310.0,0.807900011539459,216.0,,,,,,,,,,,,,,,,,,,,,,,,
162331,RWA,Sub-Saharan Africa,Low income,Rwanda,DHS,2020,,1,Religion & Sex & Wealth,Female,,Quintile 2,,,Adventist,,,,,,,0.504100024700165,0.0860000029206276,0.0850000008940697,,,,0.0,,,,,,54.0,54.0,40.0,,,,55.0,,,,,,,,,,,,,,,,,0.0,33.0,0.0,308.0,0.187700003385544,83.0,0.881900012493134,54.0,,,,,,,,,,,,,,,,,,,,,,,,
162332,RWA,Sub-Saharan Africa,Low income,Rwanda,DHS,2020,,1,Religion & Sex & Wealth,Female,,Quintile 2,,,Catholic,,,,0.578199982643127,0.163100004196167,0.0241999998688698,0.570500016212463,0.108300000429153,0.0379999987781048,5.35309982299805,,0.258899986743927,0.0786999985575676,0.148900002241135,0.46450001001358,92.0,50.0,34.0,189.0,189.0,125.0,62.0,,62.0,183.0,99.0,78.0,,,,,0.024100000038743,138.0,,,,,0.0,63.0,0.0,63.0,0.0,86.0,0.0007999999797903,1099.0,0.223900005221367,272.0,0.913900017738342,189.0,,,,,,,,,,,,,,,,,,,,,,,,
162333,RWA,Sub-Saharan Africa,Low income,Rwanda,DHS,2020,,1,Religion & Sex & Wealth,Female,,Quintile 2,,,Jehovah's Witness,,,,,,,,,,,,,,,,,,,,,,,,,,,,,,,,,,,,,,,,,,,,,,,,,,,,,,,,,,,,,,,,,,,,,,,,,
162334,RWA,Sub-Saharan Africa,Low income,Rwanda,DHS,2020,,1,Religion & Sex & Wealth,Female,,Quintile 2,,,Muslim,,,,,,,,,,,,,,,,,,,,,,,,,,,,,,,,,,,,,,,,,,,,0.0,39.0,,,,,,,,,,,,,,,,,,,,,,,,,,,,
162335,RWA,Sub-Saharan Africa,Low income,Rwanda,DHS,2020,,1,Religion & Sex & Wealth,Female,,Quintile 2,,,No Religion/None,,,,,,,,,,,,,,,,,,,,,,,,,,,,,,,,,,,,,,,,,,,,,,,,,,,,,,,,,,,,,,,,,,,,,,,,,
162336,RWA,Sub-Saharan Africa,Low income,Rwanda,DHS,2020,,1,Religion & Sex & Wealth,Female,,Quintile 2,,,Protestant,,,,0.493000000715256,0.137600004673004,0.130199998617172,0.559499979019165,0.124899998307228,0.0427000001072884,6.01520013809204,,0.235499992966652,0.0707999989390373,0.182199999690056,0.664699971675873,81.0,43.0,35.0,172.0,172.0,130.0,61.0,,61.0,180.0,82.0,66.0,,,,,0.0755999982357025,123.0,,,,,0.0215000007301569,70.0,0.0215000007301569,70.0,0.0,88.0,0.0,1018.0,0.295500010251999,245.0,0.867500007152557,171.0,,,,,,,,,,,,,,,,,,,,,,,,
162337,RWA,Sub-Saharan Africa,Low income,Rwanda,DHS,2020,,1,Religion & Sex & Wealth,Female,,Quintile 3,,,Adventist,,,,,,,0.610300004482269,0.220699995756149,0.0997999981045723,,,,0.0443999990820885,,,,,,56.0,56.0,51.0,,,,62.0,,,,,,,0.0233999993652105,41.0,,,,,,,,,,,0.0,320.0,0.230700001120567,91.0,0.986999988555908,56.0,,,,,,,,,,,,,,,,,,,,,,,,
162338,RWA,Sub-Saharan Africa,Low income,Rwanda,DHS,2020,,1,Religion & Sex & Wealth,Female,,Quintile 3,,,Catholic,,,,0.601100027561188,0.259299993515015,0.0564999990165234,0.634800016880035,0.210999995470047,0.0489000007510185,6.46789979934692,,0.12729999423027,0.0443000011146069,0.116300001740456,0.526199996471405,72.0,52.0,42.0,180.0,180.0,124.0,72.0,,72.0,175.0,94.0,54.0,,,,,0.0132999997586012,134.0,,,,,0.0,52.0,0.0,52.0,0.0,80.0,0.0,1004.0,0.196600005030632,240.0,0.932900011539459,179.0,,,,,,,,,,,,,,,,,,,,,,,,
162339,RWA,Sub-Saharan Africa,Low income,Rwanda,DHS,2020,,1,Religion & Sex & Wealth,Female,,Quintile 3,,,Jehovah's Witness,,,,,,,,,,,,,,,,,,,,,,,,,,,,,,,,,,,,,,,,,,,,,,,,,,,,,,,,,,,,,,,,,,,,,,,,,
162340,RWA,Sub-Saharan Africa,Low income,Rwanda,DHS,2020,,1,Religion & Sex & Wealth,Female,,Quintile 3,,,Muslim,,,,,,,,,,,,,,,,,,,,,,,,,,,,,,,,,,,,,,,,,,,,0.0,36.0,,,,,,,,,,,,,,,,,,,,,,,,,,,,
162341,RWA,Sub-Saharan Africa,Low income,Rwanda,DHS,2020,,1,Religion & Sex & Wealth,Female,,Quintile 3,,,No Religion/None,,,,,,,,,,,,,,,,,,,,,,,,,,,,,,,,,,,,,,,,,,,,0.0,31.0,,,,,,,,,,,,,,,,,,,,,,,,,,,,
162342,RWA,Sub-Saharan Africa,Low income,Rwanda,DHS,2020,,1,Religion & Sex & Wealth,Female,,Quintile 3,,,Protestant,,,,0.699899971485138,0.228000000119209,0.0566000007092953,0.675100028514862,0.135900005698204,0.0744000002741814,6.23479986190796,,0.183400005102158,0.0776999965310097,0.103200003504753,0.466199994087219,85.0,48.0,37.0,184.0,184.0,128.0,61.0,,61.0,178.0,115.0,61.0,,,,,0.0518999993801117,130.0,,,,,0.0,67.0,0.0,67.0,0.0,80.0,0.00089999998454,1057.0,0.229599997401237,270.0,0.921000003814697,183.0,,,,,,,,,,,,,,,,,,,,,,,,
162343,RWA,Sub-Saharan Africa,Low income,Rwanda,DHS,2020,,1,Religion & Sex & Wealth,Female,,Quintile 3,,,Traditional,,,,,,,,,,,,,,,,,,,,,,,,,,,,,,,,,,,,,,,,,,,,,,,,,,,,,,,,,,,,,,,,,,,,,,,,,
162344,RWA,Sub-Saharan Africa,Low income,Rwanda,DHS,2020,,1,Religion & Sex & Wealth,Female,,Quintile 4,,,Adventist,,,,0.879100024700165,,,0.847599983215332,0.410299986600876,0.193399995565414,,,,0.0,,,34.0,,,67.0,67.0,45.0,,,,50.0,,,,,,,0.0,42.0,,,,,,,,,,,0.0,312.0,0.0929000005125999,66.0,0.975199997425079,67.0,,,,,,,,,,,,,,,,,,,,,,,,
162345,RWA,Sub-Saharan Africa,Low income,Rwanda,DHS,2020,,1,Religion & Sex & Wealth,Female,,Quintile 4,,,Catholic,,,,0.871900022029877,0.405800014734268,0.224700003862381,0.826099991798401,0.299600005149841,0.245700001716614,7.69929981231689,,0.101599998772144,0.025000000372529,0.0692000016570091,0.321299999952316,99.0,71.0,59.0,243.0,243.0,173.0,96.0,,96.0,169.0,105.0,83.0,,,,,0.0048000002279877,129.0,,,,,0.0527999997138977,77.0,0.0527999997138977,77.0,0.0372000001370907,96.0,0.0023000000510364,1102.0,0.115299999713898,225.0,0.9757000207901,240.0,,,,,,,,,,,,,,,,,,,,,,,,
162346,RWA,Sub-Saharan Africa,Low income,Rwanda,DHS,2020,,1,Religion & Sex & Wealth,Female,,Quintile 4,,,Jehovah's Witness,,,,,,,,,,,,,,,,,,,,,,,,,,,,,,,,,,,,,,,,,,,,,,,,,,,,,,,,,,,,,,,,,,,,,,,,,
162347,RWA,Sub-Saharan Africa,Low income,Rwanda,DHS,2020,,1,Religion & Sex & Wealth,Female,,Quintile 4,,,Muslim,,,,,,,,,,,,,,,,,,,,,,,,,,,,,,,,,,,,,,,,,,,,0.0,75.0,,,,,,,,,,,,,,,,,,,,,,,,,,,,
162348,RWA,Sub-Saharan Africa,Low income,Rwanda,DHS,2020,,1,Religion & Sex & Wealth,Female,,Quintile 4,,,No Religion/None,,,,,,,,,,,,,,,,,,,,,,,,,,,,,,,,,,,,,,,,,,,,,,,,,,,,,,,,,,,,,,,,,,,,,,,,,
162349,RWA,Sub-Saharan Africa,Low income,Rwanda,DHS,2020,,1,Religion & Sex & Wealth,Female,,Quintile 4,,,Protestant,,,,0.773699998855591,0.306199997663498,0.235599994659424,0.772899985313416,0.285400003194809,0.204699993133545,7.80639982223511,,0.0388000011444092,0.0362999998033047,0.106299996376038,0.341699987649918,87.0,53.0,51.0,212.0,212.0,176.0,93.0,,93.0,177.0,91.0,80.0,,,,,0.0,125.0,,,,,0.0240000002086163,83.0,0.0240000002086163,83.0,0.0324000008404255,94.0,0.0015000000130385,1120.0,0.156100004911423,247.0,0.96069997549057,211.0,,,,,,,,,,,,,,,,,,,,,,,,
162350,RWA,Sub-Saharan Africa,Low income,Rwanda,DHS,2020,,1,Religion & Sex & Wealth,Female,,Quintile 5,,,Adventist,,,,0.727500021457672,0.620000004768372,,0.858900010585785,0.541800022125244,0.571300029754639,10.1245002746582,,0.024100000038743,0.0,,0.44760000705719,35.0,33.0,,105.0,105.0,86.0,48.0,,48.0,39.0,,34.0,,,,,,,,,,,0.425900012254715,38.0,0.425900012254715,38.0,0.196999996900558,31.0,0.0309999994933605,374.0,0.217899993062019,60.0,0.957799971103668,105.0,,,,,,,,,,,,,,,,,,,,,,,,
162351,RWA,Sub-Saharan Africa,Low income,Rwanda,DHS,2020,,1,Religion & Sex & Wealth,Female,,Quintile 5,,,Catholic,,,,0.842199981212616,0.476999998092651,0.433699995279312,0.845899999141693,0.513100028038025,0.500800013542175,9.99199962615967,,0.0252999998629093,0.0023000000510364,0.0878999978303909,0.438300013542175,90.0,77.0,68.0,249.0,249.0,188.0,97.0,,97.0,133.0,84.0,86.0,,,,,0.022299999371171,92.0,,,,,0.29229998588562,91.0,0.29229998588562,91.0,0.334100008010864,99.0,0.0138999996706843,1024.0,0.0740000009536743,167.0,0.973299980163574,248.0,,,,,,,,,,,,,,,,,,,,,,,,
162352,RWA,Sub-Saharan Africa,Low income,Rwanda,DHS,2020,,1,Religion & Sex & Wealth,Female,,Quintile 5,,,Jehovah's Witness,,,,,,,,,,,,,,,,,,,,,,,,,,,,,,,,,,,,,,,,,,,,,,,,,,,,,,,,,,,,,,,,,,,,,,,,,
162353,RWA,Sub-Saharan Africa,Low income,Rwanda,DHS,2020,,1,Religion & Sex & Wealth,Female,,Quintile 5,,,Muslim,,,,,,,0.820699989795685,0.442200005054474,,,,,,,,,,,33.0,33.0,,,,,,,,,,,,,,,,,,,,,,,,0.0261000003665686,116.0,,,1.0,32.0,,,,,,,,,,,,,,,,,,,,,,,,
162354,RWA,Sub-Saharan Africa,Low income,Rwanda,DHS,2020,,1,Religion & Sex & Wealth,Female,,Quintile 5,,,No Religion/None,,,,,,,,,,,,,,,,,,,,,,,,,,,,,,,,,,,,,,,,,,,,,,,,,,,,,,,,,,,,,,,,,,,,,,,,,
162355,RWA,Sub-Saharan Africa,Low income,Rwanda,DHS,2020,,1,Religion & Sex & Wealth,Female,,Quintile 5,,,Protestant,,,,0.873199999332428,0.364199995994568,0.500299990177155,0.864099979400635,0.399800002574921,0.45320001244545,9.18879985809326,,0.0412000007927418,0.0185000002384186,0.151500001549721,0.418300002813339,115.0,117.0,84.0,336.0,336.0,252.0,147.0,,147.0,151.0,88.0,115.0,,,,,0.0185000002384186,93.0,,,,,0.305000007152557,105.0,0.305000007152557,105.0,0.255400002002716,118.0,0.0171000007539988,1279.0,0.0790999978780746,194.0,0.976999998092651,332.0,,,,,,,,,,,,,,,,,,,,,,,,
162356,RWA,Sub-Saharan Africa,Low income,Rwanda,DHS,2020,,1,Religion & Sex & Wealth,Female,,Quintile 5,,,Traditional,,,,,,,,,,,,,,,,,,,,,,,,,,,,,,,,,,,,,,,,,,,,,,,,,,,,,,,,,,,,,,,,,,,,,,,,,
162357,RWA,Sub-Saharan Africa,Low income,Rwanda,DHS,2020,,1,Religion & Sex & Wealth,Male,,Quintile 1,,,Adventist,,,,,,,0.352999985218048,0.023700000718236,,,,,0.106100000441074,,,,,,33.0,33.0,,,,,82.0,,,,,,,0.0772999972105026,57.0,,,,,,,,,,,0.0,339.0,0.282099992036819,107.0,,,,,,,,,,,,,,,,,,,,,,,,,,
162358,RWA,Sub-Saharan Africa,Low income,Rwanda,DHS,2020,,1,Religion & Sex & Wealth,Male,,Quintile 1,,,Catholic,,,,0.345899999141693,0.0,0.0182000007480383,0.33270001411438,0.0366999991238117,0.0196000002324581,4.61679983139038,,0.380800008773804,0.126300007104874,0.197799995541573,0.619799971580505,66.0,37.0,30.0,143.0,143.0,96.0,53.0,,53.0,230.0,78.0,53.0,,,,,0.0449000000953674,142.0,,,,,0.0,43.0,0.0,43.0,0.0199999995529652,52.0,0.0005000000237487,974.0,0.299699991941452,278.0,0.83380001783371,107.0,,,,,,,,,,,,,,,,,,,,,,,,
162359,RWA,Sub-Saharan Africa,Low income,Rwanda,DHS,2020,,1,Religion & Sex & Wealth,Male,,Quintile 1,,,Jehovah's Witness,,,,,,,,,,,,,,,,,,,,,,,,,,,,,,,,,,,,,,,,,,,,,,,,,,,,,,,,,,,,,,,,,,,,,,,,,
162360,RWA,Sub-Saharan Africa,Low income,Rwanda,DHS,2020,,1,Religion & Sex & Wealth,Male,,Quintile 1,,,Muslim,,,,,,,,,,,,,,,,,,,,,,,,,,,,,,,,,,,,,,,,,,,,0.0,35.0,,,,,,,,,,,,,,,,,,,,,,,,,,,,
162361,RWA,Sub-Saharan Africa,Low income,Rwanda,DHS,2020,,1,Religion & Sex & Wealth,Male,,Quintile 1,,,No Religion/None,,,,,,,,,,,,,,,,,,,,,,,,,,,,,,,,,,,,,,,,,,,,0.0,102.0,,,,,,,,,,,,,,,,,,,,,,,,,,,,
162362,RWA,Sub-Saharan Africa,Low income,Rwanda,DHS,2020,,1,Religion & Sex & Wealth,Male,,Quintile 1,,,Protestant,,,,0.257699996232986,0.0549000017344952,0.0681999996304512,0.29789999127388,0.045499999076128,0.0217000003904104,4.5858998298645,,0.375200003385544,0.16159999370575,0.18690000474453,0.540700018405914,71.0,46.0,34.0,161.0,161.0,104.0,55.0,,55.0,259.0,112.0,49.0,,,,,0.0755999982357025,162.0,,,,,0.0,49.0,0.0,49.0,0.0,62.0,0.0,1064.0,0.357499986886978,334.0,0.770099997520447,121.0,,,,,,,,,,,,,,,,,,,,,,,,
162363,RWA,Sub-Saharan Africa,Low income,Rwanda,DHS,2020,,1,Religion & Sex & Wealth,Male,,Quintile 2,,,Adventist,,,,,,,0.441399991512299,0.0926000028848648,0.0795999988913536,,,,0.0654999986290932,,,,,,43.0,43.0,30.0,,,,57.0,,,,,,,0.0285999998450279,38.0,,,,,,,,,,,0.0020000000949949,271.0,0.226300001144409,70.0,0.895900011062622,36.0,,,,,,,,,,,,,,,,,,,,,,,,
162364,RWA,Sub-Saharan Africa,Low income,Rwanda,DHS,2020,,1,Religion & Sex & Wealth,Male,,Quintile 2,,,Catholic,,,,0.582199990749359,0.086499996483326,,0.473899990320206,0.0683000013232231,0.0863000005483627,4.9362998008728,,0.348300009965897,0.105400003492832,0.203899994492531,0.587100028991699,86.0,56.0,,175.0,175.0,89.0,49.0,,49.0,219.0,100.0,71.0,,,,,0.0546999983489513,151.0,,,,,0.0211999993771315,40.0,0.0211999993771315,40.0,0.0,66.0,0.0,1035.0,0.319700002670288,289.0,0.856700003147125,151.0,,,,,,,,,,,,,,,,,,,,,,,,
162365,RWA,Sub-Saharan Africa,Low income,Rwanda,DHS,2020,,1,Religion & Sex & Wealth,Male,,Quintile 2,,,Jehovah's Witness,,,,,,,,,,,,,,,,,,,,,,,,,,,,,,,,,,,,,,,,,,,,,,,,,,,,,,,,,,,,,,,,,,,,,,,,,
162366,RWA,Sub-Saharan Africa,Low income,Rwanda,DHS,2020,,1,Religion & Sex & Wealth,Male,,Quintile 2,,,Muslim,,,,,,,,,,,,,,,,,,,,,,,,,,,,,,,,,,,,,,,,,,,,0.0,43.0,,,,,,,,,,,,,,,,,,,,,,,,,,,,
162367,RWA,Sub-Saharan Africa,Low income,Rwanda,DHS,2020,,1,Religion & Sex & Wealth,Male,,Quintile 2,,,No Religion/None,,,,,,,,,,,,,,,,,,,,,,,,,,,,,,,,,,,,,,,,,,,,,,,,,,,,,,,,,,,,,,,,,,,,,,,,,
162368,RWA,Sub-Saharan Africa,Low income,Rwanda,DHS,2020,,1,Religion & Sex & Wealth,Male,,Quintile 2,,,Protestant,,,,0.42399999499321,0.197699993848801,,0.421000003814697,0.0949999988079071,0.0183000005781651,4.79640007019043,,0.254000008106232,0.107799999415874,0.145199999213219,0.473199993371964,61.0,45.0,,138.0,138.0,91.0,45.0,,45.0,181.0,74.0,54.0,,,,,0.0555000007152557,112.0,,,,,0.0,46.0,0.0,46.0,0.0,72.0,0.001300000003539,893.0,0.314399987459183,259.0,0.892400026321411,108.0,,,,,,,,,,,,,,,,,,,,,,,,
162369,RWA,Sub-Saharan Africa,Low income,Rwanda,DHS,2020,,1,Religion & Sex & Wealth,Male,,Quintile 3,,,Adventist,,,,,,,0.558099985122681,0.0939999967813492,0.161200001835823,,,,0.0733999982476234,0.0472000017762184,,,,,52.0,52.0,30.0,,,,57.0,32.0,,,,,,0.0,46.0,,,,,,,,,,,0.0024000001139938,299.0,0.323399990797043,88.0,1.0,42.0,,,,,,,,,,,,,,,,,,,,,,,,
162370,RWA,Sub-Saharan Africa,Low income,Rwanda,DHS,2020,,1,Religion & Sex & Wealth,Male,,Quintile 3,,,Catholic,,,,0.515799999237061,0.199000000953674,0.105599999427795,0.543200016021729,0.125699996948242,0.113799996674061,5.84560012817383,,0.216600000858307,0.0359999984502792,0.0976999998092651,0.456900000572205,83.0,57.0,35.0,190.0,190.0,111.0,66.0,,66.0,143.0,102.0,72.0,,,,,0.0149999996647239,115.0,,,,,0.0538999997079372,45.0,0.0538999997079372,45.0,0.0,51.0,0.0010999999940395,935.0,0.352200001478195,233.0,0.84469997882843,175.0,,,,,,,,,,,,,,,,,,,,,,,,
162371,RWA,Sub-Saharan Africa,Low income,Rwanda,DHS,2020,,1,Religion & Sex & Wealth,Male,,Quintile 3,,,Jehovah's Witness,,,,,,,,,,,,,,,,,,,,,,,,,,,,,,,,,,,,,,,,,,,,,,,,,,,,,,,,,,,,,,,,,,,,,,,,,
162372,RWA,Sub-Saharan Africa,Low income,Rwanda,DHS,2020,,1,Religion & Sex & Wealth,Male,,Quintile 3,,,Muslim,,,,,,,,,,,,,,,,,,,,,,,,,,,,,,,,,,,,,,,,,,,,0.0,32.0,,,,,,,,,,,,,,,,,,,,,,,,,,,,
162373,RWA,Sub-Saharan Africa,Low income,Rwanda,DHS,2020,,1,Religion & Sex & Wealth,Male,,Quintile 3,,,No Religion/None,,,,,,,,,,,,,,,,,,,,,,,,,,,,,,,,,,,,,,,,,,,,0.0,41.0,,,,,,,,,,,,,,,,,,,,,,,,,,,,
162374,RWA,Sub-Saharan Africa,Low income,Rwanda,DHS,2020,,1,Religion & Sex & Wealth,Male,,Quintile 3,,,Protestant,,,,0.521000027656555,0.175400003790855,,0.540199995040894,0.155100002884865,0.0683000013232231,6.29390001296997,,0.112400002777576,0.048200000077486,0.104599997401237,0.390500009059906,65.0,52.0,,146.0,146.0,86.0,46.0,,46.0,202.0,79.0,66.0,,,,,0.0265999995172024,123.0,,,,,0.0,40.0,0.0,40.0,0.0,48.0,0.002199999988079,943.0,0.259200006723404,269.0,0.913100004196167,126.0,,,,,,,,,,,,,,,,,,,,,,,,
162375,RWA,Sub-Saharan Africa,Low income,Rwanda,DHS,2020,,1,Religion & Sex & Wealth,Male,,Quintile 3,,,Traditional,,,,,,,,,,,,,,,,,,,,,,,,,,,,,,,,,,,,,,,,,,,,,,,,,,,,,,,,,,,,,,,,,,,,,,,,,
162376,RWA,Sub-Saharan Africa,Low income,Rwanda,DHS,2020,,1,Religion & Sex & Wealth,Male,,Quintile 4,,,Adventist,,,,,,,0.80620002746582,0.231499999761581,0.286500006914139,,,,0.0986000001430511,,,,,,61.0,61.0,42.0,,,,43.0,,,,,,,0.0219000000506639,37.0,,,,,,,,,,,0.0024999999441206,291.0,0.134700000286102,60.0,0.968699991703033,60.0,,,,,,,,,,,,,,,,,,,,,,,,
162377,RWA,Sub-Saharan Africa,Low income,Rwanda,DHS,2020,,1,Religion & Sex & Wealth,Male,,Quintile 4,,,Catholic,,,,0.734399974346161,0.306699991226196,0.292600005865097,0.733900010585785,0.229000002145767,0.294600009918213,7.34450006484985,,0.125499993562698,0.0178999993950129,0.163100004196167,0.374500006437302,82.0,76.0,59.0,228.0,228.0,147.0,93.0,,93.0,168.0,76.0,101.0,,,,,0.0190999992191792,112.0,,,,,0.0771000012755394,54.0,0.0771000012755394,54.0,0.0727000012993813,68.0,0.0028999999631196,1031.0,0.155000001192093,237.0,0.937900006771088,214.0,,,,,,,,,,,,,,,,,,,,,,,,
162378,RWA,Sub-Saharan Africa,Low income,Rwanda,DHS,2020,,1,Religion & Sex & Wealth,Male,,Quintile 4,,,Jehovah's Witness,,,,,,,,,,,,,,,,,,,,,,,,,,,,,,,,,,,,,,,,,,,,,,,,,,,,,,,,,,,,,,,,,,,,,,,,,
162379,RWA,Sub-Saharan Africa,Low income,Rwanda,DHS,2020,,1,Religion & Sex & Wealth,Male,,Quintile 4,,,Muslim,,,,,,,,,,,,,,,,,,,,,,,,,,,,,,,,,,,,,,,,,,,,0.0,77.0,,,,,,,,,,,,,,,,,,,,,,,,,,,,
162380,RWA,Sub-Saharan Africa,Low income,Rwanda,DHS,2020,,1,Religion & Sex & Wealth,Male,,Quintile 4,,,No Religion/None,,,,,,,,,,,,,,,,,,,,,,,,,,,,,,,,,,,,,,,,,,,,,,,,,,,,,,,,,,,,,,,,,,,,,,,,,
162381,RWA,Sub-Saharan Africa,Low income,Rwanda,DHS,2020,,1,Religion & Sex & Wealth,Male,,Quintile 4,,,Protestant,,,,0.691699981689453,0.259299993515015,,0.723599970340729,0.237399995326996,0.287299990653992,7.69259977340698,,0.0790000036358833,0.0351000018417835,0.103299997746944,0.231499999761581,75.0,50.0,,163.0,163.0,90.0,55.0,,55.0,182.0,95.0,56.0,,,,,0.0291000008583069,124.0,,,,,0.186299994587898,35.0,0.186299994587898,35.0,0.0527999997138977,67.0,0.0010999999940395,941.0,0.177000001072884,256.0,0.931500017642975,147.0,,,,,,,,,,,,,,,,,,,,,,,,
162382,RWA,Sub-Saharan Africa,Low income,Rwanda,DHS,2020,,1,Religion & Sex & Wealth,Male,,Quintile 5,,,Adventist,,,,,,,0.834500014781952,0.505400002002716,0.579999983310699,,,,0.0,0.034400001168251,,,,,56.0,56.0,41.0,,,,41.0,31.0,,,,,,0.0,35.0,,,,,,,,,,,0.0040000001899898,309.0,0.12950000166893,59.0,0.964800000190735,53.0,,,,,,,,,,,,,,,,,,,,,,,,
162383,RWA,Sub-Saharan Africa,Low income,Rwanda,DHS,2020,,1,Religion & Sex & Wealth,Male,,Quintile 5,,,Catholic,,,,0.847299993038177,0.553699970245361,0.467500001192093,0.809899985790253,0.500899970531464,0.53659999370575,9.40299987792969,,0.0799999982118607,0.0263000000268221,0.0232999995350838,0.357600003480911,67.0,67.0,48.0,196.0,196.0,153.0,81.0,,81.0,133.0,53.0,74.0,,,,,0.0,91.0,,,,,0.358900010585785,72.0,0.358900010585785,72.0,0.317999988794327,70.0,0.0178999993950129,882.0,0.089199997484684,168.0,0.973599970340729,184.0,,,,,,,,,,,,,,,,,,,,,,,,
162384,RWA,Sub-Saharan Africa,Low income,Rwanda,DHS,2020,,1,Religion & Sex & Wealth,Male,,Quintile 5,,,Jehovah's Witness,,,,,,,,,,,,,,,,,,,,,,,,,,,,,,,,,,,,,,,,,,,,,,,,,,,,,,,,,,,,,,,,,,,,,,,,,
162385,RWA,Sub-Saharan Africa,Low income,Rwanda,DHS,2020,,1,Religion & Sex & Wealth,Male,,Quintile 5,,,Muslim,,,,,,,,,,,,,,,,,,,,,,,,,,,,,,,,,,,,,,,,,,,,0.016100000590086,99.0,,,,,,,,,,,,,,,,,,,,,,,,,,,,
162386,RWA,Sub-Saharan Africa,Low income,Rwanda,DHS,2020,,1,Religion & Sex & Wealth,Male,,Quintile 5,,,No Religion/None,,,,,,,,,,,,,,,,,,,,,,,,,,,,,,,,,,,,,,,,,,,,0.0305000003427267,32.0,,,,,,,,,,,,,,,,,,,,,,,,,,,,
162387,RWA,Sub-Saharan Africa,Low income,Rwanda,DHS,2020,,1,Religion & Sex & Wealth,Male,,Quintile 5,,,Protestant,,,,0.791400015354156,0.568700015544891,0.569800019264221,0.811200022697449,0.483999997377396,0.501299977302551,9.59589958190918,,0.0640999972820282,0.0177999995648861,0.0671999976038933,0.27590000629425,80.0,75.0,54.0,224.0,224.0,168.0,97.0,,97.0,165.0,74.0,88.0,,,,,0.0269000008702278,109.0,,,,,0.399899989366531,71.0,0.399899989366531,71.0,0.256000012159348,67.0,0.0183000005781651,1066.0,0.0917999967932701,228.0,0.973200023174286,208.0,,,,,,,,,,,,,,,,,,,,,,,,
162388,RWA,Sub-Saharan Africa,Low income,Rwanda,DHS,2020,,1,Religion & Sex & Wealth,Male,,Quintile 5,,,Traditional,,,,,,,,,,,,,,,,,,,,,,,,,,,,,,,,,,,,,,,,,,,,,,,,,,,,,,,,,,,,,,,,,,,,,,,,,
162389,RWA,Sub-Saharan Africa,Low income,Rwanda,DHS,2020,,1,Location & Region & Sex,Female,Rural,,East,,,,,,0.625800013542175,0.303299993276596,0.177100002765656,0.645900011062622,0.210800006985664,0.156900003552437,6.96600008010864,,0.1283999979496,0.0522999987006187,0.10360000282526,0.408600002527237,540.0,390.0,266.0,1291.0,1291.0,916.0,502.0,,502.0,960.0,544.0,430.0,,,,,0.0408000014722347,696.0,,,,,0.0430000014603138,415.0,0.0430000014603138,415.0,0.0379999987781048,399.0,0.0028999999631196,6337.0,0.247099995613098,1443.0,0.921500027179718,1279.0,,,,,,,,,,,,,,,,,,,,,,,,
162390,RWA,Sub-Saharan Africa,Low income,Rwanda,DHS,2020,,1,Location & Region & Sex,Female,Rural,,Kigali,,,,,,0.577099978923798,0.23989999294281,0.263999998569489,0.645900011062622,0.25780001282692,0.255899995565414,7.64190006256104,,0.0974999964237213,0.0292000006884336,0.137600004673004,0.532700002193451,58.0,41.0,33.0,145.0,145.0,118.0,62.0,,62.0,147.0,62.0,48.0,,,,,0.0283000003546476,92.0,,,,,0.0531999990344048,56.0,0.0531999990344048,56.0,0.065200001001358,70.0,0.0027999999001622,842.0,0.156900003552437,187.0,0.937699973583221,145.0,,,,,,,,,,,,,,,,,,,,,,,,
162391,RWA,Sub-Saharan Africa,Low income,Rwanda,DHS,2020,,1,Location & Region & Sex,Female,Rural,,North,,,,,,0.621500015258789,0.25110000371933,0.125,0.630900025367737,0.204600006341934,0.12950000166893,6.67080020904541,,0.122400000691414,0.0388999991118908,0.133900001645088,0.574400007724762,275.0,220.0,204.0,756.0,756.0,570.0,322.0,,322.0,562.0,284.0,270.0,,,,,0.0146000003442168,392.0,,,,,0.0217000003904104,248.0,0.0217000003904104,248.0,0.0361000001430511,288.0,0.0006999999750405,3907.0,0.202099993824959,823.0,0.919700026512146,752.0,,,,,,,,,,,,,,,,,,,,,,,,
162392,RWA,Sub-Saharan Africa,Low income,Rwanda,DHS,2020,,1,Location & Region & Sex,Female,Rural,,South,,,,,,0.67739999294281,0.316900014877319,0.110100001096725,0.643100023269653,0.208199992775917,0.12950000166893,6.39680004119873,,0.165500000119209,0.0518000014126301,0.109099999070168,0.424199998378754,444.0,326.0,289.0,1135.0,1135.0,873.0,470.0,,470.0,990.0,531.0,371.0,,,,,0.0217000003904104,728.0,,,,,0.0417999997735023,403.0,0.0417999997735023,403.0,0.02280000038445,405.0,0.0012000000569969,6538.0,0.201900005340576,1347.0,0.92059999704361,1119.0,,,,,,,,,,,,,,,,,,,,,,,,
162393,RWA,Sub-Saharan Africa,Low income,Rwanda,DHS,2020,,1,Location & Region & Sex,Female,Rural,,West,,,,,,0.655799984931946,0.243599995970726,0.1807000041008,0.64190000295639,0.209800004959106,0.143900007009506,6.61289978027344,,0.152500003576279,0.0763999968767166,0.158999994397163,0.476700007915497,430.0,251.0,254.0,1018.0,1018.0,783.0,418.0,,418.0,903.0,435.0,337.0,,,,,0.0340999998152256,637.0,,,,,0.016100000590086,365.0,0.016100000590086,365.0,0.0353999994695187,393.0,0.00179999996908,5745.0,0.196799993515015,1200.0,0.904399991035461,1011.0,,,,,,,,,,,,,,,,,,,,,,,,
162394,RWA,Sub-Saharan Africa,Low income,Rwanda,DHS,2020,,1,Location & Region & Sex,Female,Urban,,East,,,,,,0.79830002784729,0.39190000295639,0.268999993801117,0.790799975395203,0.379000008106232,0.347400009632111,8.07619953155518,,0.0617999993264675,0.0397000014781952,0.0961999967694283,0.354299992322922,68.0,78.0,38.0,198.0,198.0,145.0,74.0,,74.0,119.0,71.0,68.0,,,,,0.0406000018119812,88.0,,,,,0.107299998402596,71.0,0.107299998402596,71.0,0.221399992704391,70.0,0.0082999998703599,881.0,0.150199994444847,161.0,0.957199990749359,197.0,,,,,,,,,,,,,,,,,,,,,,,,
162395,RWA,Sub-Saharan Africa,Low income,Rwanda,DHS,2020,,1,Location & Region & Sex,Female,Urban,,Kigali,,,,,,0.83490002155304,0.474299997091293,0.469199985265732,0.836600005626678,0.479499995708466,0.430299997329712,9.32310009002686,,0.0636999979615211,0.0166999995708466,0.0813999995589256,0.423000007867813,162.0,190.0,199.0,617.0,617.0,597.0,334.0,,334.0,284.0,137.0,165.0,,,,,0.0165999997407198,191.0,,,,,0.287299990653992,263.0,0.287299990653992,263.0,0.240199998021126,260.0,0.0215000007301569,2526.0,0.105800002813339,363.0,0.965099990367889,613.0,,,,,,,,,,,,,,,,,,,,,,,,
162396,RWA,Sub-Saharan Africa,Low income,Rwanda,DHS,2020,,1,Location & Region & Sex,Female,Urban,,North,,,,,,0.752399981021881,0.511600017547607,0.474200010299683,0.786700010299683,0.483799993991852,0.365399986505508,8.98330020904541,,0.0860000029206276,0.0186000000685453,0.17569999396801,0.625599980354309,50.0,63.0,36.0,157.0,157.0,131.0,66.0,,66.0,103.0,42.0,47.0,,,,,0.0236000008881092,67.0,,,,,0.142399996519089,65.0,0.142399996519089,65.0,0.177200004458427,66.0,0.0269000008702278,721.0,0.0826999992132187,125.0,0.94650000333786,152.0,,,,,,,,,,,,,,,,,,,,,,,,
162397,RWA,Sub-Saharan Africa,Low income,Rwanda,DHS,2020,,1,Location & Region & Sex,Female,Urban,,South,,,,,,0.866900026798248,0.32039999961853,0.32370001077652,0.817600011825562,0.33270001411438,0.355699986219406,8.48289966583252,,0.0350000001490116,0.0485999993979931,0.0728000029921532,0.487399995326996,79.0,66.0,47.0,208.0,208.0,156.0,79.0,,79.0,130.0,74.0,84.0,,,,,0.0168999992311001,84.0,,,,,0.157900005578995,77.0,0.157900005578995,77.0,0.191300004720688,77.0,0.0093000000342726,973.0,0.0995000004768372,179.0,0.981000006198883,208.0,,,,,,,,,,,,,,,,,,,,,,,,
162398,RWA,Sub-Saharan Africa,Low income,Rwanda,DHS,2020,,1,Location & Region & Sex,Female,Urban,,West,,,,,,0.707300007343292,0.360599994659424,0.28549998998642,0.761900007724762,0.411199986934662,0.326700001955032,8.58450031280518,,0.0571999996900558,0.0244999993592501,0.207499995827675,0.383899986743927,85.0,83.0,77.0,266.0,266.0,232.0,123.0,,123.0,182.0,85.0,83.0,,,,,0.0071999998763203,137.0,,,,,0.211300000548363,109.0,0.211300000548363,109.0,0.191899999976158,91.0,0.0049000000581145,1301.0,0.149100005626678,248.0,0.965799987316132,263.0,,,,,,,,,,,,,,,,,,,,,,,,
162399,RWA,Sub-Saharan Africa,Low income,Rwanda,DHS,2020,,1,Location & Region & Sex,Male,Rural,,East,,,,,,0.476799994707108,0.222800001502037,0.141499996185303,0.509299993515015,0.17059999704361,0.129999995231628,6.0560998916626,,0.246800005435944,0.0762000009417534,0.105599999427795,0.375099986791611,444.0,335.0,210.0,1065.0,1065.0,709.0,406.0,,406.0,968.0,501.0,409.0,,,,,0.0425000004470348,688.0,,,,,0.0467000007629395,303.0,0.0467000007629395,303.0,0.0590999983251095,315.0,0.0007999999797903,5616.0,0.326299995183945,1466.0,0.896399974822998,611.0,,,,,,,,,,,,,,,,,,,,,,,,
162400,RWA,Sub-Saharan Africa,Low income,Rwanda,DHS,2020,,1,Location & Region & Sex,Male,Rural,,Kigali,,,,,,0.517099976539612,0.233300000429153,,0.574599981307983,0.19200000166893,0.216999992728233,6.53700017929077,,0.140400007367134,0.0962999984622002,0.13230000436306,0.617500007152557,50.0,52.0,,129.0,129.0,104.0,48.0,,48.0,150.0,44.0,54.0,,,,,0.0296000000089407,97.0,,,,,0.093699999153614,56.0,0.093699999153614,56.0,0.115000002086163,55.0,0.003400000045076,820.0,0.195500001311302,181.0,0.971199989318848,74.0,,,,,,,,,,,,,,,,,,,,,,,,
162401,RWA,Sub-Saharan Africa,Low income,Rwanda,DHS,2020,,1,Location & Region & Sex,Male,Rural,,North,,,,,,0.538500010967255,0.200599998235703,0.131300002336502,0.522599995136261,0.152199998497963,0.138899996876717,5.95489978790283,,0.192100003361702,0.0472999997437,0.177000001072884,0.522300004959106,277.0,180.0,156.0,654.0,654.0,441.0,247.0,,247.0,597.0,295.0,244.0,,,,,0.0335999988019466,423.0,,,,,0.0518999993801117,194.0,0.0518999993801117,194.0,0.0432999990880489,241.0,0.00179999996908,3507.0,0.260300010442734,889.0,0.880599975585938,368.0,,,,,,,,,,,,,,,,,,,,,,,,
162402,RWA,Sub-Saharan Africa,Low income,Rwanda,DHS,2020,,1,Location & Region & Sex,Male,Rural,,South,,,,,,0.530399978160858,0.217099994421005,0.109399996697903,0.542699992656708,0.151399999856949,0.113099999725819,5.9355001449585,,0.229800000786781,0.0794000029563904,0.125799998641014,0.433699995279312,458.0,320.0,212.0,1046.0,1046.0,665.0,364.0,,364.0,1041.0,493.0,395.0,,,,,0.0485999993979931,729.0,,,,,0.0636999979615211,301.0,0.0636999979615211,301.0,0.0522999987006187,333.0,0.0006999999750405,5715.0,0.265799999237061,1440.0,0.922999978065491,605.0,,,,,,,,,,,,,,,,,,,,,,,,
162403,RWA,Sub-Saharan Africa,Low income,Rwanda,DHS,2020,,1,Location & Region & Sex,Male,Rural,,West,,,,,,0.623799979686737,0.258100003004074,0.117600001394749,0.605400025844574,0.166500002145767,0.160199999809265,6.16680002212524,,0.207300007343292,0.103399999439716,0.168699994683266,0.470800012350082,399.0,273.0,175.0,914.0,914.0,600.0,324.0,,324.0,934.0,450.0,338.0,,,,,0.0304000005125999,626.0,,,,,0.032200001180172,276.0,0.032200001180172,276.0,0.0710000023245811,306.0,0.001300000003539,4985.0,0.253699988126755,1222.0,0.907299995422363,565.0,,,,,,,,,,,,,,,,,,,,,,,,
162404,RWA,Sub-Saharan Africa,Low income,Rwanda,DHS,2020,,1,Location & Region & Sex,Male,Urban,,East,,,,,,0.704599976539612,0.509899973869324,0.192499995231628,0.693899989128113,0.358999997377396,0.288599997758865,7.5246000289917,,0.213300004601479,0.0732999965548515,0.0214000009000301,0.335099995136261,65.0,53.0,33.0,162.0,162.0,120.0,64.0,,64.0,128.0,62.0,59.0,,,,,0.029899999499321,72.0,,,,,0.156299993395805,56.0,0.156299993395805,56.0,0.123000003397465,46.0,0.0063000000081956,762.0,0.227500006556511,164.0,0.980700016021729,107.0,,,,,,,,,,,,,,,,,,,,,,,,
162405,RWA,Sub-Saharan Africa,Low income,Rwanda,DHS,2020,,1,Location & Region & Sex,Male,Urban,,Kigali,,,,,,0.858799993991852,0.523699998855591,0.434399992227554,0.847400009632111,0.540199995040894,0.508300006389618,9.35540008544922,,0.0540999993681908,0.0350000001490116,0.0368000008165836,0.202999994158745,114.0,143.0,147.0,455.0,455.0,472.0,259.0,,259.0,255.0,94.0,126.0,,,,,0.0465000011026859,146.0,,,,,0.29339998960495,213.0,0.29339998960495,213.0,0.218700006604195,201.0,0.0204000007361174,2144.0,0.0957000032067299,333.0,0.984799981117249,357.0,,,,,,,,,,,,,,,,,,,,,,,,
162406,RWA,Sub-Saharan Africa,Low income,Rwanda,DHS,2020,,1,Location & Region & Sex,Male,Urban,,North,,,,,,0.735300004482269,0.468899995088577,0.670899987220764,0.752799987792969,0.505699992179871,0.537500023841858,9.71679973602295,,0.136199995875359,0.0129000004380941,0.153300002217293,0.235699996352196,49.0,38.0,36.0,134.0,134.0,112.0,60.0,,60.0,87.0,51.0,47.0,,,,,0.013399999588728,55.0,,,,,0.296999990940094,52.0,0.296999990940094,52.0,0.163200005888939,56.0,0.0384999997913837,652.0,0.186100006103516,131.0,0.955900013446808,94.0,,,,,,,,,,,,,,,,,,,,,,,,
162407,RWA,Sub-Saharan Africa,Low income,Rwanda,DHS,2020,,1,Location & Region & Sex,Male,Urban,,South,,,,,,0.771099984645844,0.360900014638901,0.389499992132187,0.731199979782104,0.36039999127388,0.337900012731552,8.57120037078857,,0.0716999992728233,0.0326999984681606,0.0895000025629997,0.322499990463257,57.0,47.0,34.0,153.0,153.0,107.0,64.0,,64.0,135.0,59.0,50.0,,,,,0.0,88.0,,,,,0.17569999396801,43.0,0.17569999396801,43.0,0.375600010156631,73.0,0.0194000005722046,830.0,0.186499997973442,188.0,0.997399985790253,99.0,,,,,,,,,,,,,,,,,,,,,,,,
162408,RWA,Sub-Saharan Africa,Low income,Rwanda,DHS,2020,,1,Location & Region & Sex,Male,Urban,,West,,,,,,0.648899972438812,0.455399990081787,0.358399987220764,0.720700025558472,0.34850001335144,0.402599990367889,8.65950012207031,,0.0820999965071678,0.0447999984025955,0.0403000004589558,0.328099995851517,79.0,71.0,48.0,212.0,212.0,159.0,79.0,,79.0,200.0,71.0,80.0,,,,,0.0087999999523162,121.0,,,,,0.14640000462532,80.0,0.14640000462532,80.0,0.131899997591972,70.0,0.0041999998502433,1118.0,0.209700003266335,268.0,0.93639999628067,141.0,,,,,,,,,,,,,,,,,,,,,,,,
162409,RWA,Sub-Saharan Africa,Low income,Rwanda,DHS,2020,,1,Location & Religion & Sex,Female,Rural,,,,Adventist,,,,0.627799987792969,0.345499992370605,0.12559999525547,0.638499975204468,0.245399996638298,0.168799996376038,6.7814998626709,,0.170000001788139,0.0244999993592501,0.116499997675419,0.440400004386902,103.0,66.0,47.0,233.0,233.0,183.0,83.0,,83.0,230.0,107.0,88.0,,,,,0.0091000003740191,160.0,,,,,0.0729999989271164,100.0,0.0729999989271164,100.0,0.0198999997228384,112.0,0.0010000000474974,1331.0,0.186100006103516,325.0,0.921400010585785,231.0,,,,,,,,,,,,,,,,,,,,,,,,
162410,RWA,Sub-Saharan Africa,Low income,Rwanda,DHS,2020,,1,Location & Religion & Sex,Female,Rural,,,,Catholic,,,,0.666000008583069,0.271299988031387,0.128000006079674,0.65039998292923,0.212099999189377,0.120600000023842,6.55179977416992,,0.164199993014336,0.0584999993443489,0.123599998652935,0.45890000462532,337.0,199.0,174.0,765.0,765.0,533.0,293.0,,293.0,673.0,368.0,265.0,,,,,0.022299999371171,503.0,,,,,0.0197000000625849,240.0,0.0197000000625849,240.0,0.0399000011384487,328.0,0.0020000000949949,4121.0,0.191799998283386,932.0,0.923200011253357,763.0,,,,,,,,,,,,,,,,,,,,,,,,
162411,RWA,Sub-Saharan Africa,Low income,Rwanda,DHS,2020,,1,Location & Religion & Sex,Female,Rural,,,,Jehovah's Witness,,,,,,,,,,,,,,,,,,,,,,,,,,,,,,,,,,,,,,,,,,,,0.0,73.0,,,,,,,,,,,,,,,,,,,,,,,,,,,,
162412,RWA,Sub-Saharan Africa,Low income,Rwanda,DHS,2020,,1,Location & Religion & Sex,Female,Rural,,,,Muslim,,,,,,,,,,,,,0.0566999986767769,,,,,,,,,,,,30.0,,,,,,,,,,,,,,,,,,,0.0,160.0,0.311599999666214,43.0,,,,,,,,,,,,,,,,,,,,,,,,,,
162413,RWA,Sub-Saharan Africa,Low income,Rwanda,DHS,2020,,1,Location & Religion & Sex,Female,Rural,,,,No Religion/None,,,,,,,,,,,,,,,,,,,,,,,,,,,,,,,,,,,,,,,,,,,,0.0,169.0,0.348899990320206,37.0,,,,,,,,,,,,,,,,,,,,,,,,,,
162414,RWA,Sub-Saharan Africa,Low income,Rwanda,DHS,2020,,1,Location & Religion & Sex,Female,Rural,,,,Protestant,,,,0.611299991607666,0.209399998188019,0.152999997138977,0.643599987030029,0.16609999537468,0.117299996316433,6.730299949646,,0.140699997544289,0.0650999993085861,0.169599995017052,0.503000020980835,337.0,209.0,169.0,776.0,776.0,589.0,301.0,,301.0,735.0,368.0,276.0,,,,,0.0529999993741512,525.0,,,,,0.0285000000149012,289.0,0.0285000000149012,289.0,0.0295000001788139,350.0,0.001300000003539,4351.0,0.245900005102158,1027.0,0.90149998664856,770.0,,,,,,,,,,,,,,,,,,,,,,,,
162415,RWA,Sub-Saharan Africa,Low income,Rwanda,DHS,2020,,1,Location & Religion & Sex,Female,Rural,,,,Traditional,,,,,,,,,,,,,,,,,,,,,,,,,,,,,,,,,,,,,,,,,,,,,,,,,,,,,,,,,,,,,,,,,,,,,,,,,
162416,RWA,Sub-Saharan Africa,Low income,Rwanda,DHS,2020,,1,Location & Religion & Sex,Female,Urban,,,,Adventist,,,,,0.460900008678436,,0.805499970912933,0.539499998092651,0.456499993801117,9.36890029907227,,0.0390000008046627,0.0,,,,33.0,,95.0,95.0,84.0,49.0,,49.0,48.0,,,,,,,0.0406000018119812,31.0,,,,,0.407000005245209,35.0,0.407000005245209,35.0,0.188500002026558,32.0,0.0377000011503696,380.0,0.187800005078316,71.0,0.971400022506714,95.0,,,,,,,,,,,,,,,,,,,,,,,,
162417,RWA,Sub-Saharan Africa,Low income,Rwanda,DHS,2020,,1,Location & Religion & Sex,Female,Urban,,,,Catholic,,,,0.760900020599365,0.459399998188019,0.348399996757507,0.816299974918365,0.441700011491776,0.401899993419647,9.01650047302246,,0.0732000023126602,0.0320999994874001,0.0689999982714653,0.499599993228912,79.0,81.0,70.0,248.0,248.0,222.0,104.0,,104.0,176.0,95.0,85.0,,,,,0.0483000017702579,133.0,,,,,0.230399996042252,118.0,0.230399996042252,118.0,0.204199999570847,128.0,0.008899999782443,1200.0,0.109200000762939,219.0,0.973699986934662,244.0,,,,,,,,,,,,,,,,,,,,,,,,
162418,RWA,Sub-Saharan Africa,Low income,Rwanda,DHS,2020,,1,Location & Religion & Sex,Female,Urban,,,,Jehovah's Witness,,,,,,,,,,,,,,,,,,,,,,,,,,,,,,,,,,,,,,,,,,,,,,,,,,,,,,,,,,,,,,,,,,,,,,,,,
162419,RWA,Sub-Saharan Africa,Low income,Rwanda,DHS,2020,,1,Location & Religion & Sex,Female,Urban,,,,Muslim,,,,,,,0.781499981880188,0.421600013971329,0.378800004720688,,,,,,,,,,38.0,38.0,39.0,,,,,,,,,,,,,,,,,,,,,,,0.0233999993652105,150.0,0.175799995660782,33.0,1.0,36.0,,,,,,,,,,,,,,,,,,,,,,,,
162420,RWA,Sub-Saharan Africa,Low income,Rwanda,DHS,2020,,1,Location & Religion & Sex,Female,Urban,,,,No Religion/None,,,,,,,,,,,,,,,,,,,,,,,,,,,,,,,,,,,,,,,,,,,,0.0215000007301569,55.0,,,,,,,,,,,,,,,,,,,,,,,,,,,,
162421,RWA,Sub-Saharan Africa,Low income,Rwanda,DHS,2020,,1,Location & Religion & Sex,Female,Urban,,,,Protestant,,,,0.825299978256226,0.342900007963181,0.427199989557266,0.802299976348877,0.389699995517731,0.350699990987778,8.58689975738525,,0.0640999972820282,0.02280000038445,0.122100003063679,0.411199986934662,119.0,107.0,92.0,345.0,345.0,290.0,155.0,,155.0,179.0,103.0,116.0,,,,,0.0137999998405576,121.0,,,,,0.201800003647804,135.0,0.201800003647804,135.0,0.192800000309944,133.0,0.0147000001743436,1458.0,0.149900004267693,239.0,0.954299986362457,343.0,,,,,,,,,,,,,,,,,,,,,,,,
162422,RWA,Sub-Saharan Africa,Low income,Rwanda,DHS,2020,,1,Location & Religion & Sex,Female,Urban,,,,Traditional,,,,,,,,,,,,,,,,,,,,,,,,,,,,,,,,,,,,,,,,,,,,,,,,,,,,,,,,,,,,,,,,,,,,,,,,,
162423,RWA,Sub-Saharan Africa,Low income,Rwanda,DHS,2020,,1,Location & Religion & Sex,Male,Rural,,,,Adventist,,,,0.592000007629395,0.258399993181229,0.030799999833107,0.574599981307983,0.136399999260902,0.142199993133545,5.08750009536743,,0.317299991846085,0.0785999968647957,0.16159999370575,0.349400013685226,87.0,51.0,35.0,179.0,179.0,120.0,58.0,,58.0,244.0,113.0,67.0,,,,,0.0318000018596649,185.0,,,,,0.0386999994516373,62.0,0.0386999994516373,62.0,0.111299999058247,80.0,0.0006000000284984,1208.0,0.236599996685982,329.0,0.931800007820129,156.0,,,,,,,,,,,,,,,,,,,,,,,,
162424,RWA,Sub-Saharan Africa,Low income,Rwanda,DHS,2020,,1,Location & Religion & Sex,Male,Rural,,,,Catholic,,,,0.581099987030029,0.193000003695488,0.187099993228912,0.560100018978119,0.155699998140335,0.174600005149841,6.1761999130249,,0.236900001764297,0.0742999985814095,0.147900000214577,0.497399985790253,311.0,227.0,150.0,723.0,723.0,424.0,251.0,,251.0,719.0,346.0,291.0,,,,,0.0326999984681606,500.0,,,,,0.0697000026702881,173.0,0.0697000026702881,173.0,0.0478999987244606,228.0,0.001700000022538,3826.0,0.278699994087219,977.0,0.882000029087067,647.0,,,,,,,,,,,,,,,,,,,,,,,,
162425,RWA,Sub-Saharan Africa,Low income,Rwanda,DHS,2020,,1,Location & Religion & Sex,Male,Rural,,,,Jehovah's Witness,,,,,,,,,,,,,,,,,,,,,,,,,,,,,,,,,,,,,,,,,,,,0.0,68.0,,,,,,,,,,,,,,,,,,,,,,,,,,,,
162426,RWA,Sub-Saharan Africa,Low income,Rwanda,DHS,2020,,1,Location & Religion & Sex,Male,Rural,,,,Muslim,,,,,,,,,,,,,,,,,,,,,,,,,,,,,,,,,,,,,,,,,,,,0.0,156.0,0.455000013113022,43.0,,,,,,,,,,,,,,,,,,,,,,,,,,
162427,RWA,Sub-Saharan Africa,Low income,Rwanda,DHS,2020,,1,Location & Religion & Sex,Male,Rural,,,,No Religion/None,,,,,,,,,,,,,0.192200005054474,,,,,,,,,,,,38.0,,,,,,,,,,,,,,,,,,,0.0,184.0,0.259200006723404,56.0,,,,,,,,,,,,,,,,,,,,,,,,,,
162428,RWA,Sub-Saharan Africa,Low income,Rwanda,DHS,2020,,1,Location & Religion & Sex,Male,Rural,,,,Protestant,,,,0.512099981307983,0.214399993419647,0.131500005722046,0.528900027275085,0.156700000166893,0.13570000231266,6.10620021820068,,0.187099993228912,0.0882000029087067,0.138099998235703,0.409500002861023,278.0,195.0,102.0,607.0,607.0,362.0,194.0,,194.0,800.0,358.0,231.0,,,,,0.0456000007688999,512.0,,,,,0.0625,168.0,0.0625,168.0,0.0353999994695187,248.0,0.001300000003539,3793.0,0.265799999237061,1092.0,0.893800020217896,516.0,,,,,,,,,,,,,,,,,,,,,,,,
162429,RWA,Sub-Saharan Africa,Low income,Rwanda,DHS,2020,,1,Location & Religion & Sex,Male,Rural,,,,Traditional,,,,,,,,,,,,,,,,,,,,,,,,,,,,,,,,,,,,,,,,,,,,,,,,,,,,,,,,,,,,,,,,,,,,,,,,,
162430,RWA,Sub-Saharan Africa,Low income,Rwanda,DHS,2020,,1,Location & Religion & Sex,Male,Urban,,,,Adventist,,,,,,,0.840200006961823,0.471500009298325,0.610400021076202,,,,0.0254999995231628,,,,,,66.0,66.0,47.0,,,,36.0,,,,,,,,,,,,,,,,,,,0.0107000004500151,301.0,0.207300007343292,55.0,0.987100005149841,59.0,,,,,,,,,,,,,,,,,,,,,,,,
162431,RWA,Sub-Saharan Africa,Low income,Rwanda,DHS,2020,,1,Location & Religion & Sex,Male,Urban,,,,Catholic,,,,0.767899990081787,0.533699989318848,0.358900010585785,0.773500025272369,0.416700005531311,0.450899988412857,8.62209987640381,,0.0996999964118004,0.0529999993741512,0.122800000011921,0.294699996709824,73.0,66.0,51.0,209.0,209.0,172.0,91.0,,91.0,174.0,63.0,80.0,,,,,0.0156999994069338,111.0,,,,,0.269899994134903,81.0,0.269899994134903,81.0,0.232299998402596,79.0,0.0162000004202127,1031.0,0.127900004386902,228.0,0.967400014400482,184.0,,,,,,,,,,,,,,,,,,,,,,,,
162432,RWA,Sub-Saharan Africa,Low income,Rwanda,DHS,2020,,1,Location & Religion & Sex,Male,Urban,,,,Jehovah's Witness,,,,,,,,,,,,,,,,,,,,,,,,,,,,,,,,,,,,,,,,,,,,,,,,,,,,,,,,,,,,,,,,,,,,,,,,,
162433,RWA,Sub-Saharan Africa,Low income,Rwanda,DHS,2020,,1,Location & Religion & Sex,Male,Urban,,,,Muslim,,,,,,,,,,,,,,,,,,,,,,,,,,,,,,,,,,,,,,,,,,,,0.0137000000104308,130.0,,,,,,,,,,,,,,,,,,,,,,,,,,,,
162434,RWA,Sub-Saharan Africa,Low income,Rwanda,DHS,2020,,1,Location & Religion & Sex,Male,Urban,,,,No Religion/None,,,,,,,,,,,,,,,,,,,,,,,,,,,,,,,,,,,,,,,,,,,,0.0226000007241964,43.0,,,,,,,,,,,,,,,,,,,,,,,,,,,,
162435,RWA,Sub-Saharan Africa,Low income,Rwanda,DHS,2020,,1,Location & Religion & Sex,Male,Urban,,,,Protestant,,,,0.766600012779236,0.513300001621246,0.475699990987778,0.7810999751091,0.469500005245209,0.42179998755455,9.19260025024414,,0.0926000028848648,0.0346999987959862,0.0377000011503696,0.203899994492531,74.0,73.0,61.0,225.0,225.0,177.0,104.0,,104.0,189.0,76.0,82.0,,,,,0.035300001502037,118.0,,,,,0.356900006532669,73.0,0.356900006532669,73.0,0.204099997878075,68.0,0.0195000004023314,1114.0,0.144899994134903,254.0,0.959399998188019,194.0,,,,,,,,,,,,,,,,,,,,,,,,
162436,RWA,Sub-Saharan Africa,Low income,Rwanda,DHS,2020,,1,Location & Religion & Sex,Male,Urban,,,,Traditional,,,,,,,,,,,,,,,,,,,,,,,,,,,,,,,,,,,,,,,,,,,,,,,,,,,,,,,,,,,,,,,,,,,,,,,,,
162437,RWA,Sub-Saharan Africa,Low income,Rwanda,DHS,2020,,1,Region & Religion & Sex,Female,,,East,,Adventist,,,,0.659200012683868,,,0.676800012588501,0.295899987220764,0.204199999570847,7.72459983825684,,0.157000005245209,0.0,0.0837000012397766,,34.0,,,84.0,84.0,62.0,31.0,,31.0,62.0,34.0,,,,,,0.0,49.0,,,,,0.0344999991357327,31.0,0.0344999991357327,31.0,,,0.0054999999701976,384.0,0.232400000095367,95.0,0.941999971866608,83.0,,,,,,,,,,,,,,,,,,,,,,,,
162438,RWA,Sub-Saharan Africa,Low income,Rwanda,DHS,2020,,1,Region & Religion & Sex,Female,,,East,,Catholic,,,,0.727199971675873,0.299600005149841,0.121500000357628,0.692900002002716,0.217899993062019,0.12219999730587,6.49709987640381,,0.162400007247925,0.0798999965190887,0.11259999871254,0.384900003671646,111.0,74.0,43.0,241.0,241.0,140.0,74.0,,74.0,182.0,111.0,93.0,,,,,0.030799999833107,143.0,,,,,0.0366999991238117,66.0,0.0366999991238117,66.0,0.0192000009119511,70.0,0.0046000001020729,1103.0,0.223100006580353,260.0,0.918900012969971,239.0,,,,,,,,,,,,,,,,,,,,,,,,
162439,RWA,Sub-Saharan Africa,Low income,Rwanda,DHS,2020,,1,Region & Religion & Sex,Female,,,East,,Jehovah's Witness,,,,,,,,,,,,,,,,,,,,,,,,,,,,,,,,,,,,,,,,,,,,0.0,39.0,,,,,,,,,,,,,,,,,,,,,,,,,,,,
162440,RWA,Sub-Saharan Africa,Low income,Rwanda,DHS,2020,,1,Region & Religion & Sex,Female,,,East,,Muslim,,,,,,,,,,,,,,,,,,,,,,,,,,,,,,,,,,,,,,,,,,,,0.0,112.0,,,,,,,,,,,,,,,,,,,,,,,,,,,,
162441,RWA,Sub-Saharan Africa,Low income,Rwanda,DHS,2020,,1,Region & Religion & Sex,Female,,,East,,No Religion/None,,,,,,,,,,,,,,,,,,,,,,,,,,,,,,,,,,,,,,,,,,,,0.0,78.0,,,,,,,,,,,,,,,,,,,,,,,,,,,,
162442,RWA,Sub-Saharan Africa,Low income,Rwanda,DHS,2020,,1,Region & Religion & Sex,Female,,,East,,Protestant,,,,0.619799971580505,0.218600004911423,0.179199993610382,0.678799986839294,0.204099997878075,0.153600007295609,7.37260007858276,,0.102399997413158,0.0540000014007092,0.125799998641014,0.460500001907349,136.0,94.0,59.0,315.0,315.0,244.0,126.0,,126.0,263.0,136.0,117.0,,,,,0.0766000002622604,187.0,,,,,0.0687000006437302,119.0,0.0687000006437302,119.0,0.0732999965548515,137.0,0.0024000001139938,1619.0,0.255499988794327,382.0,0.919799983501434,314.0,,,,,,,,,,,,,,,,,,,,,,,,
162443,RWA,Sub-Saharan Africa,Low income,Rwanda,DHS,2020,,1,Region & Religion & Sex,Female,,,East,,Traditional,,,,,,,,,,,,,,,,,,,,,,,,,,,,,,,,,,,,,,,,,,,,,,,,,,,,,,,,,,,,,,,,,,,,,,,,,
162444,RWA,Sub-Saharan Africa,Low income,Rwanda,DHS,2020,,1,Region & Religion & Sex,Female,,,Kigali,,Adventist,,,,,,,0.758499979972839,0.515999972820282,0.479600012302399,,,,,,,,,,36.0,36.0,38.0,,,,,,,,,,,,,,,,,,,,,,,0.0443000011146069,157.0,,,0.888199985027313,36.0,,,,,,,,,,,,,,,,,,,,,,,,
162445,RWA,Sub-Saharan Africa,Low income,Rwanda,DHS,2020,,1,Region & Religion & Sex,Female,,,Kigali,,Catholic,,,,0.685999989509583,,0.308400005102158,0.767099976539612,0.436300009489059,0.386700004339218,8.94159984588623,,0.0935999974608421,0.0227000005543232,0.102200001478195,0.488499999046326,43.0,,41.0,127.0,127.0,124.0,62.0,,62.0,94.0,44.0,42.0,,,,,0.0458999983966351,62.0,,,,,0.219500005245209,62.0,0.219500005245209,62.0,0.154599994421005,76.0,0.0015000000130385,612.0,0.123000003397465,114.0,0.988200008869171,127.0,,,,,,,,,,,,,,,,,,,,,,,,
162446,RWA,Sub-Saharan Africa,Low income,Rwanda,DHS,2020,,1,Region & Religion & Sex,Female,,,Kigali,,Jehovah's Witness,,,,,,,,,,,,,,,,,,,,,,,,,,,,,,,,,,,,,,,,,,,,,,,,,,,,,,,,,,,,,,,,,,,,,,,,,
162447,RWA,Sub-Saharan Africa,Low income,Rwanda,DHS,2020,,1,Region & Religion & Sex,Female,,,Kigali,,Muslim,,,,,,,,,,,,,,,,,,,,,,,,,,,,,,,,,,,,,,,,,,,,0.0214000009000301,86.0,,,,,,,,,,,,,,,,,,,,,,,,,,,,
162448,RWA,Sub-Saharan Africa,Low income,Rwanda,DHS,2020,,1,Region & Religion & Sex,Female,,,Kigali,,No Religion/None,,,,,,,,,,,,,,,,,,,,,,,,,,,,,,,,,,,,,,,,,,,,0.0296999998390675,31.0,,,,,,,,,,,,,,,,,,,,,,,,,,,,
162449,RWA,Sub-Saharan Africa,Low income,Rwanda,DHS,2020,,1,Region & Religion & Sex,Female,,,Kigali,,Protestant,,,,0.809099972248077,0.361699998378754,0.440400004386902,0.794799983501434,0.381900012493134,0.322899997234344,8.42640018463135,,0.0780000016093254,0.0148999998345971,0.13230000436306,0.391200006008148,58.0,64.0,64.0,205.0,205.0,187.0,107.0,,107.0,104.0,63.0,52.0,,,,,0.0203000009059906,73.0,,,,,0.186299994587898,80.0,0.186299994587898,80.0,0.156000003218651,89.0,0.0137000000104308,863.0,0.180999994277954,142.0,0.953999996185303,204.0,,,,,,,,,,,,,,,,,,,,,,,,
162450,RWA,Sub-Saharan Africa,Low income,Rwanda,DHS,2020,,1,Region & Religion & Sex,Female,,,North,,Adventist,,,,,,,0.744300007820129,0.456499993801117,0.248500004410744,,,,0.0,,,,,,49.0,49.0,44.0,,,,45.0,,,,,,,,,,,,,,,,,,,0.0041000000201165,254.0,0.215000003576279,62.0,0.954699993133545,49.0,,,,,,,,,,,,,,,,,,,,,,,,
162451,RWA,Sub-Saharan Africa,Low income,Rwanda,DHS,2020,,1,Region & Religion & Sex,Female,,,North,,Catholic,,,,0.66540002822876,0.377999991178513,0.252000004053116,0.678099989891052,0.266400009393692,0.182099997997284,7.27769994735718,,0.0930999964475632,0.0142000000923872,0.128600001335144,0.62830001115799,64.0,52.0,51.0,183.0,183.0,155.0,84.0,,84.0,163.0,90.0,56.0,,,,,0.0,129.0,,,,,0.0201999992132187,71.0,0.0201999992132187,71.0,0.0540000014007092,119.0,0.0059000002220273,1074.0,0.174899995326996,238.0,0.933799982070923,180.0,,,,,,,,,,,,,,,,,,,,,,,,
162452,RWA,Sub-Saharan Africa,Low income,Rwanda,DHS,2020,,1,Region & Religion & Sex,Female,,,North,,Jehovah's Witness,,,,,,,,,,,,,,,,,,,,,,,,,,,,,,,,,,,,,,,,,,,,,,,,,,,,,,,,,,,,,,,,,,,,,,,,,
162453,RWA,Sub-Saharan Africa,Low income,Rwanda,DHS,2020,,1,Region & Religion & Sex,Female,,,North,,Muslim,,,,,,,,,,,,,,,,,,,,,,,,,,,,,,,,,,,,,,,,,,,,,,,,,,,,,,,,,,,,,,,,,,,,,,,,,
162454,RWA,Sub-Saharan Africa,Low income,Rwanda,DHS,2020,,1,Region & Religion & Sex,Female,,,North,,No Religion/None,,,,,,,,,,,,,,,,,,,,,,,,,,,,,,,,,,,,,,,,,,,,,,,,,,,,,,,,,,,,,,,,,,,,,,,,,
162455,RWA,Sub-Saharan Africa,Low income,Rwanda,DHS,2020,,1,Region & Religion & Sex,Female,,,North,,Protestant,,,,0.558300018310547,0.181999996304512,0.237100005149841,0.585399985313416,0.201299995183945,0.199399992823601,7.05889987945557,,0.144500002264977,0.0665000006556511,0.152899995446205,0.642000019550323,64.0,35.0,41.0,154.0,154.0,110.0,64.0,,64.0,102.0,61.0,57.0,,,,,0.0295000001788139,72.0,,,,,0.0425999984145164,46.0,0.0425999984145164,46.0,0.0233999993652105,44.0,0.0062000001780688,700.0,0.266299992799759,150.0,0.865599989891052,154.0,,,,,,,,,,,,,,,,,,,,,,,,
162456,RWA,Sub-Saharan Africa,Low income,Rwanda,DHS,2020,,1,Region & Religion & Sex,Female,,,South,,Adventist,,,,0.66839998960495,,,0.648599982261658,0.250999987125397,0.0746000036597252,,,,0.0551999993622303,0.130500003695488,0.472000002861023,39.0,,,81.0,81.0,60.0,,,,77.0,37.0,34.0,,,,,0.0335999988019466,52.0,,,,,0.0340999998152256,33.0,0.0340999998152256,33.0,0.0220999997109175,40.0,0.0,479.0,0.143500000238419,105.0,0.91540002822876,80.0,,,,,,,,,,,,,,,,,,,,,,,,
162457,RWA,Sub-Saharan Africa,Low income,Rwanda,DHS,2020,,1,Region & Religion & Sex,Female,,,South,,Catholic,,,,0.668299973011017,0.322800010442734,0.091499999165535,0.659200012683868,0.204600006341934,0.126300007104874,6.17070007324219,,0.157299995422363,0.0483000017702579,0.0966999977827072,0.384600013494492,112.0,72.0,55.0,252.0,252.0,183.0,89.0,,89.0,222.0,130.0,88.0,,,,,0.0286999996751547,161.0,,,,,0.0445000007748604,94.0,0.0445000007748604,94.0,0.0432999990880489,112.0,0.0023000000510364,1417.0,0.206000000238419,300.0,0.926599979400635,252.0,,,,,,,,,,,,,,,,,,,,,,,,
162458,RWA,Sub-Saharan Africa,Low income,Rwanda,DHS,2020,,1,Region & Religion & Sex,Female,,,South,,Jehovah's Witness,,,,,,,,,,,,,,,,,,,,,,,,,,,,,,,,,,,,,,,,,,,,,,,,,,,,,,,,,,,,,,,,,,,,,,,,,
162459,RWA,Sub-Saharan Africa,Low income,Rwanda,DHS,2020,,1,Region & Religion & Sex,Female,,,South,,Muslim,,,,,,,,,,,,,,,,,,,,,,,,,,,,,,,,,,,,,,,,,,,,0.0,47.0,,,,,,,,,,,,,,,,,,,,,,,,,,,,
162460,RWA,Sub-Saharan Africa,Low income,Rwanda,DHS,2020,,1,Region & Religion & Sex,Female,,,South,,No Religion/None,,,,,,,,,,,,,,,,,,,,,,,,,,,,,,,,,,,,,,,,,,,,0.0,38.0,,,,,,,,,,,,,,,,,,,,,,,,,,,,
162461,RWA,Sub-Saharan Africa,Low income,Rwanda,DHS,2020,,1,Region & Religion & Sex,Female,,,South,,Protestant,,,,0.67849999666214,0.168999999761581,0.048700001090765,0.66049998998642,0.122000001370907,0.0913999974727631,6.19449996948242,,0.16159999370575,0.0531000010669231,0.164700001478195,0.419699996709824,73.0,42.0,39.0,163.0,163.0,132.0,60.0,,60.0,190.0,85.0,58.0,,,,,0.0346000008285046,128.0,,,,,0.0631000027060509,72.0,0.0631000027060509,72.0,0.0118000004440546,94.0,0.0,1067.0,0.19990000128746,254.0,0.913100004196167,159.0,,,,,,,,,,,,,,,,,,,,,,,,
162462,RWA,Sub-Saharan Africa,Low income,Rwanda,DHS,2020,,1,Region & Religion & Sex,Female,,,West,,Adventist,,,,0.645500004291534,,,0.621900022029877,0.196799993515015,0.26800000667572,6.52850008010864,,0.121500000357628,0.0286999996751547,0.124600000679493,,34.0,,,78.0,78.0,63.0,30.0,,30.0,73.0,34.0,,,,,,0.0,47.0,,,,,0.170000001788139,33.0,0.170000001788139,33.0,0.0274999998509884,44.0,0.0024000001139938,437.0,0.166500002145767,106.0,0.95440000295639,78.0,,,,,,,,,,,,,,,,,,,,,,,,
162463,RWA,Sub-Saharan Africa,Low income,Rwanda,DHS,2020,,1,Region & Religion & Sex,Female,,,West,,Catholic,,,,0.630900025367737,0.170699998736382,0.154100000858307,0.644900023937225,0.234500005841255,0.154100000858307,6.93450021743774,,0.198699995875359,0.0868000015616417,0.140599995851517,0.551100015640259,86.0,53.0,54.0,210.0,210.0,153.0,88.0,,88.0,188.0,88.0,71.0,,,,,0.034400001168251,141.0,,,,,0.063400000333786,65.0,0.063400000333786,65.0,0.139699995517731,79.0,0.0010999999940395,1115.0,0.13289999961853,239.0,0.919200003147125,209.0,,,,,,,,,,,,,,,,,,,,,,,,
162464,RWA,Sub-Saharan Africa,Low income,Rwanda,DHS,2020,,1,Region & Religion & Sex,Female,,,West,,Jehovah's Witness,,,,,,,,,,,,,,,,,,,,,,,,,,,,,,,,,,,,,,,,,,,,,,,,,,,,,,,,,,,,,,,,,,,,,,,,,
162465,RWA,Sub-Saharan Africa,Low income,Rwanda,DHS,2020,,1,Region & Religion & Sex,Female,,,West,,Muslim,,,,,,,,,,,,,,,,,,,,,,,,,,,,,,,,,,,,,,,,,,,,0.0205000005662441,54.0,,,,,,,,,,,,,,,,,,,,,,,,,,,,
162466,RWA,Sub-Saharan Africa,Low income,Rwanda,DHS,2020,,1,Region & Religion & Sex,Female,,,West,,No Religion/None,,,,,,,,,,,,,,,,,,,,,,,,,,,,,,,,,,,,,,,,,,,,0.0,51.0,,,,,,,,,,,,,,,,,,,,,,,,,,,,
162467,RWA,Sub-Saharan Africa,Low income,Rwanda,DHS,2020,,1,Region & Religion & Sex,Female,,,West,,Protestant,,,,0.665700018405914,0.24439999461174,0.202099993824959,0.672500014305115,0.18970000743866,0.13680000603199,6.55499982833862,,0.146999999880791,0.0847000032663345,0.216199994087219,0.493499994277954,125.0,81.0,58.0,284.0,284.0,206.0,99.0,,99.0,255.0,126.0,108.0,,,,,0.0406000018119812,186.0,,,,,0.0198999997228384,107.0,0.0198999997228384,107.0,0.0403000004589558,119.0,0.00179999996908,1560.0,0.229200005531311,338.0,0.907100021839142,282.0,,,,,,,,,,,,,,,,,,,,,,,,
162468,RWA,Sub-Saharan Africa,Low income,Rwanda,DHS,2020,,1,Region & Religion & Sex,Male,,,East,,Adventist,,,,0.574299991130829,,,0.598699986934662,0.146599993109703,0.0718000009655952,,,,0.0835999995470047,0.157199993729591,,30.0,,,59.0,59.0,37.0,,,,80.0,39.0,,,,,,0.015599999576807,57.0,,,,,,,,,,,0.0,355.0,0.218999996781349,108.0,0.970200002193451,50.0,,,,,,,,,,,,,,,,,,,,,,,,
162469,RWA,Sub-Saharan Africa,Low income,Rwanda,DHS,2020,,1,Region & Religion & Sex,Male,,,East,,Catholic,,,,0.501699984073639,0.159199997782707,0.215599998831749,0.50110000371933,0.161400005221367,0.200800001621246,5.97879981994629,,0.288800001144409,0.0894000008702278,0.115800000727177,0.454199999570847,81.0,56.0,45.0,195.0,195.0,125.0,78.0,,78.0,175.0,86.0,83.0,,,,,0.0276999995112419,124.0,,,,,0.0852999985218048,47.0,0.0852999985218048,47.0,0.108199998736382,54.0,0.0031000000890344,958.0,0.370099991559982,249.0,0.832599997520447,172.0,,,,,,,,,,,,,,,,,,,,,,,,
162470,RWA,Sub-Saharan Africa,Low income,Rwanda,DHS,2020,,1,Region & Religion & Sex,Male,,,East,,Jehovah's Witness,,,,,,,,,,,,,,,,,,,,,,,,,,,,,,,,,,,,,,,,,,,,,,,,,,,,,,,,,,,,,,,,,,,,,,,,,
162471,RWA,Sub-Saharan Africa,Low income,Rwanda,DHS,2020,,1,Region & Religion & Sex,Male,,,East,,Muslim,,,,,,,,,,,,,,,,,,,,,,,,,,,,,,,,,,,,,,,,,,,,0.0,108.0,,,,,,,,,,,,,,,,,,,,,,,,,,,,
162472,RWA,Sub-Saharan Africa,Low income,Rwanda,DHS,2020,,1,Region & Religion & Sex,Male,,,East,,No Religion/None,,,,,,,,,,,,,,,,,,,,,,,,,,,,,,,,,,,,,,,,,,,,0.0,76.0,,,,,,,,,,,,,,,,,,,,,,,,,,,,
162473,RWA,Sub-Saharan Africa,Low income,Rwanda,DHS,2020,,1,Region & Religion & Sex,Male,,,East,,Protestant,,,,0.511500000953674,0.280000001192093,0.194100007414818,0.537000000476837,0.19760000705719,0.127499997615814,6.41830015182495,,0.176899999380112,0.0553999990224838,0.0754000023007393,0.351000010967255,97.0,72.0,40.0,220.0,220.0,145.0,76.0,,76.0,258.0,123.0,86.0,,,,,0.0412000007927418,157.0,,,,,0.0559000000357628,69.0,0.0559000000357628,69.0,0.0245999991893768,89.0,0.0010000000474974,1368.0,0.280099987983704,381.0,0.905099987983704,190.0,,,,,,,,,,,,,,,,,,,,,,,,
162474,RWA,Sub-Saharan Africa,Low income,Rwanda,DHS,2020,,1,Region & Religion & Sex,Male,,,East,,Traditional,,,,,,,,,,,,,,,,,,,,,,,,,,,,,,,,,,,,,,,,,,,,,,,,,,,,,,,,,,,,,,,,,,,,,,,,,
162475,RWA,Sub-Saharan Africa,Low income,Rwanda,DHS,2020,,1,Region & Religion & Sex,Male,,,Kigali,,Adventist,,,,,,,,,,,,,,,,,,,,,,,,,,,,,,,,,,,,,,,,,,,,0.0083999997004866,129.0,,,,,,,,,,,,,,,,,,,,,,,,,,,,
162476,RWA,Sub-Saharan Africa,Low income,Rwanda,DHS,2020,,1,Region & Religion & Sex,Male,,,Kigali,,Catholic,,,,0.683300018310547,0.529799997806549,,0.770600020885468,0.426499992609024,0.430400013923645,8.74549961090088,,0.0952999964356422,0.0357999987900257,0.118900001049042,0.374799996614456,36.0,37.0,,109.0,109.0,92.0,53.0,,53.0,76.0,35.0,42.0,,,,,0.0305000003427267,53.0,,,,,0.313800007104874,39.0,0.313800007104874,39.0,0.164399996399879,50.0,0.0094999996945262,549.0,0.121699996292591,103.0,0.947499990463257,101.0,,,,,,,,,,,,,,,,,,,,,,,,
162477,RWA,Sub-Saharan Africa,Low income,Rwanda,DHS,2020,,1,Region & Religion & Sex,Male,,,Kigali,,Jehovah's Witness,,,,,,,,,,,,,,,,,,,,,,,,,,,,,,,,,,,,,,,,,,,,,,,,,,,,,,,,,,,,,,,,,,,,,,,,,
162478,RWA,Sub-Saharan Africa,Low income,Rwanda,DHS,2020,,1,Region & Religion & Sex,Male,,,Kigali,,Muslim,,,,,,,,,,,,,,,,,,,,,,,,,,,,,,,,,,,,,,,,,,,,0.0215000007301569,72.0,,,,,,,,,,,,,,,,,,,,,,,,,,,,
162479,RWA,Sub-Saharan Africa,Low income,Rwanda,DHS,2020,,1,Region & Religion & Sex,Male,,,Kigali,,No Religion/None,,,,,,,,,,,,,,,,,,,,,,,,,,,,,,,,,,,,,,,,,,,,,,,,,,,,,,,,,,,,,,,,,,,,,,,,,
162480,RWA,Sub-Saharan Africa,Low income,Rwanda,DHS,2020,,1,Region & Religion & Sex,Male,,,Kigali,,Protestant,,,,0.776400029659271,0.449499994516373,0.495299994945526,0.789799988269806,0.456400007009506,0.442400008440018,9.34239959716797,,0.0463000014424324,0.0789000019431114,0.0496999993920326,0.250099986791611,42.0,52.0,39.0,140.0,140.0,125.0,69.0,,69.0,117.0,38.0,49.0,,,,,0.0478999987244606,73.0,,,,,0.35249999165535,56.0,0.35249999165535,56.0,0.129199996590614,42.0,0.0176999997347593,701.0,0.145899996161461,147.0,0.986800014972687,124.0,,,,,,,,,,,,,,,,,,,,,,,,
162481,RWA,Sub-Saharan Africa,Low income,Rwanda,DHS,2020,,1,Region & Religion & Sex,Male,,,Kigali,,Traditional,,,,,,,,,,,,,,,,,,,,,,,,,,,,,,,,,,,,,,,,,,,,,,,,,,,,,,,,,,,,,,,,,,,,,,,,,
162482,RWA,Sub-Saharan Africa,Low income,Rwanda,DHS,2020,,1,Region & Religion & Sex,Male,,,North,,Adventist,,,,,,,0.586000025272369,0.20440000295639,0.294299989938736,,,,,,,,,,39.0,39.0,31.0,,,,,,,,,,,,,,,,,,,,,,,0.0,212.0,0.346399992704391,53.0,0.888800024986267,36.0,,,,,,,,,,,,,,,,,,,,,,,,
162483,RWA,Sub-Saharan Africa,Low income,Rwanda,DHS,2020,,1,Region & Religion & Sex,Male,,,North,,Catholic,,,,0.625699996948242,0.183799996972084,0.183100000023842,0.574899971485138,0.13570000231266,0.165099993348122,6.41669988632202,,0.187700003385544,0.0377000011503696,0.18019999563694,0.510999977588654,79.0,57.0,34.0,180.0,180.0,101.0,58.0,,58.0,186.0,83.0,69.0,,,,,0.0456000007688999,127.0,,,,,0.0763000026345253,43.0,0.0763000026345253,43.0,0.0194000005722046,80.0,0.0027000000700354,995.0,0.259099990129471,265.0,0.914600014686584,161.0,,,,,,,,,,,,,,,,,,,,,,,,
162484,RWA,Sub-Saharan Africa,Low income,Rwanda,DHS,2020,,1,Region & Religion & Sex,Male,,,North,,Jehovah's Witness,,,,,,,,,,,,,,,,,,,,,,,,,,,,,,,,,,,,,,,,,,,,,,,,,,,,,,,,,,,,,,,,,,,,,,,,,
162485,RWA,Sub-Saharan Africa,Low income,Rwanda,DHS,2020,,1,Region & Religion & Sex,Male,,,North,,Muslim,,,,,,,,,,,,,,,,,,,,,,,,,,,,,,,,,,,,,,,,,,,,,,,,,,,,,,,,,,,,,,,,,,,,,,,,,
162486,RWA,Sub-Saharan Africa,Low income,Rwanda,DHS,2020,,1,Region & Religion & Sex,Male,,,North,,No Religion/None,,,,,,,,,,,,,,,,,,,,,,,,,,,,,,,,,,,,,,,,,,,,0.0,33.0,,,,,,,,,,,,,,,,,,,,,,,,,,,,
162487,RWA,Sub-Saharan Africa,Low income,Rwanda,DHS,2020,,1,Region & Religion & Sex,Male,,,North,,Protestant,,,,0.479200005531311,0.172900006175041,,0.482800006866455,0.203099995851517,0.140000000596046,6.37890005111694,,0.135600000619888,0.0773999989032745,0.193000003695488,0.519400000572205,46.0,33.0,,110.0,110.0,72.0,41.0,,41.0,120.0,57.0,47.0,,,,,0.0,76.0,,,,,0.122400000691414,31.0,0.122400000691414,31.0,0.0306000001728535,35.0,0.0065999999642372,612.0,0.23759999871254,171.0,0.87610000371933,90.0,,,,,,,,,,,,,,,,,,,,,,,,
162488,RWA,Sub-Saharan Africa,Low income,Rwanda,DHS,2020,,1,Region & Religion & Sex,Male,,,South,,Adventist,,,,,,,0.613200008869171,0.121500000357628,0.0297999996691942,,,,0.0608999989926815,0.139200001955032,,,,,54.0,54.0,33.0,,,,85.0,37.0,,,,,,0.0178999993950129,65.0,,,,,,,,,0.0540000014007092,37.0,0.0020000000949949,427.0,0.253899991512299,109.0,0.958199977874756,49.0,,,,,,,,,,,,,,,,,,,,,,,,
162489,RWA,Sub-Saharan Africa,Low income,Rwanda,DHS,2020,,1,Region & Religion & Sex,Male,,,South,,Catholic,,,,0.638800024986267,0.204099997878075,0.147300004959106,0.570299983024597,0.157199993729591,0.16609999537468,5.81360006332397,,0.251599997282028,0.0728999972343445,0.149100005626678,0.538100004196167,101.0,79.0,52.0,240.0,240.0,148.0,82.0,,82.0,257.0,108.0,88.0,,,,,0.0432000011205673,167.0,,,,,0.0603000000119209,66.0,0.0603000000119209,66.0,0.095100000500679,76.0,0.0044999998062849,1340.0,0.24940000474453,329.0,0.898899972438812,210.0,,,,,,,,,,,,,,,,,,,,,,,,
162490,RWA,Sub-Saharan Africa,Low income,Rwanda,DHS,2020,,1,Region & Religion & Sex,Male,,,South,,Jehovah's Witness,,,,,,,,,,,,,,,,,,,,,,,,,,,,,,,,,,,,,,,,,,,,,,,,,,,,,,,,,,,,,,,,,,,,,,,,,
162491,RWA,Sub-Saharan Africa,Low income,Rwanda,DHS,2020,,1,Region & Religion & Sex,Male,,,South,,Muslim,,,,,,,,,,,,,,,,,,,,,,,,,,,,,,,,,,,,,,,,,,,,0.0,44.0,,,,,,,,,,,,,,,,,,,,,,,,,,,,
162492,RWA,Sub-Saharan Africa,Low income,Rwanda,DHS,2020,,1,Region & Religion & Sex,Male,,,South,,No Religion/None,,,,,,,,,,,,,,,,,,,,,,,,,,,,,,,,,,,,,,,,,,,,0.0234999991953373,41.0,,,,,,,,,,,,,,,,,,,,,,,,,,,,
162493,RWA,Sub-Saharan Africa,Low income,Rwanda,DHS,2020,,1,Region & Religion & Sex,Male,,,South,,Protestant,,,,0.373199999332428,0.220200002193451,,0.482600003480911,0.123999997973442,0.14300000667572,6.17759990692139,,0.228499993681908,0.0762000009417534,0.154699996113777,0.39410001039505,64.0,47.0,,140.0,140.0,70.0,37.0,,37.0,194.0,82.0,57.0,,,,,0.0785000026226044,131.0,,,,,0.126599997282028,33.0,0.126599997282028,33.0,0.0684999972581863,62.0,0.0005000000237487,853.0,0.257400006055832,263.0,0.916999995708466,113.0,,,,,,,,,,,,,,,,,,,,,,,,
162494,RWA,Sub-Saharan Africa,Low income,Rwanda,DHS,2020,,1,Region & Religion & Sex,Male,,,West,,Adventist,,,,0.689599990844727,,,0.627699971199036,0.19930000603199,0.345899999141693,,,,0.0790999978780746,0.166400000452995,,32.0,,,65.0,65.0,39.0,,,,71.0,37.0,,,,,,0.0390000008046627,55.0,,,,,,,,,,,0.0031000000890344,386.0,0.166999995708466,93.0,0.911099970340729,54.0,,,,,,,,,,,,,,,,,,,,,,,,
162495,RWA,Sub-Saharan Africa,Low income,Rwanda,DHS,2020,,1,Region & Religion & Sex,Male,,,West,,Catholic,,,,0.636300027370453,0.275099992752075,0.230000004172325,0.643299996852875,0.20890000462532,0.257099986076355,7.14039993286133,,0.163499996066093,0.102099999785423,0.151600003242493,0.428000003099442,87.0,64.0,46.0,208.0,208.0,130.0,71.0,,71.0,199.0,97.0,89.0,,,,,0.0048000002279877,140.0,,,,,0.102799996733665,59.0,0.102799996733665,59.0,0.0803000032901764,47.0,0.002199999988079,1015.0,0.211999997496605,259.0,0.91619998216629,187.0,,,,,,,,,,,,,,,,,,,,,,,,
162496,RWA,Sub-Saharan Africa,Low income,Rwanda,DHS,2020,,1,Region & Religion & Sex,Male,,,West,,Jehovah's Witness,,,,,,,,,,,,,,,,,,,,,,,,,,,,,,,,,,,,,,,,,,,,,,,,,,,,,,,,,,,,,,,,,,,,,,,,,
162497,RWA,Sub-Saharan Africa,Low income,Rwanda,DHS,2020,,1,Region & Religion & Sex,Male,,,West,,Muslim,,,,,,,,,,,,,,,,,,,,,,,,,,,,,,,,,,,,,,,,,,,,0.0,54.0,,,,,,,,,,,,,,,,,,,,,,,,,,,,
162498,RWA,Sub-Saharan Africa,Low income,Rwanda,DHS,2020,,1,Region & Religion & Sex,Male,,,West,,No Religion/None,,,,,,,,,,,,,,,,,,,,,,,,,,,,,,,,,,,,,,,,,,,,0.0,48.0,,,,,,,,,,,,,,,,,,,,,,,,,,,,
162499,RWA,Sub-Saharan Africa,Low income,Rwanda,DHS,2020,,1,Region & Religion & Sex,Male,,,West,,Protestant,,,,0.633899986743927,0.234999999403954,0.156800001859665,0.611100018024445,0.174099996685982,0.181799992918968,6.30420017242432,,0.23199999332428,0.106799997389317,0.153799995779991,0.344199985265732,103.0,64.0,38.0,222.0,222.0,127.0,75.0,,75.0,300.0,134.0,74.0,,,,,0.0416000001132488,193.0,,,,,0.0403000004589558,52.0,0.0403000004589558,52.0,0.0803000032901764,88.0,0.0028999999631196,1373.0,0.254000008106232,384.0,0.867699980735779,193.0,,,,,,,,,,,,,,,,,,,,,,,,
162500,RWA,Sub-Saharan Africa,Low income,Rwanda,DHS,2020,,1,Location & Region & Wealth,,Rural,Quintile 1,East,,,,,,0.285299986600876,0.022299999371171,0.0265999995172024,0.339300006628036,0.0291000008583069,0.0071999998763203,4.8274998664856,,0.271499991416931,0.135600000619888,0.197400003671646,0.563499987125397,144.0,91.0,82.0,346.0,346.0,306.0,148.0,,148.0,430.0,177.0,122.0,,,,,0.098300002515316,298.0,,,,,0.0,158.0,0.0,158.0,0.0062000001780688,141.0,0.0,2315.0,0.370599985122681,589.0,0.82039999961853,277.0,,,,,,,,,,,,,,,,,,,,,,,,
162501,RWA,Sub-Saharan Africa,Low income,Rwanda,DHS,2020,,1,Location & Region & Wealth,,Rural,Quintile 1,Kigali,,,,,,,,,,,,,,,,,,,,,,,,,,,,,,,,,,,,,,,,,,,,,,0.0,109.0,,,,,,,,,,,,,,,,,,,,,,,,,,,,
162502,RWA,Sub-Saharan Africa,Low income,Rwanda,DHS,2020,,1,Location & Region & Wealth,,Rural,Quintile 1,North,,,,,,0.317699998617172,0.0472000017762184,0.0,0.361400008201599,0.0483999997377396,0.0193000007420778,4.91809988021851,,0.248099997639656,0.0729999989271164,0.173099994659424,0.617500007152557,91.0,65.0,78.0,260.0,260.0,236.0,125.0,,125.0,255.0,107.0,79.0,,,,,0.0337999984622002,178.0,,,,,0.0153000000864267,111.0,0.0153000000864267,111.0,0.0,109.0,0.0,1561.0,0.288300007581711,374.0,0.804400026798248,207.0,,,,,,,,,,,,,,,,,,,,,,,,
162503,RWA,Sub-Saharan Africa,Low income,Rwanda,DHS,2020,,1,Location & Region & Wealth,,Rural,Quintile 1,South,,,,,,0.407799988985062,0.103799998760223,0.0253999996930361,0.393900007009506,0.0625,0.0201999992132187,4.74499988555908,,0.302300006151199,0.105899997055531,0.12720000743866,0.572000026702881,239.0,152.0,135.0,562.0,562.0,467.0,212.0,,212.0,742.0,307.0,204.0,,,,,0.0520999990403652,502.0,,,,,0.0046000001020729,255.0,0.0046000001020729,255.0,0.0041000000201165,280.0,9.99999974737875e-05,4084.0,0.293799996376038,970.0,0.8435999751091,405.0,,,,,,,,,,,,,,,,,,,,,,,,
162504,RWA,Sub-Saharan Africa,Low income,Rwanda,DHS,2020,,1,Location & Region & Wealth,,Rural,Quintile 1,West,,,,,,0.401300013065338,0.0728000029921532,0.0219999998807907,0.387600004673004,0.060199998319149,0.0238000005483627,4.73509979248047,,0.32030001282692,0.148399993777275,0.293599992990494,0.681299984455109,175.0,105.0,101.0,422.0,422.0,357.0,179.0,,179.0,472.0,208.0,119.0,,,,,0.0535999983549118,323.0,,,,,0.0,178.0,0.0,178.0,0.0,164.0,0.0003999999898951,2631.0,0.306300014257431,579.0,0.828299999237061,332.0,,,,,,,,,,,,,,,,,,,,,,,,
162505,RWA,Sub-Saharan Africa,Low income,Rwanda,DHS,2020,,1,Location & Region & Wealth,,Urban,Quintile 1,East,,,,,,,,,,,,,,,0.226600006222725,,,,,,,,,,,,37.0,,,,,,,,,,,,,,,,,,,0.0,143.0,0.237399995326996,41.0,,,,,,,,,,,,,,,,,,,,,,,,,,
162506,RWA,Sub-Saharan Africa,Low income,Rwanda,DHS,2020,,1,Location & Region & Wealth,,Urban,Quintile 1,Kigali,,,,,,,,,,,,,,,,,,,,,,,,,,,,,,,,,,,,,,,,,,,,,,,,,,,,,,,,,,,,,,,,,,,,,,,,,,,
162507,RWA,Sub-Saharan Africa,Low income,Rwanda,DHS,2020,,1,Location & Region & Wealth,,Urban,Quintile 1,North,,,,,,,,,,,,,,,,,,,,,,,,,,,,,,,,,,,,,,,,,,,,,,0.0,150.0,0.259200006723404,32.0,,,,,,,,,,,,,,,,,,,,,,,,,,
162508,RWA,Sub-Saharan Africa,Low income,Rwanda,DHS,2020,,1,Location & Region & Wealth,,Urban,Quintile 1,South,,,,,,,,,0.550400018692017,0.107699997723103,0.0789000019431114,,,,0.0631000027060509,0.0370000004768372,,,,,56.0,56.0,34.0,,,,56.0,30.0,,,,,,0.0,33.0,,,,,,,,,,,0.0,316.0,0.246199995279312,86.0,1.0,41.0,,,,,,,,,,,,,,,,,,,,,,,,
162509,RWA,Sub-Saharan Africa,Low income,Rwanda,DHS,2020,,1,Location & Region & Wealth,,Urban,Quintile 1,West,,,,,,,,,0.266400009393692,0.0478999987244606,0.0676999986171722,,,,0.0732000023126602,,,,,,49.0,49.0,44.0,,,,68.0,,,,,,,0.0,50.0,,,,,,,,,,,0.0,357.0,0.382999986410141,92.0,0.957099974155426,40.0,,,,,,,,,,,,,,,,,,,,,,,,
162510,RWA,Sub-Saharan Africa,Low income,Rwanda,DHS,2020,,1,Location & Region & Wealth,,Rural,Quintile 2,East,,,,,,0.394300013780594,0.117799997329712,0.0733999982476234,0.423400014638901,0.0995000004768372,0.0397999994456768,5.32040023803711,,0.253100007772446,0.0595000013709068,0.0986000001430511,0.408499985933304,203.0,155.0,93.0,489.0,489.0,345.0,186.0,,186.0,441.0,219.0,175.0,,,,,0.0515000000596046,305.0,,,,,0.0091000003740191,160.0,0.0091000003740191,160.0,0.0,157.0,0.0,2595.0,0.353500008583069,707.0,0.878700017929077,376.0,,,,,,,,,,,,,,,,,,,,,,,,
162511,RWA,Sub-Saharan Africa,Low income,Rwanda,DHS,2020,,1,Location & Region & Wealth,,Rural,Quintile 2,Kigali,,,,,,,,,0.432900011539459,0.0790000036358833,0.0244999993592501,,,,0.0549999997019768,,,,,,30.0,30.0,35.0,,,,48.0,,,,,,,,,,,,,,,,,,,0.0,255.0,0.220300003886223,59.0,,,,,,,,,,,,,,,,,,,,,,,,,,
162512,RWA,Sub-Saharan Africa,Low income,Rwanda,DHS,2020,,1,Location & Region & Wealth,,Rural,Quintile 2,North,,,,,,0.534500002861023,0.143099993467331,0.064300000667572,0.536800026893616,0.109999999403954,0.0548000000417233,5.95489978790283,,0.160600006580353,0.0504000000655651,0.151399999856949,0.624300003051758,149.0,107.0,109.0,388.0,388.0,285.0,159.0,,159.0,329.0,150.0,142.0,,,,,0.0166999995708466,226.0,,,,,0.0063000000081956,126.0,0.0063000000081956,126.0,0.0051000001840293,157.0,0.00089999998454,2042.0,0.24099999666214,497.0,0.890100002288818,302.0,,,,,,,,,,,,,,,,,,,,,,,,
162513,RWA,Sub-Saharan Africa,Low income,Rwanda,DHS,2020,,1,Location & Region & Wealth,,Rural,Quintile 2,South,,,,,,0.558000028133392,0.174700006842613,0.100100003182888,0.546199977397919,0.137799993157387,0.0724000036716461,5.86609983444214,,0.177300006151199,0.0529000014066696,0.148699998855591,0.439300000667572,219.0,149.0,137.0,541.0,541.0,374.0,226.0,,226.0,478.0,254.0,179.0,,,,,0.0544999986886978,354.0,,,,,0.0060999998822808,148.0,0.0060999998822808,148.0,0.0063000000081956,160.0,0.0005000000237487,2881.0,0.25560000538826,688.0,0.934499979019165,437.0,,,,,,,,,,,,,,,,,,,,,,,,
162514,RWA,Sub-Saharan Africa,Low income,Rwanda,DHS,2020,,1,Location & Region & Wealth,,Rural,Quintile 2,West,,,,,,0.587599992752075,0.144999995827675,0.0531999990344048,0.589100003242493,0.103500001132488,0.0749000012874603,5.68300008773804,,0.1942999958992,0.104099996387959,0.18860000371933,0.611000001430511,219.0,105.0,101.0,463.0,463.0,320.0,171.0,,171.0,487.0,213.0,176.0,,,,,0.0310999993234873,317.0,,,,,0.0065999999642372,149.0,0.0065999999642372,149.0,0.0,190.0,0.0003999999898951,2667.0,0.245199993252754,643.0,0.898299992084503,364.0,,,,,,,,,,,,,,,,,,,,,,,,
162515,RWA,Sub-Saharan Africa,Low income,Rwanda,DHS,2020,,1,Location & Region & Wealth,,Urban,Quintile 2,East,,,,,,,,,,,,,,,0.0,,,,,,,,,,,,30.0,,,,,,,,,,,,,,,,,,,0.0,162.0,0.377700001001358,42.0,,,,,,,,,,,,,,,,,,,,,,,,,,
162516,RWA,Sub-Saharan Africa,Low income,Rwanda,DHS,2020,,1,Location & Region & Wealth,,Urban,Quintile 2,Kigali,,,,,,,,,,,,,,,,,,,,,,,,,,,,,,,,,,,,,,,,,,,,,,0.0,44.0,,,,,,,,,,,,,,,,,,,,,,,,,,,,
162517,RWA,Sub-Saharan Africa,Low income,Rwanda,DHS,2020,,1,Location & Region & Wealth,,Urban,Quintile 2,North,,,,,,,,,,,,,,,,,,,,,,,,,,,,,,,,,,,,,,,,,,,,,,0.0,79.0,,,,,,,,,,,,,,,,,,,,,,,,,,,,
162518,RWA,Sub-Saharan Africa,Low income,Rwanda,DHS,2020,,1,Location & Region & Wealth,,Urban,Quintile 2,South,,,,,,,,,,,,,,,,,,,,,,,,,,,,,,,,,,,,,,,,,,,,,,0.0,75.0,,,,,,,,,,,,,,,,,,,,,,,,,,,,
162519,RWA,Sub-Saharan Africa,Low income,Rwanda,DHS,2020,,1,Location & Region & Wealth,,Urban,Quintile 2,West,,,,,,,,,0.508499979972839,0.19820000231266,0.0227000005543232,,,,,,,,,,33.0,33.0,34.0,,,,,,,,,,,,,,,,,,,,,,,0.0065000001341104,180.0,0.386599987745285,33.0,,,,,,,,,,,,,,,,,,,,,,,,,,
162520,RWA,Sub-Saharan Africa,Low income,Rwanda,DHS,2020,,1,Location & Region & Wealth,,Rural,Quintile 3,East,,,,,,0.512499988079071,0.237800002098083,0.0540999993681908,0.533999979496002,0.143199995160103,0.0798999965190887,6.00390005111694,,0.182199999690056,0.0529000014066696,0.0908999964594841,0.429899990558624,255.0,180.0,104.0,581.0,581.0,383.0,209.0,,209.0,477.0,286.0,191.0,,,,,0.0157999992370605,366.0,,,,,0.0065999999642372,174.0,0.0065999999642372,174.0,0.0171000007539988,183.0,0.0,2910.0,0.303299993276596,735.0,0.921400010585785,453.0,,,,,,,,,,,,,,,,,,,,,,,,
162521,RWA,Sub-Saharan Africa,Low income,Rwanda,DHS,2020,,1,Location & Region & Wealth,,Rural,Quintile 3,Kigali,,,,,,,,,0.480300009250641,0.173899993300438,,,,,0.0935999974608421,,,,,,43.0,43.0,,,,,54.0,,,,,,,0.0263999998569489,32.0,,,,,,,,,,,0.0,307.0,0.217700004577637,66.0,0.913999974727631,33.0,,,,,,,,,,,,,,,,,,,,,,,,
162522,RWA,Sub-Saharan Africa,Low income,Rwanda,DHS,2020,,1,Location & Region & Wealth,,Rural,Quintile 3,North,,,,,,0.589999973773956,0.286100000143051,0.0926000028848648,0.590799987316132,0.177699998021126,0.110100001096725,6.27750015258789,,0.153600007295609,0.0331999994814396,0.155399993062019,0.590300023555756,151.0,115.0,75.0,366.0,366.0,233.0,131.0,,131.0,308.0,162.0,141.0,,,,,0.0308999996632338,210.0,,,,,0.0108000002801418,102.0,0.0108000002801418,102.0,0.0,133.0,0.0015999999595806,1928.0,0.24889999628067,453.0,0.910700023174286,296.0,,,,,,,,,,,,,,,,,,,,,,,,
162523,RWA,Sub-Saharan Africa,Low income,Rwanda,DHS,2020,,1,Location & Region & Wealth,,Rural,Quintile 3,South,,,,,,0.644900023937225,0.279500007629395,0.089599996805191,0.637199997901917,0.182899996638298,0.0954999998211861,6.11639976501465,,0.223299995064735,0.0483000017702579,0.0703999996185303,0.370599985122681,174.0,139.0,92.0,437.0,437.0,297.0,166.0,,166.0,359.0,209.0,145.0,,,,,0.003400000045076,264.0,,,,,0.0126000000163913,131.0,0.0126000000163913,131.0,0.0131000000983477,123.0,0.0012000000569969,2327.0,0.219400003552437,534.0,0.940500020980835,350.0,,,,,,,,,,,,,,,,,,,,,,,,
162524,RWA,Sub-Saharan Africa,Low income,Rwanda,DHS,2020,,1,Location & Region & Wealth,,Rural,Quintile 3,West,,,,,,0.72759997844696,0.227599993348122,0.148900002241135,0.686100006103516,0.189899995923042,0.14020000398159,6.80189990997314,,0.102600000798702,0.0614000000059605,0.089199997484684,0.397000014781952,187.0,146.0,101.0,477.0,477.0,319.0,183.0,,183.0,425.0,216.0,163.0,,,,,0.0284000001847744,298.0,,,,,0.0211999993771315,136.0,0.0211999993771315,136.0,0.0060999998822808,154.0,0.0012000000569969,2564.0,0.197300001978874,587.0,0.945500016212463,399.0,,,,,,,,,,,,,,,,,,,,,,,,
162525,RWA,Sub-Saharan Africa,Low income,Rwanda,DHS,2020,,1,Location & Region & Wealth,,Urban,Quintile 3,East,,,,,,,,,0.58490002155304,0.27360001206398,,,,,0.0599999986588955,,,,,,32.0,32.0,,,,,35.0,,,,,,,,,,,,,,,,,,,0.0,197.0,0.315499991178513,50.0,,,,,,,,,,,,,,,,,,,,,,,,,,
162526,RWA,Sub-Saharan Africa,Low income,Rwanda,DHS,2020,,1,Location & Region & Wealth,,Urban,Quintile 3,Kigali,,,,,,,,,,,,,,,,,,,,,,,,,,,,,,,,,,,,,,,,,,,,,,0.0,110.0,,,,,,,,,,,,,,,,,,,,,,,,,,,,
162527,RWA,Sub-Saharan Africa,Low income,Rwanda,DHS,2020,,1,Location & Region & Wealth,,Urban,Quintile 3,North,,,,,,,,,,,,,,,,,,,,,,,,,,,,,,,,,,,,,,,,,,,,,,0.003000000026077,123.0,,,,,,,,,,,,,,,,,,,,,,,,,,,,
162528,RWA,Sub-Saharan Africa,Low income,Rwanda,DHS,2020,,1,Location & Region & Wealth,,Urban,Quintile 3,South,,,,,,,,,,,,,,,,,,,,,,,,,,,,,,,,,,,,,,,,,,,,,,0.0,179.0,0.0632999986410141,41.0,,,,,,,,,,,,,,,,,,,,,,,,,,
162529,RWA,Sub-Saharan Africa,Low income,Rwanda,DHS,2020,,1,Location & Region & Wealth,,Urban,Quintile 3,West,,,,,,,,,0.613499999046326,0.189500004053116,0.0595000013709068,,,,0.196999996900558,,,,,,59.0,59.0,36.0,,,,36.0,,,,,,,0.050500001758337,30.0,,,,,,,,,,,0.0012000000569969,249.0,0.385300010442734,59.0,0.875899970531464,43.0,,,,,,,,,,,,,,,,,,,,,,,,
162530,RWA,Sub-Saharan Africa,Low income,Rwanda,DHS,2020,,1,Location & Region & Wealth,,Rural,Quintile 4,East,,,,,,0.734399974346161,0.386000007390976,0.247999995946884,0.740899980068207,0.267300009727478,0.217700004577637,7.60830020904541,,0.112499997019768,0.0355000011622906,0.0562999993562698,0.297699987888336,233.0,163.0,117.0,549.0,549.0,335.0,203.0,,203.0,383.0,231.0,218.0,,,,,0.0215000007301569,269.0,,,,,0.0291000008583069,132.0,0.0291000008583069,132.0,0.0388999991118908,156.0,0.001300000003539,2628.0,0.19310000538826,586.0,0.949699997901917,457.0,,,,,,,,,,,,,,,,,,,,,,,,
162531,RWA,Sub-Saharan Africa,Low income,Rwanda,DHS,2020,,1,Location & Region & Wealth,,Rural,Quintile 4,Kigali,,,,,,0.654699981212616,,,0.753199994564056,0.209999993443489,0.222200006246567,7.45830011367798,,0.0674000009894371,0.0410000011324883,0.118100002408028,,31.0,,,77.0,77.0,80.0,34.0,,34.0,79.0,37.0,,,,,,0.0,59.0,,,,,0.0690999999642372,46.0,0.0690999999642372,46.0,0.0,34.0,0.0019000000320375,493.0,0.159400001168251,110.0,0.933200001716614,64.0,,,,,,,,,,,,,,,,,,,,,,,,
162532,RWA,Sub-Saharan Africa,Low income,Rwanda,DHS,2020,,1,Location & Region & Wealth,,Rural,Quintile 4,North,,,,,,0.764900028705597,0.24600000679493,0.20550000667572,0.745899975299835,0.264400005340576,0.203600004315376,7.33290004730225,,0.059799998998642,0.0200999993830919,0.181700006127357,0.429899990558624,111.0,75.0,66.0,269.0,269.0,168.0,106.0,,106.0,192.0,114.0,100.0,,,,,0.0192000009119511,141.0,,,,,0.0351000018417835,62.0,0.0351000018417835,62.0,0.0939999967813492,87.0,0.001700000022538,1281.0,0.159600004553795,282.0,0.985499978065491,211.0,,,,,,,,,,,,,,,,,,,,,,,,
162533,RWA,Sub-Saharan Africa,Low income,Rwanda,DHS,2020,,1,Location & Region & Wealth,,Rural,Quintile 4,South,,,,,,0.766200006008148,0.423299998044968,0.155599996447563,0.766300022602081,0.281699985265732,0.228100001811981,7.46929979324341,,0.0883999988436699,0.0287999995052814,0.125499993562698,0.343300014734268,182.0,127.0,99.0,422.0,422.0,269.0,154.0,,154.0,333.0,181.0,162.0,,,,,0.0121999997645617,248.0,,,,,0.0913999974727631,115.0,0.0913999974727631,115.0,0.0449000000953674,105.0,0.0007999999797903,2046.0,0.151399999856949,441.0,0.950699985027313,353.0,,,,,,,,,,,,,,,,,,,,,,,,
162534,RWA,Sub-Saharan Africa,Low income,Rwanda,DHS,2020,,1,Location & Region & Wealth,,Rural,Quintile 4,West,,,,,,0.753099977970123,0.427100002765656,0.287699997425079,0.745000004768372,0.3091000020504,0.235699996352196,7.60379981994629,,0.122400000691414,0.0520999990403652,0.095100000500679,0.284500002861023,163.0,104.0,86.0,374.0,374.0,264.0,142.0,,142.0,330.0,164.0,143.0,,,,,0.0218000002205372,229.0,,,,,0.0153000000864267,122.0,0.0153000000864267,122.0,0.0980999991297722,134.0,0.0013999999500811,1983.0,0.16609999537468,443.0,0.908699989318848,322.0,,,,,,,,,,,,,,,,,,,,,,,,
162535,RWA,Sub-Saharan Africa,Low income,Rwanda,DHS,2020,,1,Location & Region & Wealth,,Urban,Quintile 4,East,,,,,,0.807900011539459,0.47409999370575,,0.760999977588654,0.37950000166893,0.191699996590614,7.29440021514893,,0.192100003361702,0.0,0.049600001424551,,32.0,37.0,,90.0,90.0,66.0,33.0,,33.0,46.0,34.0,,,,,,0.0,35.0,,,,,0.0,33.0,0.0,33.0,,,0.0,379.0,0.167699992656708,72.0,0.97189998626709,75.0,,,,,,,,,,,,,,,,,,,,,,,,
162536,RWA,Sub-Saharan Africa,Low income,Rwanda,DHS,2020,,1,Location & Region & Wealth,,Urban,Quintile 4,Kigali,,,,,,0.794600009918213,0.219600006937981,0.208299994468689,0.734399974346161,0.277700006961823,0.257400006055832,7.29379987716675,,0.140599995851517,0.0390000008046627,0.0546000003814697,0.339199990034103,57.0,44.0,53.0,178.0,178.0,187.0,96.0,,96.0,128.0,55.0,52.0,,,,,0.0115000000223517,77.0,,,,,0.0940999984741211,91.0,0.0940999984741211,91.0,0.0285000000149012,100.0,0.001300000003539,956.0,0.158000007271767,168.0,0.981599986553192,155.0,,,,,,,,,,,,,,,,,,,,,,,,
162537,RWA,Sub-Saharan Africa,Low income,Rwanda,DHS,2020,,1,Location & Region & Wealth,,Urban,Quintile 4,North,,,,,,,,,0.746800005435944,0.465999990701675,0.257299989461899,,,,0.0,,,,,,60.0,60.0,55.0,,,,40.0,,,,,,,,,,,,,,,,,0.0073000001721084,30.0,0.0,276.0,0.0337000004947186,56.0,0.956399977207184,48.0,,,,,,,,,,,,,,,,,,,,,,,,
162538,RWA,Sub-Saharan Africa,Low income,Rwanda,DHS,2020,,1,Location & Region & Wealth,,Urban,Quintile 4,South,,,,,,,,,0.818400025367737,0.240299999713898,0.216999992728233,7.42589998245239,,0.0201999992132187,0.0302000008523464,0.0674000009894371,,,,,79.0,79.0,55.0,32.0,,32.0,68.0,36.0,,,,,,0.0,42.0,,,,,,,,,,,0.0,375.0,0.207499995827675,98.0,0.995800018310547,61.0,,,,,,,,,,,,,,,,,,,,,,,,
162539,RWA,Sub-Saharan Africa,Low income,Rwanda,DHS,2020,,1,Location & Region & Wealth,,Urban,Quintile 4,West,,,,,,0.68120002746582,,,0.75110000371933,0.284200012683868,0.17059999704361,6.97590017318726,,0.124099999666214,0.0,0.0,0.287999987602234,35.0,,,93.0,93.0,75.0,34.0,,34.0,90.0,33.0,37.0,,,,,0.0197999998927116,58.0,,,,,0.0705000013113022,41.0,0.0705000013113022,41.0,0.023700000718236,36.0,0.0006999999750405,533.0,0.162799999117851,122.0,0.955799996852875,77.0,,,,,,,,,,,,,,,,,,,,,,,,
162540,RWA,Sub-Saharan Africa,Low income,Rwanda,DHS,2020,,1,Location & Region & Wealth,,Rural,Quintile 5,East,,,,,,0.822399973869324,0.458999991416931,0.391000002622604,0.82150000333786,0.396600008010864,0.413199990987778,8.69589996337891,,0.112000003457069,0.0183000005781651,0.109899997711182,0.326799988746643,149.0,136.0,80.0,391.0,391.0,256.0,162.0,,162.0,197.0,132.0,133.0,,,,,0.0175999999046326,146.0,,,,,0.243499994277954,94.0,0.243499994277954,94.0,0.264299988746643,77.0,0.0119000002741814,1505.0,0.139400005340576,292.0,0.96289998292923,327.0,,,,,,,,,,,,,,,,,,,,,,,,
162541,RWA,Sub-Saharan Africa,Low income,Rwanda,DHS,2020,,1,Location & Region & Wealth,,Rural,Quintile 5,Kigali,,,,,,0.696699976921082,0.319000005722046,,0.699000000953674,0.326400011777878,0.462300002574921,8.36299991607666,,0.0751999989151955,0.0283000003546476,,0.488000005483627,42.0,39.0,,106.0,106.0,69.0,38.0,,38.0,92.0,,45.0,,,,,0.0278999991714954,58.0,,,,,0.158399999141693,31.0,0.158399999141693,31.0,0.243900001049042,40.0,0.0087000001221895,498.0,0.13230000436306,107.0,0.990000009536743,88.0,,,,,,,,,,,,,,,,,,,,,,,,
162542,RWA,Sub-Saharan Africa,Low income,Rwanda,DHS,2020,,1,Location & Region & Wealth,,Rural,Quintile 5,North,,,,,,0.716000020503998,0.550700008869171,0.548099994659424,0.762899994850159,0.470999985933304,0.591600000858307,9.41810035705566,,0.0851000025868416,0.012699999846518,0.0709000006318092,0.384600013494492,50.0,38.0,32.0,127.0,127.0,89.0,48.0,,48.0,75.0,46.0,52.0,,,,,0.0160000007599592,60.0,,,,,0.219099998474121,41.0,0.219099998474121,41.0,0.266499996185303,43.0,0.0035000001080334,602.0,0.124499998986721,106.0,0.981100022792816,104.0,,,,,,,,,,,,,,,,,,,,,,,,
162543,RWA,Sub-Saharan Africa,Low income,Rwanda,DHS,2020,,1,Location & Region & Wealth,,Rural,Quintile 5,South,,,,,,0.784900009632111,0.443699985742569,0.32600000500679,0.76800000667572,0.354099988937378,0.421999990940094,8.27630043029785,,0.115599997341633,0.0386000014841557,0.0825000032782555,0.344799995422363,88.0,79.0,38.0,219.0,219.0,131.0,76.0,,76.0,119.0,73.0,76.0,,,,,0.0262000001966953,89.0,,,,,0.351000010967255,55.0,0.351000010967255,55.0,0.232800006866455,70.0,0.0052000000141561,915.0,0.0982000008225441,154.0,0.958400011062622,179.0,,,,,,,,,,,,,,,,,,,,,,,,
162544,RWA,Sub-Saharan Africa,Low income,Rwanda,DHS,2020,,1,Location & Region & Wealth,,Rural,Quintile 5,West,,,,,,0.840399980545044,0.454199999570847,0.452199995517731,0.805400013923645,0.41159999370575,0.504499971866608,8.83810043334961,,0.0838999971747398,0.0291000008583069,0.122500002384186,0.360599994659424,85.0,64.0,40.0,196.0,196.0,123.0,67.0,,67.0,123.0,84.0,74.0,,,,,0.006800000090152,96.0,,,,,0.143500000238419,56.0,0.143500000238419,56.0,0.300500005483627,57.0,0.0087000001221895,885.0,0.148399993777275,170.0,0.963900029659271,159.0,,,,,,,,,,,,,,,,,,,,,,,,
162545,RWA,Sub-Saharan Africa,Low income,Rwanda,DHS,2020,,1,Location & Region & Wealth,,Urban,Quintile 5,East,,,,,,0.845499992370605,0.493699997663498,0.45890000462532,0.831900000572205,0.435600012540817,0.542500019073486,9.1382999420166,,0.0520999990403652,0.0274999998509884,0.0372000001370907,0.326700001955032,69.0,76.0,38.0,196.0,196.0,134.0,77.0,,77.0,99.0,55.0,74.0,,,,,0.0,62.0,,,,,0.286900013685226,57.0,0.286900013685226,57.0,0.3716000020504,57.0,0.016100000590086,762.0,0.068400003015995,120.0,0.987800002098083,178.0,,,,,,,,,,,,,,,,,,,,,,,,
162546,RWA,Sub-Saharan Africa,Low income,Rwanda,DHS,2020,,1,Location & Region & Wealth,,Urban,Quintile 5,Kigali,,,,,,0.881500005722046,0.558799982070923,0.515200018882751,0.880699992179871,0.570999979972839,0.5310999751091,9.90670013427734,,0.032600000500679,0.0177999995648861,0.0716999992728233,0.308999985456467,211.0,282.0,286.0,869.0,869.0,859.0,485.0,,485.0,387.0,163.0,232.0,,,,,0.0390999987721443,239.0,,,,,0.358900010585785,374.0,0.358900010585785,374.0,0.32030001282692,342.0,0.0282000005245209,3539.0,0.0719999969005585,494.0,0.979099988937378,794.0,,,,,,,,,,,,,,,,,,,,,,,,
162547,RWA,Sub-Saharan Africa,Low income,Rwanda,DHS,2020,,1,Location & Region & Wealth,,Urban,Quintile 5,North,,,,,,0.77020001411438,0.639800012111664,0.685400009155273,0.864199995994568,0.596099972724915,0.615299999713898,10.6393995285034,,0.0205000005662441,0.0241999998688698,0.125400006771088,0.408100008964539,62.0,66.0,45.0,179.0,179.0,137.0,73.0,,73.0,99.0,49.0,62.0,,,,,0.0,67.0,,,,,0.403299987316132,64.0,0.403299987316132,64.0,0.331099987030029,54.0,0.0540000014007092,745.0,0.105200000107288,128.0,0.986999988555908,159.0,,,,,,,,,,,,,,,,,,,,,,,,
162548,RWA,Sub-Saharan Africa,Low income,Rwanda,DHS,2020,,1,Location & Region & Wealth,,Urban,Quintile 5,South,,,,,,0.914600014686584,0.470699995756149,0.48759999871254,0.842499971389771,0.456000000238419,0.4966000020504,9.60659980773926,,0.0577999986708164,0.0094999996945262,0.137700006365776,0.460200011730194,68.0,63.0,42.0,189.0,189.0,140.0,75.0,,75.0,96.0,45.0,73.0,,,,,0.0,62.0,,,,,0.277999997138977,65.0,0.277999997138977,65.0,0.443599998950958,89.0,0.0265999995172024,858.0,0.0454000011086464,122.0,0.979600012302399,175.0,,,,,,,,,,,,,,,,,,,,,,,,
162549,RWA,Sub-Saharan Africa,Low income,Rwanda,DHS,2020,,1,Location & Region & Wealth,,Urban,Quintile 5,West,,,,,,0.824699997901917,0.46450001001358,0.477400004863739,0.846599996089935,0.509400010108948,0.515900015830994,9.80449962615967,,0.0255999993532896,0.0087999999523162,0.184000000357628,0.340900003910065,74.0,89.0,61.0,244.0,244.0,202.0,109.0,,109.0,162.0,65.0,74.0,,,,,0.0,100.0,,,,,0.290899991989136,93.0,0.290899991989136,93.0,0.286500006914139,75.0,0.0071999998763203,1100.0,0.0799999982118607,210.0,0.967899978160858,216.0,,,,,,,,,,,,,,,,,,,,,,,,
162550,RWA,Sub-Saharan Africa,Low income,Rwanda,DHS,2020,,1,Location & Religion & Wealth,,Rural,Quintile 1,,,Adventist,,,,0.281399995088577,,,0.313400000333786,0.0333000011742115,0.0,,,,0.0762000009417534,0.285800009965897,,32.0,,,71.0,71.0,64.0,,,,141.0,49.0,,,,,,0.0493000000715256,100.0,,,,,0.0,38.0,0.0,38.0,0.0,59.0,0.0,667.0,0.233799993991852,181.0,0.785300016403198,60.0,,,,,,,,,,,,,,,,,,,,,,,,
162551,RWA,Sub-Saharan Africa,Low income,Rwanda,DHS,2020,,1,Location & Religion & Wealth,,Rural,Quintile 1,,,Catholic,,,,0.375600010156631,0.0322999991476536,0.0071999998763203,0.377099990844727,0.035300001502037,0.0097000002861022,4.69460010528564,,0.310799986124039,0.107199996709824,0.182099997997284,0.653500020503998,120.0,62.0,68.0,277.0,277.0,227.0,117.0,,117.0,366.0,145.0,94.0,,,,,0.0498000010848045,254.0,,,,,0.0,110.0,0.0,110.0,0.0074000000022351,133.0,0.0003000000142492,1871.0,0.278499990701675,469.0,0.826799988746643,245.0,,,,,,,,,,,,,,,,,,,,,,,,
162552,RWA,Sub-Saharan Africa,Low income,Rwanda,DHS,2020,,1,Location & Religion & Wealth,,Rural,Quintile 1,,,Jehovah's Witness,,,,,,,,,,,,,,,,,,,,,,,,,,,,,,,,,,,,,,,,,,,,,,,,,,,,,,,,,,,,,,,,,,,,,,,,,
162553,RWA,Sub-Saharan Africa,Low income,Rwanda,DHS,2020,,1,Location & Religion & Wealth,,Rural,Quintile 1,,,Muslim,,,,,,,,,,,,,,,,,,,,,,,,,,,,,,,,,,,,,,,,,,,,0.0,68.0,,,,,,,,,,,,,,,,,,,,,,,,,,,,
162554,RWA,Sub-Saharan Africa,Low income,Rwanda,DHS,2020,,1,Location & Religion & Wealth,,Rural,Quintile 1,,,No Religion/None,,,,,,,,,,,,,0.228100001811981,,,,,,,,,,,,33.0,,,,,,,,,,,,,,,,,,,0.0,194.0,0.407900005578995,50.0,,,,,,,,,,,,,,,,,,,,,,,,,,
162555,RWA,Sub-Saharan Africa,Low income,Rwanda,DHS,2020,,1,Location & Religion & Wealth,,Rural,Quintile 1,,,Protestant,,,,0.30919998884201,0.0555000007152557,0.0553000010550022,0.37830001115799,0.0485000014305115,0.0153999999165535,5.17030000686646,,0.24770000576973,0.12780000269413,0.240199998021126,0.578599989414215,141.0,94.0,76.0,339.0,339.0,268.0,133.0,,133.0,445.0,190.0,104.0,,,,,0.0786999985575676,306.0,,,,,0.0,135.0,0.0,135.0,0.0,151.0,0.0,2182.0,0.356599986553192,583.0,0.795499980449677,303.0,,,,,,,,,,,,,,,,,,,,,,,,
162556,RWA,Sub-Saharan Africa,Low income,Rwanda,DHS,2020,,1,Location & Religion & Wealth,,Urban,Quintile 1,,,Adventist,,,,,,,,,,,,,,,,,,,,,,,,,,,,,,,,,,,,,,,,,,,,0.0370999984443188,69.0,,,,,,,,,,,,,,,,,,,,,,,,,,,,
162557,RWA,Sub-Saharan Africa,Low income,Rwanda,DHS,2020,,1,Location & Religion & Wealth,,Urban,Quintile 1,,,Catholic,,,,,,,,,,,,,0.225199997425079,,,,,,,,,,,,53.0,,,,,,,0.134700000286102,31.0,,,,,,,,,,,0.0,195.0,0.180600002408028,56.0,,,,,,,,,,,,,,,,,,,,,,,,,,
162558,RWA,Sub-Saharan Africa,Low income,Rwanda,DHS,2020,,1,Location & Religion & Wealth,,Urban,Quintile 1,,,Muslim,,,,,,,,,,,,,,,,,,,,,,,,,,,,,,,,,,,,,,,,,,,,,,,,,,,,,,,,,,,,,,,,,,,,,,,,,
162559,RWA,Sub-Saharan Africa,Low income,Rwanda,DHS,2020,,1,Location & Religion & Wealth,,Urban,Quintile 1,,,No Religion/None,,,,,,,,,,,,,,,,,,,,,,,,,,,,,,,,,,,,,,,,,,,,,,,,,,,,,,,,,,,,,,,,,,,,,,,,,
162560,RWA,Sub-Saharan Africa,Low income,Rwanda,DHS,2020,,1,Location & Religion & Wealth,,Urban,Quintile 1,,,Protestant,,,,,,,0.320600003004074,0.0513999983668327,,,,,0.0456000007688999,,,,,,39.0,39.0,,,,,42.0,,,,,,,0.0,31.0,,,,,,,,,,,0.0,217.0,0.295399993658066,61.0,0.783999979496002,34.0,,,,,,,,,,,,,,,,,,,,,,,,
162561,RWA,Sub-Saharan Africa,Low income,Rwanda,DHS,2020,,1,Location & Religion & Wealth,,Rural,Quintile 2,,,Adventist,,,,0.532599985599518,,,0.491400003433228,0.089599996805191,0.0759000033140182,4.59980010986328,,0.303400009870529,0.0359000004827976,0.169200003147125,0.504899978637695,36.0,,,83.0,83.0,64.0,31.0,,31.0,104.0,37.0,31.0,,,,,0.0294000003486872,62.0,,,,,0.0,33.0,0.0,33.0,0.0,48.0,0.0,525.0,0.206300005316734,139.0,0.877600014209747,78.0,,,,,,,,,,,,,,,,,,,,,,,,
162562,RWA,Sub-Saharan Africa,Low income,Rwanda,DHS,2020,,1,Location & Religion & Wealth,,Rural,Quintile 2,,,Catholic,,,,0.581399977207184,0.122100003063679,0.0375000014901161,0.522800028324127,0.0894000008702278,0.0540000014007092,5.16480016708374,,0.300999999046326,0.0949999988079071,0.177200004458427,0.528900027275085,173.0,104.0,62.0,355.0,355.0,206.0,109.0,,109.0,382.0,192.0,144.0,,,,,0.0414000004529953,275.0,,,,,0.008899999782443,97.0,0.008899999782443,97.0,0.0,143.0,0.0003999999898951,2037.0,0.276100009679794,537.0,0.888199985027313,331.0,,,,,,,,,,,,,,,,,,,,,,,,
162563,RWA,Sub-Saharan Africa,Low income,Rwanda,DHS,2020,,1,Location & Religion & Wealth,,Rural,Quintile 2,,,Jehovah's Witness,,,,,,,,,,,,,,,,,,,,,,,,,,,,,,,,,,,,,,,,,,,,,,,,,,,,,,,,,,,,,,,,,,,,,,,,,
162564,RWA,Sub-Saharan Africa,Low income,Rwanda,DHS,2020,,1,Location & Religion & Wealth,,Rural,Quintile 2,,,Muslim,,,,,,,,,,,,,,,,,,,,,,,,,,,,,,,,,,,,,,,,,,,,0.0,80.0,,,,,,,,,,,,,,,,,,,,,,,,,,,,
162565,RWA,Sub-Saharan Africa,Low income,Rwanda,DHS,2020,,1,Location & Religion & Wealth,,Rural,Quintile 2,,,No Religion/None,,,,,,,,,,,,,,,,,,,,,,,,,,,,,,,,,,,,,,,,,,,,0.0,49.0,,,,,,,,,,,,,,,,,,,,,,,,,,,,
162566,RWA,Sub-Saharan Africa,Low income,Rwanda,DHS,2020,,1,Location & Religion & Wealth,,Rural,Quintile 2,,,Protestant,,,,0.463200002908707,0.156800001859665,0.0852999985218048,0.497000008821487,0.104000002145767,0.0348999984562397,5.49170017242432,,0.240799993276596,0.0859000012278557,0.172800004482269,0.591400027275085,135.0,84.0,53.0,289.0,289.0,205.0,94.0,,94.0,346.0,146.0,114.0,,,,,0.065200001001358,225.0,,,,,0.0136000001803041,112.0,0.0136000001803041,112.0,0.0,153.0,0.0006000000284984,1812.0,0.300900012254715,485.0,0.878799974918365,264.0,,,,,,,,,,,,,,,,,,,,,,,,
162567,RWA,Sub-Saharan Africa,Low income,Rwanda,DHS,2020,,1,Location & Religion & Wealth,,Urban,Quintile 2,,,Adventist,,,,,,,,,,,,,,,,,,,,,,,,,,,,,,,,,,,,,,,,,,,,0.0166999995708466,54.0,,,,,,,,,,,,,,,,,,,,,,,,,,,,
162568,RWA,Sub-Saharan Africa,Low income,Rwanda,DHS,2020,,1,Location & Religion & Wealth,,Urban,Quintile 2,,,Catholic,,,,,,,,,,,,,,,,,,,,,,,,,,,,,,,,,,,,,,,,,,,,0.0,97.0,,,,,,,,,,,,,,,,,,,,,,,,,,,,
162569,RWA,Sub-Saharan Africa,Low income,Rwanda,DHS,2020,,1,Location & Religion & Wealth,,Urban,Quintile 2,,,Muslim,,,,,,,,,,,,,,,,,,,,,,,,,,,,,,,,,,,,,,,,,,,,,,,,,,,,,,,,,,,,,,,,,,,,,,,,,
162570,RWA,Sub-Saharan Africa,Low income,Rwanda,DHS,2020,,1,Location & Religion & Wealth,,Urban,Quintile 2,,,No Religion/None,,,,,,,,,,,,,,,,,,,,,,,,,,,,,,,,,,,,,,,,,,,,,,,,,,,,,,,,,,,,,,,,,,,,,,,,,
162571,RWA,Sub-Saharan Africa,Low income,Rwanda,DHS,2020,,1,Location & Religion & Wealth,,Urban,Quintile 2,,,Protestant,,,,,,,,,,,,,,,,,,,,,,,,,,,,,,,,,,,,,,,,,,,,0.0,99.0,,,,,,,,,,,,,,,,,,,,,,,,,,,,
162572,RWA,Sub-Saharan Africa,Low income,Rwanda,DHS,2020,,1,Location & Religion & Wealth,,Rural,Quintile 3,,,Adventist,,,,0.57260000705719,,,0.597400009632111,0.167099997401237,0.12559999525547,6.25780010223389,,0.202399998903275,0.0621999986469746,0.0760999992489815,0.333099991083145,45.0,,,103.0,103.0,78.0,39.0,,39.0,107.0,56.0,36.0,,,,,0.0,78.0,,,,,0.0,39.0,0.0,39.0,0.0,34.0,0.0012000000569969,574.0,0.271699994802475,162.0,0.992299973964691,95.0,,,,,,,,,,,,,,,,,,,,,,,,
162573,RWA,Sub-Saharan Africa,Low income,Rwanda,DHS,2020,,1,Location & Religion & Wealth,,Rural,Quintile 3,,,Catholic,,,,0.566500008106232,0.240799993276596,0.0852999985218048,0.590399980545044,0.174199998378754,0.0861999988555908,6.22289991378784,,0.162300005555153,0.0381000004708767,0.103900000452995,0.465000003576279,143.0,98.0,69.0,336.0,336.0,209.0,125.0,,125.0,294.0,175.0,115.0,,,,,0.0115999998524785,225.0,,,,,0.0267999991774559,84.0,0.0267999991774559,84.0,0.0,117.0,0.0005000000237487,1766.0,0.271200001239777,435.0,0.896399974822998,325.0,,,,,,,,,,,,,,,,,,,,,,,,
162574,RWA,Sub-Saharan Africa,Low income,Rwanda,DHS,2020,,1,Location & Religion & Wealth,,Rural,Quintile 3,,,Jehovah's Witness,,,,,,,,,,,,,,,,,,,,,,,,,,,,,,,,,,,,,,,,,,,,0.0,43.0,,,,,,,,,,,,,,,,,,,,,,,,,,,,
162575,RWA,Sub-Saharan Africa,Low income,Rwanda,DHS,2020,,1,Location & Religion & Wealth,,Rural,Quintile 3,,,Muslim,,,,,,,,,,,,,,,,,,,,,,,,,,,,,,,,,,,,,,,,,,,,0.0,45.0,,,,,,,,,,,,,,,,,,,,,,,,,,,,
162576,RWA,Sub-Saharan Africa,Low income,Rwanda,DHS,2020,,1,Location & Religion & Wealth,,Rural,Quintile 3,,,No Religion/None,,,,,,,,,,,,,,,,,,,,,,,,,,,,,,,,,,,,,,,,,,,,0.0,66.0,,,,,,,,,,,,,,,,,,,,,,,,,,,,
162577,RWA,Sub-Saharan Africa,Low income,Rwanda,DHS,2020,,1,Location & Religion & Wealth,,Rural,Quintile 3,,,Protestant,,,,0.620299994945526,0.200299993157387,0.0520999990403652,0.608699977397919,0.1283999979496,0.0759000033140182,6.13819980621338,,0.16889999806881,0.0584999993443489,0.101800002157688,0.422300010919571,137.0,89.0,52.0,295.0,295.0,187.0,95.0,,95.0,353.0,178.0,117.0,,,,,0.0392999984323978,234.0,,,,,0.0,92.0,0.0,92.0,0.0,114.0,0.0015999999595806,1808.0,0.24269999563694,497.0,0.917800009250641,275.0,,,,,,,,,,,,,,,,,,,,,,,,
162578,RWA,Sub-Saharan Africa,Low income,Rwanda,DHS,2020,,1,Location & Religion & Wealth,,Rural,Quintile 3,,,Traditional,,,,,,,,,,,,,,,,,,,,,,,,,,,,,,,,,,,,,,,,,,,,,,,,,,,,,,,,,,,,,,,,,,,,,,,,,
162579,RWA,Sub-Saharan Africa,Low income,Rwanda,DHS,2020,,1,Location & Religion & Wealth,,Urban,Quintile 3,,,Adventist,,,,,,,,,,,,,,,,,,,,,,,,,,,,,,,,,,,,,,,,,,,,0.0,45.0,,,,,,,,,,,,,,,,,,,,,,,,,,,,
162580,RWA,Sub-Saharan Africa,Low income,Rwanda,DHS,2020,,1,Location & Religion & Wealth,,Urban,Quintile 3,,,Catholic,,,,,,,0.527899980545044,0.0337999984622002,,,,,,,,,,,34.0,34.0,,,,,,,,,,,,,,,,,,,,,,,,0.0,173.0,0.313300013542175,38.0,,,,,,,,,,,,,,,,,,,,,,,,,,
162581,RWA,Sub-Saharan Africa,Low income,Rwanda,DHS,2020,,1,Location & Religion & Wealth,,Urban,Quintile 3,,,Jehovah's Witness,,,,,,,,,,,,,,,,,,,,,,,,,,,,,,,,,,,,,,,,,,,,,,,,,,,,,,,,,,,,,,,,,,,,,,,,,
162582,RWA,Sub-Saharan Africa,Low income,Rwanda,DHS,2020,,1,Location & Religion & Wealth,,Urban,Quintile 3,,,Muslim,,,,,,,,,,,,,,,,,,,,,,,,,,,,,,,,,,,,,,,,,,,,,,,,,,,,,,,,,,,,,,,,,,,,,,,,,
162583,RWA,Sub-Saharan Africa,Low income,Rwanda,DHS,2020,,1,Location & Religion & Wealth,,Urban,Quintile 3,,,No Religion/None,,,,,,,,,,,,,,,,,,,,,,,,,,,,,,,,,,,,,,,,,,,,,,,,,,,,,,,,,,,,,,,,,,,,,,,,,
162584,RWA,Sub-Saharan Africa,Low income,Rwanda,DHS,2020,,1,Location & Religion & Wealth,,Urban,Quintile 3,,,Protestant,,,,,,,0.668699979782104,0.310099989175797,,,,,,,,,,,35.0,35.0,,,,,,,,,,,,,,,,,,,,,,,,0.0,192.0,0.279500007629395,42.0,0.916400015354156,34.0,,,,,,,,,,,,,,,,,,,,,,,,
162585,RWA,Sub-Saharan Africa,Low income,Rwanda,DHS,2020,,1,Location & Religion & Wealth,,Rural,Quintile 4,,,Adventist,,,,0.842700004577637,,,0.81879997253418,0.288199990987778,0.239399999380112,,,,0.0520999990403652,0.120399996638298,0.227200001478195,54.0,,,103.0,103.0,61.0,,,,82.0,51.0,43.0,,,,,0.0111999996006489,72.0,,,,,0.145600005984306,33.0,0.145600005984306,33.0,,,0.0,494.0,0.124700002372265,110.0,0.967199981212616,103.0,,,,,,,,,,,,,,,,,,,,,,,,
162586,RWA,Sub-Saharan Africa,Low income,Rwanda,DHS,2020,,1,Location & Religion & Wealth,,Rural,Quintile 4,,,Catholic,,,,0.824299991130829,0.336800009012222,0.276899993419647,0.790300011634827,0.271299988031387,0.248699992895126,7.65150022506714,,0.097800001502037,0.0233999993652105,0.0954999998211861,0.346399992704391,140.0,108.0,88.0,352.0,352.0,226.0,140.0,,140.0,246.0,137.0,138.0,,,,,0.008500000461936,174.0,,,,,0.0342000015079975,86.0,0.0342000015079975,86.0,0.0698999986052513,108.0,0.0027999999001622,1562.0,0.1283999979496,335.0,0.948800027370453,344.0,,,,,,,,,,,,,,,,,,,,,,,,
162587,RWA,Sub-Saharan Africa,Low income,Rwanda,DHS,2020,,1,Location & Religion & Wealth,,Rural,Quintile 4,,,Jehovah's Witness,,,,,,,,,,,,,,,,,,,,,,,,,,,,,,,,,,,,,,,,,,,,0.0,40.0,,,,,,,,,,,,,,,,,,,,,,,,,,,,
162588,RWA,Sub-Saharan Africa,Low income,Rwanda,DHS,2020,,1,Location & Religion & Wealth,,Rural,Quintile 4,,,Muslim,,,,,,,,,,,,,,,,,,,,,,,,,,,,,,,,,,,,,,,,,,,,0.0,77.0,,,,,,,,,,,,,,,,,,,,,,,,,,,,
162589,RWA,Sub-Saharan Africa,Low income,Rwanda,DHS,2020,,1,Location & Religion & Wealth,,Rural,Quintile 4,,,No Religion/None,,,,,,,,,,,,,,,,,,,,,,,,,,,,,,,,,,,,,,,,,,,,0.0,37.0,,,,,,,,,,,,,,,,,,,,,,,,,,,,
162590,RWA,Sub-Saharan Africa,Low income,Rwanda,DHS,2020,,1,Location & Religion & Wealth,,Rural,Quintile 4,,,Protestant,,,,0.716099977493286,0.305099993944168,0.23649999499321,0.754400014877319,0.266200006008148,0.237499997019768,7.87389993667603,,0.0434999987483025,0.0405000001192093,0.119400002062321,0.306699991226196,119.0,74.0,55.0,270.0,270.0,173.0,107.0,,107.0,274.0,142.0,96.0,,,,,0.0175999999046326,196.0,,,,,0.0456000007688999,66.0,0.0456000007688999,66.0,0.0423999987542629,120.0,0.0015000000130385,1514.0,0.157499998807907,382.0,0.952000021934509,261.0,,,,,,,,,,,,,,,,,,,,,,,,
162591,RWA,Sub-Saharan Africa,Low income,Rwanda,DHS,2020,,1,Location & Religion & Wealth,,Urban,Quintile 4,,,Adventist,,,,,,,,,,,,,,,,,,,,,,,,,,,,,,,,,,,,,,,,,,,,0.0086000002920627,109.0,,,,,,,,,,,,,,,,,,,,,,,,,,,,
162592,RWA,Sub-Saharan Africa,Low income,Rwanda,DHS,2020,,1,Location & Religion & Wealth,,Urban,Quintile 4,,,Catholic,,,,0.735300004482269,0.422300010919571,0.173600003123283,0.74779999256134,0.243399992585182,0.325300008058548,7.13009977340698,,0.164299994707108,0.0137000000104308,0.174899995326996,0.36710000038147,41.0,39.0,30.0,119.0,119.0,94.0,49.0,,49.0,91.0,44.0,46.0,,,,,0.0223999992012978,67.0,,,,,0.141000002622604,45.0,0.141000002622604,45.0,0.008899999782443,56.0,0.00179999996908,571.0,0.164399996399879,127.0,1.0,110.0,,,,,,,,,,,,,,,,,,,,,,,,
162593,RWA,Sub-Saharan Africa,Low income,Rwanda,DHS,2020,,1,Location & Religion & Wealth,,Urban,Quintile 4,,,Jehovah's Witness,,,,,,,,,,,,,,,,,,,,,,,,,,,,,,,,,,,,,,,,,,,,,,,,,,,,,,,,,,,,,,,,,,,,,,,,,
162594,RWA,Sub-Saharan Africa,Low income,Rwanda,DHS,2020,,1,Location & Religion & Wealth,,Urban,Quintile 4,,,Muslim,,,,,,,,,,,,,,,,,,,,,,,,,,,,,,,,,,,,,,,,,,,,0.0,75.0,,,,,,,,,,,,,,,,,,,,,,,,,,,,
162595,RWA,Sub-Saharan Africa,Low income,Rwanda,DHS,2020,,1,Location & Religion & Wealth,,Urban,Quintile 4,,,No Religion/None,,,,,,,,,,,,,,,,,,,,,,,,,,,,,,,,,,,,,,,,,,,,,,,,,,,,,,,,,,,,,,,,,,,,,,,,,
162596,RWA,Sub-Saharan Africa,Low income,Rwanda,DHS,2020,,1,Location & Religion & Wealth,,Urban,Quintile 4,,,Protestant,,,,0.806100010871887,,,0.740000009536743,0.257099986076355,0.219999998807907,7.41109991073608,,0.0869000032544136,0.0130000002682209,0.0416000001132488,0.243399992585182,43.0,,,105.0,105.0,93.0,41.0,,41.0,85.0,44.0,40.0,,,,,0.0,53.0,,,,,0.100900001823902,52.0,0.100900001823902,52.0,0.0373000018298626,41.0,0.0005000000237487,547.0,0.206799998879433,121.0,0.935599982738495,97.0,,,,,,,,,,,,,,,,,,,,,,,,
162597,RWA,Sub-Saharan Africa,Low income,Rwanda,DHS,2020,,1,Location & Religion & Wealth,,Rural,Quintile 5,,,Adventist,,,,,,,0.784500002861023,0.445600003004074,0.491600006818771,,,,0.0,,,,,,52.0,52.0,36.0,,,,40.0,,,,,,,0.0,33.0,,,,,,,,,,,0.0041999998502433,279.0,0.165000006556511,62.0,0.944800019264221,51.0,,,,,,,,,,,,,,,,,,,,,,,,
162598,RWA,Sub-Saharan Africa,Low income,Rwanda,DHS,2020,,1,Location & Religion & Wealth,,Rural,Quintile 5,,,Catholic,,,,0.826499998569489,0.414600014686584,0.447400003671646,0.779699981212616,0.44539999961853,0.526700019836426,9.39080047607422,,0.0961000025272369,0.0184000004082918,0.088299997150898,0.441199988126755,72.0,54.0,37.0,168.0,168.0,89.0,53.0,,53.0,104.0,65.0,65.0,,,,,0.0,75.0,,,,,0.283499985933304,36.0,0.283499985933304,36.0,0.247099995613098,55.0,0.0099999997764825,711.0,0.116499997675419,133.0,0.965300023555756,165.0,,,,,,,,,,,,,,,,,,,,,,,,
162599,RWA,Sub-Saharan Africa,Low income,Rwanda,DHS,2020,,1,Location & Religion & Wealth,,Rural,Quintile 5,,,Jehovah's Witness,,,,,,,,,,,,,,,,,,,,,,,,,,,,,,,,,,,,,,,,,,,,,,,,,,,,,,,,,,,,,,,,,,,,,,,,,
162600,RWA,Sub-Saharan Africa,Low income,Rwanda,DHS,2020,,1,Location & Religion & Wealth,,Rural,Quintile 5,,,Muslim,,,,,,,,,,,,,,,,,,,,,,,,,,,,,,,,,,,,,,,,,,,,0.0,46.0,,,,,,,,,,,,,,,,,,,,,,,,,,,,
162601,RWA,Sub-Saharan Africa,Low income,Rwanda,DHS,2020,,1,Location & Religion & Wealth,,Rural,Quintile 5,,,No Religion/None,,,,,,,,,,,,,,,,,,,,,,,,,,,,,,,,,,,,,,,,,,,,,,,,,,,,,,,,,,,,,,,,,,,,,,,,,
162602,RWA,Sub-Saharan Africa,Low income,Rwanda,DHS,2020,,1,Location & Religion & Wealth,,Rural,Quintile 5,,,Protestant,,,,0.809400022029877,0.38510000705719,0.391200006008148,0.811600029468536,0.319599986076355,0.391999989748001,8.41390037536621,,0.065200001001358,0.0242999996989965,0.108900003135204,0.389299988746643,83.0,63.0,35.0,190.0,190.0,118.0,66.0,,66.0,117.0,70.0,76.0,,,,,0.0121999997645617,76.0,,,,,0.244299992918968,52.0,0.244299992918968,52.0,0.208199992775917,60.0,0.0046999999321997,828.0,0.102399997413158,172.0,0.969799995422363,183.0,,,,,,,,,,,,,,,,,,,,,,,,
162603,RWA,Sub-Saharan Africa,Low income,Rwanda,DHS,2020,,1,Location & Religion & Wealth,,Urban,Quintile 5,,,Adventist,,,,0.812900006771088,0.611299991607666,0.513599991798401,0.890500009059906,0.579699993133545,0.614000022411346,10.1951999664307,,0.003400000045076,0.0,0.0,0.422399997711182,33.0,38.0,30.0,109.0,109.0,91.0,53.0,,53.0,40.0,33.0,31.0,,,,,,,,,,,0.493099987506866,38.0,0.493099987506866,38.0,0.440699994564056,34.0,0.0320000015199184,404.0,0.186800003051758,57.0,0.969799995422363,107.0,,,,,,,,,,,,,,,,,,,,,,,,
162604,RWA,Sub-Saharan Africa,Low income,Rwanda,DHS,2020,,1,Location & Religion & Wealth,,Urban,Quintile 5,,,Catholic,,,,0.863399982452393,0.58899998664856,0.44870001077652,0.868600010871887,0.555199980735779,0.511399984359741,9.9060001373291,,0.025900000706315,0.0109999999403954,0.032600000500679,0.362500011920929,85.0,90.0,79.0,277.0,277.0,252.0,125.0,,125.0,162.0,72.0,95.0,,,,,0.0212999992072582,108.0,,,,,0.337700009346008,127.0,0.337700009346008,127.0,0.379400014877319,114.0,0.0205000005662441,1195.0,0.049100000411272,202.0,0.97979998588562,267.0,,,,,,,,,,,,,,,,,,,,,,,,
162605,RWA,Sub-Saharan Africa,Low income,Rwanda,DHS,2020,,1,Location & Religion & Wealth,,Urban,Quintile 5,,,Jehovah's Witness,,,,,,,,,,,,,,,,,,,,,,,,,,,,,,,,,,,,,,,,,,,,,,,,,,,,,,,,,,,,,,,,,,,,,,,,,
162606,RWA,Sub-Saharan Africa,Low income,Rwanda,DHS,2020,,1,Location & Religion & Wealth,,Urban,Quintile 5,,,Muslim,,,,,,,0.775200009346008,0.454100012779236,0.444599986076355,,,,,,,,,,42.0,42.0,42.0,,,,,,,,,,,,,,,,,,,,,,,0.0304000005125999,169.0,0.20160000026226,30.0,1.0,39.0,,,,,,,,,,,,,,,,,,,,,,,,
162607,RWA,Sub-Saharan Africa,Low income,Rwanda,DHS,2020,,1,Location & Religion & Wealth,,Urban,Quintile 5,,,No Religion/None,,,,,,,,,,,,,,,,,,,,,,,,,,,,,,,,,,,,,,,,,,,,0.0432000011205673,53.0,,,,,,,,,,,,,,,,,,,,,,,,,,,,
162608,RWA,Sub-Saharan Africa,Low income,Rwanda,DHS,2020,,1,Location & Religion & Wealth,,Urban,Quintile 5,,,Protestant,,,,0.86599999666214,0.492799997329712,0.584299981594086,0.861699998378754,0.509199976921082,0.513400018215179,9.77929973602295,,0.0439999997615814,0.0137999998405576,0.117499999701977,0.322499990463257,112.0,129.0,103.0,370.0,370.0,302.0,178.0,,178.0,199.0,92.0,127.0,,,,,0.0306000001728535,126.0,,,,,0.401300013065338,124.0,0.401300013065338,124.0,0.287099987268448,125.0,0.0264999996870756,1517.0,0.0728999972343445,250.0,0.979200005531311,357.0,,,,,,,,,,,,,,,,,,,,,,,,
162609,RWA,Sub-Saharan Africa,Low income,Rwanda,DHS,2020,,1,Location & Religion & Wealth,,Urban,Quintile 5,,,Traditional,,,,,,,,,,,,,,,,,,,,,,,,,,,,,,,,,,,,,,,,,,,,,,,,,,,,,,,,,,,,,,,,,,,,,,,,,
162610,RWA,Sub-Saharan Africa,Low income,Rwanda,DHS,2020,,1,Region & Religion & Wealth,,,Quintile 1,East,,Adventist,,,,,,,,,,,,,0.0817999988794327,,,,,,,,,,,,44.0,,,,,,,0.0294000003486872,31.0,,,,,,,,,,,0.0,171.0,0.192499995231628,55.0,,,,,,,,,,,,,,,,,,,,,,,,,,
162611,RWA,Sub-Saharan Africa,Low income,Rwanda,DHS,2020,,1,Region & Religion & Wealth,,,Quintile 1,East,,Catholic,,,,0.372399985790253,,,0.377099990844727,0.0125000001862645,0.0,4.49980020523071,,0.358599990606308,0.19370000064373,0.126499995589256,0.560500025749207,37.0,,,81.0,81.0,45.0,31.0,,31.0,78.0,35.0,37.0,,,,,0.11429999768734,55.0,,,,,,,,,,,0.0,375.0,0.402300000190735,107.0,0.799000024795532,70.0,,,,,,,,,,,,,,,,,,,,,,,,
162612,RWA,Sub-Saharan Africa,Low income,Rwanda,DHS,2020,,1,Region & Religion & Wealth,,,Quintile 1,East,,Jehovah's Witness,,,,,,,,,,,,,,,,,,,,,,,,,,,,,,,,,,,,,,,,,,,,,,,,,,,,,,,,,,,,,,,,,,,,,,,,,
162613,RWA,Sub-Saharan Africa,Low income,Rwanda,DHS,2020,,1,Region & Religion & Wealth,,,Quintile 1,East,,Muslim,,,,,,,,,,,,,,,,,,,,,,,,,,,,,,,,,,,,,,,,,,,,,,,,,,,,,,,,,,,,,,,,,,,,,,,,,
162614,RWA,Sub-Saharan Africa,Low income,Rwanda,DHS,2020,,1,Region & Religion & Wealth,,,Quintile 1,East,,No Religion/None,,,,,,,,,,,,,,,,,,,,,,,,,,,,,,,,,,,,,,,,,,,,0.0,62.0,,,,,,,,,,,,,,,,,,,,,,,,,,,,
162615,RWA,Sub-Saharan Africa,Low income,Rwanda,DHS,2020,,1,Region & Religion & Wealth,,,Quintile 1,East,,Protestant,,,,0.205699995160103,,,0.36710000038147,0.0441999994218349,0.0149999996647239,5.53709983825684,,0.168999999761581,0.0803999975323677,0.223000004887581,,34.0,,,88.0,88.0,80.0,38.0,,38.0,119.0,51.0,,,,,,0.129800006747246,79.0,,,,,0.0,42.0,0.0,42.0,0.0,38.0,0.0,600.0,0.384999990463257,169.0,0.786499977111816,83.0,,,,,,,,,,,,,,,,,,,,,,,,
162616,RWA,Sub-Saharan Africa,Low income,Rwanda,DHS,2020,,1,Region & Religion & Wealth,,,Quintile 1,Kigali,,Adventist,,,,,,,,,,,,,,,,,,,,,,,,,,,,,,,,,,,,,,,,,,,,,,,,,,,,,,,,,,,,,,,,,,,,,,,,,
162617,RWA,Sub-Saharan Africa,Low income,Rwanda,DHS,2020,,1,Region & Religion & Wealth,,,Quintile 1,Kigali,,Catholic,,,,,,,,,,,,,,,,,,,,,,,,,,,,,,,,,,,,,,,,,,,,,,,,,,,,,,,,,,,,,,,,,,,,,,,,,
162618,RWA,Sub-Saharan Africa,Low income,Rwanda,DHS,2020,,1,Region & Religion & Wealth,,,Quintile 1,Kigali,,No Religion/None,,,,,,,,,,,,,,,,,,,,,,,,,,,,,,,,,,,,,,,,,,,,,,,,,,,,,,,,,,,,,,,,,,,,,,,,,
162619,RWA,Sub-Saharan Africa,Low income,Rwanda,DHS,2020,,1,Region & Religion & Wealth,,,Quintile 1,Kigali,,Protestant,,,,,,,,,,,,,,,,,,,,,,,,,,,,,,,,,,,,,,,,,,,,0.0,41.0,,,,,,,,,,,,,,,,,,,,,,,,,,,,
162620,RWA,Sub-Saharan Africa,Low income,Rwanda,DHS,2020,,1,Region & Religion & Wealth,,,Quintile 1,North,,Adventist,,,,,,,,,,,,,,,,,,,,,,,,,,,,,,,,,,,,,,,,,,,,0.0,82.0,,,,,,,,,,,,,,,,,,,,,,,,,,,,
162621,RWA,Sub-Saharan Africa,Low income,Rwanda,DHS,2020,,1,Region & Religion & Wealth,,,Quintile 1,North,,Catholic,,,,,,,0.386700004339218,0.0261000003665686,0.0361000001430511,,,,0.0361000001430511,,,,,,40.0,40.0,44.0,,,,68.0,,,,,,,0.0186999998986721,48.0,,,,,,,,,0.0,44.0,0.0,363.0,0.23479999601841,97.0,0.901400029659271,32.0,,,,,,,,,,,,,,,,,,,,,,,,
162622,RWA,Sub-Saharan Africa,Low income,Rwanda,DHS,2020,,1,Region & Religion & Wealth,,,Quintile 1,North,,Jehovah's Witness,,,,,,,,,,,,,,,,,,,,,,,,,,,,,,,,,,,,,,,,,,,,,,,,,,,,,,,,,,,,,,,,,,,,,,,,,
162623,RWA,Sub-Saharan Africa,Low income,Rwanda,DHS,2020,,1,Region & Religion & Wealth,,,Quintile 1,North,,No Religion/None,,,,,,,,,,,,,,,,,,,,,,,,,,,,,,,,,,,,,,,,,,,,0.0,35.0,,,,,,,,,,,,,,,,,,,,,,,,,,,,
162624,RWA,Sub-Saharan Africa,Low income,Rwanda,DHS,2020,,1,Region & Religion & Wealth,,,Quintile 1,North,,Protestant,,,,,,,0.307000011205673,0.0408999994397163,0.0,,,,0.131099998950958,,,,,,65.0,65.0,56.0,,,,54.0,,,,,,,0.0,37.0,,,,,,,,,,,0.0,322.0,0.370099991559982,77.0,0.724200010299683,58.0,,,,,,,,,,,,,,,,,,,,,,,,
162625,RWA,Sub-Saharan Africa,Low income,Rwanda,DHS,2020,,1,Region & Religion & Wealth,,,Quintile 1,South,,Adventist,,,,,,,,,,,,,0.0852999985218048,,,,,,,,,,,,52.0,,,,,,,0.058899998664856,33.0,,,,,,,,,0.0,31.0,0.0,280.0,0.250299990177155,68.0,,,,,,,,,,,,,,,,,,,,,,,,,,
162626,RWA,Sub-Saharan Africa,Low income,Rwanda,DHS,2020,,1,Region & Religion & Wealth,,,Quintile 1,South,,Catholic,,,,0.452800005674362,,,0.394499987363815,0.035300001502037,0.0054999999701976,4.52810001373291,,0.282099992036819,0.0847000032663345,0.154699996113777,0.678099989891052,47.0,,,100.0,100.0,93.0,37.0,,37.0,165.0,57.0,34.0,,,,,0.0373999997973442,108.0,,,,,0.0,56.0,0.0,56.0,0.0,61.0,0.0006999999750405,841.0,0.211999997496605,198.0,0.845700025558472,87.0,,,,,,,,,,,,,,,,,,,,,,,,
162627,RWA,Sub-Saharan Africa,Low income,Rwanda,DHS,2020,,1,Region & Religion & Wealth,,,Quintile 1,South,,Muslim,,,,,,,,,,,,,,,,,,,,,,,,,,,,,,,,,,,,,,,,,,,,0.0,31.0,,,,,,,,,,,,,,,,,,,,,,,,,,,,
162628,RWA,Sub-Saharan Africa,Low income,Rwanda,DHS,2020,,1,Region & Religion & Wealth,,,Quintile 1,South,,No Religion/None,,,,,,,,,,,,,,,,,,,,,,,,,,,,,,,,,,,,,,,,,,,,0.0,46.0,,,,,,,,,,,,,,,,,,,,,,,,,,,,
162629,RWA,Sub-Saharan Africa,Low income,Rwanda,DHS,2020,,1,Region & Religion & Wealth,,,Quintile 1,South,,Protestant,,,,0.384799987077713,,,0.431300014257431,0.0485000014305115,0.011400000192225,4.90070009231567,,0.328599989414215,0.113099999725819,0.194600000977516,0.518700003623962,55.0,,,112.0,112.0,77.0,36.0,,36.0,170.0,63.0,42.0,,,,,0.0759000033140182,113.0,,,,,0.0,41.0,0.0,41.0,0.0,55.0,0.0,745.0,0.315200001001358,217.0,0.850799977779388,94.0,,,,,,,,,,,,,,,,,,,,,,,,
162630,RWA,Sub-Saharan Africa,Low income,Rwanda,DHS,2020,,1,Region & Religion & Wealth,,,Quintile 1,West,,Adventist,,,,,,,,,,,,,0.0910999998450279,,,,,,,,,,,,35.0,,,,,,,0.0399000011384487,30.0,,,,,,,,,,,0.0,188.0,0.251300007104874,49.0,,,,,,,,,,,,,,,,,,,,,,,,,,
162631,RWA,Sub-Saharan Africa,Low income,Rwanda,DHS,2020,,1,Region & Religion & Wealth,,,Quintile 1,West,,Catholic,,,,0.263700008392334,,,0.327499985694885,0.0703999996185303,0.0148000000044703,4.64179992675781,,0.441199988126755,0.159999996423721,0.314200013875961,,32.0,,,72.0,72.0,58.0,33.0,,33.0,104.0,41.0,,,,,,0.0441000014543533,70.0,,,,,,,,,,,0.0,470.0,0.266799986362457,118.0,0.810500025749207,67.0,,,,,,,,,,,,,,,,,,,,,,,,
162632,RWA,Sub-Saharan Africa,Low income,Rwanda,DHS,2020,,1,Region & Religion & Wealth,,,Quintile 1,West,,Jehovah's Witness,,,,,,,,,,,,,,,,,,,,,,,,,,,,,,,,,,,,,,,,,,,,,,,,,,,,,,,,,,,,,,,,,,,,,,,,,
162633,RWA,Sub-Saharan Africa,Low income,Rwanda,DHS,2020,,1,Region & Religion & Wealth,,,Quintile 1,West,,Muslim,,,,,,,,,,,,,,,,,,,,,,,,,,,,,,,,,,,,,,,,,,,,,,,,,,,,,,,,,,,,,,,,,,,,,,,,,
162634,RWA,Sub-Saharan Africa,Low income,Rwanda,DHS,2020,,1,Region & Religion & Wealth,,,Quintile 1,West,,No Religion/None,,,,,,,,,,,,,,,,,,,,,,,,,,,,,,,,,,,,,,,,,,,,0.0,63.0,,,,,,,,,,,,,,,,,,,,,,,,,,,,
162635,RWA,Sub-Saharan Africa,Low income,Rwanda,DHS,2020,,1,Region & Religion & Wealth,,,Quintile 1,West,,Protestant,,,,0.43979999423027,0.0646999999880791,,0.389499992132187,0.0511999987065792,0.0308999996632338,4.95830011367798,,0.282400012016296,0.152999997138977,0.262499988079071,,43.0,30.0,,108.0,108.0,80.0,44.0,,44.0,136.0,66.0,,,,,,0.0581000000238419,105.0,,,,,0.0,36.0,0.0,36.0,0.0,47.0,0.0,691.0,0.370900005102158,175.0,0.810699999332428,97.0,,,,,,,,,,,,,,,,,,,,,,,,
162636,RWA,Sub-Saharan Africa,Low income,Rwanda,DHS,2020,,1,Region & Religion & Wealth,,,Quintile 2,East,,Adventist,,,,,,,,,,,,,,,,,,,,,,,,,,,,,,,,,,,,,,,,,,,,0.0,138.0,0.291999995708466,39.0,,,,,,,,,,,,,,,,,,,,,,,,,,
162637,RWA,Sub-Saharan Africa,Low income,Rwanda,DHS,2020,,1,Region & Religion & Wealth,,,Quintile 2,East,,Catholic,,,,0.512499988079071,,,0.480599999427795,0.118000000715256,0.0979999974370003,,,,0.0952000021934509,0.0697999969124794,0.384600013494492,36.0,,,72.0,72.0,57.0,,,,78.0,40.0,32.0,,,,,0.0309999994933605,59.0,,,,,0.0,35.0,0.0,35.0,,,0.0,448.0,0.338099986314774,116.0,0.911800026893616,68.0,,,,,,,,,,,,,,,,,,,,,,,,
162638,RWA,Sub-Saharan Africa,Low income,Rwanda,DHS,2020,,1,Region & Religion & Wealth,,,Quintile 2,East,,Jehovah's Witness,,,,,,,,,,,,,,,,,,,,,,,,,,,,,,,,,,,,,,,,,,,,,,,,,,,,,,,,,,,,,,,,,,,,,,,,,
162639,RWA,Sub-Saharan Africa,Low income,Rwanda,DHS,2020,,1,Region & Religion & Wealth,,,Quintile 2,East,,Muslim,,,,,,,,,,,,,,,,,,,,,,,,,,,,,,,,,,,,,,,,,,,,0.0,51.0,,,,,,,,,,,,,,,,,,,,,,,,,,,,
162640,RWA,Sub-Saharan Africa,Low income,Rwanda,DHS,2020,,1,Region & Religion & Wealth,,,Quintile 2,East,,No Religion/None,,,,,,,,,,,,,,,,,,,,,,,,,,,,,,,,,,,,,,,,,,,,,,,,,,,,,,,,,,,,,,,,,,,,,,,,,
162641,RWA,Sub-Saharan Africa,Low income,Rwanda,DHS,2020,,1,Region & Religion & Wealth,,,Quintile 2,East,,Protestant,,,,0.326200008392334,0.137999996542931,,0.39300000667572,0.0843999981880188,0.0276999995112419,4.88290023803711,,0.284000009298325,0.0785000026226044,0.1266999989748,0.485100001096725,41.0,32.0,,93.0,93.0,68.0,33.0,,33.0,105.0,44.0,33.0,,,,,0.114100001752377,62.0,,,,,0.0386000014841557,36.0,0.0386000014841557,36.0,0.0,51.0,0.0,556.0,0.361200004816055,155.0,0.82940000295639,82.0,,,,,,,,,,,,,,,,,,,,,,,,
162642,RWA,Sub-Saharan Africa,Low income,Rwanda,DHS,2020,,1,Region & Religion & Wealth,,,Quintile 2,Kigali,,Adventist,,,,,,,,,,,,,,,,,,,,,,,,,,,,,,,,,,,,,,,,,,,,,,,,,,,,,,,,,,,,,,,,,,,,,,,,,
162643,RWA,Sub-Saharan Africa,Low income,Rwanda,DHS,2020,,1,Region & Religion & Wealth,,,Quintile 2,Kigali,,Catholic,,,,,,,,,,,,,,,,,,,,,,,,,,,,,,,,,,,,,,,,,,,,0.0,92.0,,,,,,,,,,,,,,,,,,,,,,,,,,,,
162644,RWA,Sub-Saharan Africa,Low income,Rwanda,DHS,2020,,1,Region & Religion & Wealth,,,Quintile 2,Kigali,,Muslim,,,,,,,,,,,,,,,,,,,,,,,,,,,,,,,,,,,,,,,,,,,,,,,,,,,,,,,,,,,,,,,,,,,,,,,,,
162645,RWA,Sub-Saharan Africa,Low income,Rwanda,DHS,2020,,1,Region & Religion & Wealth,,,Quintile 2,Kigali,,No Religion/None,,,,,,,,,,,,,,,,,,,,,,,,,,,,,,,,,,,,,,,,,,,,,,,,,,,,,,,,,,,,,,,,,,,,,,,,,
162646,RWA,Sub-Saharan Africa,Low income,Rwanda,DHS,2020,,1,Region & Religion & Wealth,,,Quintile 2,Kigali,,Protestant,,,,,,,,,,,,,,,,,,,,,,,,,,,,,,,,,,,,,,,,,,,,0.0,58.0,,,,,,,,,,,,,,,,,,,,,,,,,,,,
162647,RWA,Sub-Saharan Africa,Low income,Rwanda,DHS,2020,,1,Region & Religion & Wealth,,,Quintile 2,North,,Adventist,,,,,,,,,,,,,,,,,,,,,,,,,,,,,,,,,,,,,,,,,,,,0.0,51.0,,,,,,,,,,,,,,,,,,,,,,,,,,,,
162648,RWA,Sub-Saharan Africa,Low income,Rwanda,DHS,2020,,1,Region & Religion & Wealth,,,Quintile 2,North,,Catholic,,,,0.596199989318848,,,0.488599985837936,0.0494000017642975,0.0342999994754791,,,,0.0471000000834465,0.1942999958992,,36.0,,,83.0,83.0,47.0,,,,104.0,49.0,,,,,,0.0362000018358231,77.0,,,,,,,,,0.0,46.0,0.0015999999595806,516.0,0.241500005125999,155.0,0.846199989318848,76.0,,,,,,,,,,,,,,,,,,,,,,,,
162649,RWA,Sub-Saharan Africa,Low income,Rwanda,DHS,2020,,1,Region & Religion & Wealth,,,Quintile 2,North,,Jehovah's Witness,,,,,,,,,,,,,,,,,,,,,,,,,,,,,,,,,,,,,,,,,,,,,,,,,,,,,,,,,,,,,,,,,,,,,,,,,
162650,RWA,Sub-Saharan Africa,Low income,Rwanda,DHS,2020,,1,Region & Religion & Wealth,,,Quintile 2,North,,Muslim,,,,,,,,,,,,,,,,,,,,,,,,,,,,,,,,,,,,,,,,,,,,,,,,,,,,,,,,,,,,,,,,,,,,,,,,,
162651,RWA,Sub-Saharan Africa,Low income,Rwanda,DHS,2020,,1,Region & Religion & Wealth,,,Quintile 2,North,,No Religion/None,,,,,,,,,,,,,,,,,,,,,,,,,,,,,,,,,,,,,,,,,,,,,,,,,,,,,,,,,,,,,,,,,,,,,,,,,
162652,RWA,Sub-Saharan Africa,Low income,Rwanda,DHS,2020,,1,Region & Religion & Wealth,,,Quintile 2,North,,Protestant,,,,,,,0.431800007820129,0.127100005745888,0.0467999987304211,,,,0.059799998998642,,0.769200026988983,,,,68.0,68.0,48.0,,,,53.0,,30.0,,,,,0.0,35.0,,,,,,,,,,,0.0,315.0,0.357300013303757,88.0,0.861500024795532,63.0,,,,,,,,,,,,,,,,,,,,,,,,
162653,RWA,Sub-Saharan Africa,Low income,Rwanda,DHS,2020,,1,Region & Religion & Wealth,,,Quintile 2,South,,Adventist,,,,,,,,,,,,,0.0,,,,,,,,,,,,39.0,,,,,,,,,,,,,,,,,,,0.0,192.0,0.210299998521805,50.0,,,,,,,,,,,,,,,,,,,,,,,,,,
162654,RWA,Sub-Saharan Africa,Low income,Rwanda,DHS,2020,,1,Region & Religion & Wealth,,,Quintile 2,South,,Catholic,,,,0.607100009918213,,,0.573099970817566,0.132400006055832,0.0619000010192394,5.45120000839233,,0.1925999969244,0.0650999993085861,0.18350000679493,0.465799987316132,53.0,,,105.0,105.0,59.0,31.0,,31.0,107.0,64.0,39.0,,,,,0.0771000012755394,77.0,,,,,,,,,0.0,43.0,0.0,592.0,0.306199997663498,155.0,0.915199995040894,98.0,,,,,,,,,,,,,,,,,,,,,,,,
162655,RWA,Sub-Saharan Africa,Low income,Rwanda,DHS,2020,,1,Region & Religion & Wealth,,,Quintile 2,South,,Muslim,,,,,,,,,,,,,,,,,,,,,,,,,,,,,,,,,,,,,,,,,,,,,,,,,,,,,,,,,,,,,,,,,,,,,,,,,
162656,RWA,Sub-Saharan Africa,Low income,Rwanda,DHS,2020,,1,Region & Religion & Wealth,,,Quintile 2,South,,No Religion/None,,,,,,,,,,,,,,,,,,,,,,,,,,,,,,,,,,,,,,,,,,,,,,,,,,,,,,,,,,,,,,,,,,,,,,,,,
162657,RWA,Sub-Saharan Africa,Low income,Rwanda,DHS,2020,,1,Region & Religion & Wealth,,,Quintile 2,South,,Protestant,,,,,,,0.576200008392334,0.159199997782707,0.0,,,,0.0566999986767769,0.224900007247925,,,,,60.0,60.0,35.0,,,,70.0,30.0,,,,,,0.106100000441074,46.0,,,,,,,,,0.0,30.0,0.0,357.0,0.214499995112419,90.0,0.94760000705719,55.0,,,,,,,,,,,,,,,,,,,,,,,,
162658,RWA,Sub-Saharan Africa,Low income,Rwanda,DHS,2020,,1,Region & Religion & Wealth,,,Quintile 2,West,,Adventist,,,,,,,0.502499997615814,0.0926000028848648,,,,,0.0869999974966049,,,,,,40.0,40.0,,,,,35.0,,,,,,,,,,,,,,,,,,,0.0032999999821186,186.0,0.139400005340576,47.0,0.899900019168854,36.0,,,,,,,,,,,,,,,,,,,,,,,,
162659,RWA,Sub-Saharan Africa,Low income,Rwanda,DHS,2020,,1,Region & Religion & Wealth,,,Quintile 2,West,,Catholic,,,,0.623499989509583,,,0.553300023078918,0.0586000010371208,0.0419000014662743,,,,0.179399996995926,0.244000002741814,0.576600015163422,48.0,,,92.0,92.0,47.0,,,,92.0,41.0,44.0,,,,,0.0,66.0,,,,,,,,,0.0,30.0,0.0,486.0,0.209700003266335,113.0,0.865000009536743,88.0,,,,,,,,,,,,,,,,,,,,,,,,
162660,RWA,Sub-Saharan Africa,Low income,Rwanda,DHS,2020,,1,Region & Religion & Wealth,,,Quintile 2,West,,Jehovah's Witness,,,,,,,,,,,,,,,,,,,,,,,,,,,,,,,,,,,,,,,,,,,,,,,,,,,,,,,,,,,,,,,,,,,,,,,,,
162661,RWA,Sub-Saharan Africa,Low income,Rwanda,DHS,2020,,1,Region & Religion & Wealth,,,Quintile 2,West,,Muslim,,,,,,,,,,,,,,,,,,,,,,,,,,,,,,,,,,,,,,,,,,,,,,,,,,,,,,,,,,,,,,,,,,,,,,,,,
162662,RWA,Sub-Saharan Africa,Low income,Rwanda,DHS,2020,,1,Region & Religion & Wealth,,,Quintile 2,West,,No Religion/None,,,,,,,,,,,,,,,,,,,,,,,,,,,,,,,,,,,,,,,,,,,,,,,,,,,,,,,,,,,,,,,,,,,,,,,,,
162663,RWA,Sub-Saharan Africa,Low income,Rwanda,DHS,2020,,1,Region & Religion & Wealth,,,Quintile 2,West,,Protestant,,,,0.602199971675873,,,0.652100026607513,0.096900001168251,0.0524000003933907,,,,0.121899999678135,0.205599993467331,0.61269998550415,43.0,,,80.0,80.0,59.0,,,,122.0,50.0,32.0,,,,,0.0410000011324883,84.0,,,,,0.0,35.0,0.0,35.0,0.0,60.0,0.00179999996908,625.0,0.268700003623962,156.0,0.905099987983704,72.0,,,,,,,,,,,,,,,,,,,,,,,,
162664,RWA,Sub-Saharan Africa,Low income,Rwanda,DHS,2020,,1,Region & Religion & Wealth,,,Quintile 3,East,,Adventist,,,,,,,0.653299987316132,0.223000004887581,0.133599996566772,,,,0.0379999987781048,,,,,,40.0,40.0,34.0,,,,33.0,,,,,,,,,,,,,,,,,,,0.0,187.0,0.23479999601841,51.0,1.0,38.0,,,,,,,,,,,,,,,,,,,,,,,,
162665,RWA,Sub-Saharan Africa,Low income,Rwanda,DHS,2020,,1,Region & Religion & Wealth,,,Quintile 3,East,,Catholic,,,,0.435600012540817,,,0.48309999704361,0.111100003123283,0.058899998664856,5.70650005340576,,0.150199994444847,0.0714000016450882,0.175200000405312,,40.0,,,86.0,86.0,51.0,32.0,,32.0,80.0,47.0,,,,,,0.0,67.0,,,,,,,,,0.0,30.0,0.0,440.0,0.36599999666214,121.0,0.815999984741211,82.0,,,,,,,,,,,,,,,,,,,,,,,,
162666,RWA,Sub-Saharan Africa,Low income,Rwanda,DHS,2020,,1,Region & Religion & Wealth,,,Quintile 3,East,,Jehovah's Witness,,,,,,,,,,,,,,,,,,,,,,,,,,,,,,,,,,,,,,,,,,,,,,,,,,,,,,,,,,,,,,,,,,,,,,,,,
162667,RWA,Sub-Saharan Africa,Low income,Rwanda,DHS,2020,,1,Region & Religion & Wealth,,,Quintile 3,East,,Muslim,,,,,,,,,,,,,,,,,,,,,,,,,,,,,,,,,,,,,,,,,,,,,,,,,,,,,,,,,,,,,,,,,,,,,,,,,
162668,RWA,Sub-Saharan Africa,Low income,Rwanda,DHS,2020,,1,Region & Religion & Wealth,,,Quintile 3,East,,No Religion/None,,,,,,,,,,,,,,,,,,,,,,,,,,,,,,,,,,,,,,,,,,,,0.0,39.0,,,,,,,,,,,,,,,,,,,,,,,,,,,,
162669,RWA,Sub-Saharan Africa,Low income,Rwanda,DHS,2020,,1,Region & Religion & Wealth,,,Quintile 3,East,,Protestant,,,,0.616999983787537,,,0.608699977397919,0.164399996399879,0.0412999987602234,6.22090005874634,,0.192300006747246,0.0447999984025955,0.0544000007212162,0.426400005817413,54.0,,,104.0,104.0,74.0,30.0,,30.0,130.0,69.0,43.0,,,,,0.0340999998152256,89.0,,,,,0.0,44.0,0.0,44.0,0.0,51.0,0.0,686.0,0.272199988365173,192.0,0.924700021743774,96.0,,,,,,,,,,,,,,,,,,,,,,,,
162670,RWA,Sub-Saharan Africa,Low income,Rwanda,DHS,2020,,1,Region & Religion & Wealth,,,Quintile 3,East,,Traditional,,,,,,,,,,,,,,,,,,,,,,,,,,,,,,,,,,,,,,,,,,,,,,,,,,,,,,,,,,,,,,,,,,,,,,,,,
162671,RWA,Sub-Saharan Africa,Low income,Rwanda,DHS,2020,,1,Region & Religion & Wealth,,,Quintile 3,Kigali,,Adventist,,,,,,,,,,,,,,,,,,,,,,,,,,,,,,,,,,,,,,,,,,,,,,,,,,,,,,,,,,,,,,,,,,,,,,,,,
162672,RWA,Sub-Saharan Africa,Low income,Rwanda,DHS,2020,,1,Region & Religion & Wealth,,,Quintile 3,Kigali,,Catholic,,,,,,,,,,,,,,,,,,,,,,,,,,,,,,,,,,,,,,,,,,,,0.0,71.0,,,,,,,,,,,,,,,,,,,,,,,,,,,,
162673,RWA,Sub-Saharan Africa,Low income,Rwanda,DHS,2020,,1,Region & Religion & Wealth,,,Quintile 3,Kigali,,Jehovah's Witness,,,,,,,,,,,,,,,,,,,,,,,,,,,,,,,,,,,,,,,,,,,,,,,,,,,,,,,,,,,,,,,,,,,,,,,,,
162674,RWA,Sub-Saharan Africa,Low income,Rwanda,DHS,2020,,1,Region & Religion & Wealth,,,Quintile 3,Kigali,,Muslim,,,,,,,,,,,,,,,,,,,,,,,,,,,,,,,,,,,,,,,,,,,,,,,,,,,,,,,,,,,,,,,,,,,,,,,,,
162675,RWA,Sub-Saharan Africa,Low income,Rwanda,DHS,2020,,1,Region & Religion & Wealth,,,Quintile 3,Kigali,,Protestant,,,,,,,,,,,,,0.0863000005483627,,,,,,,,,,,,32.0,,,,,,,,,,,,,,,,,,,0.0,157.0,0.289799988269806,44.0,,,,,,,,,,,,,,,,,,,,,,,,,,
162676,RWA,Sub-Saharan Africa,Low income,Rwanda,DHS,2020,,1,Region & Religion & Wealth,,,Quintile 3,North,,Adventist,,,,,,,,,,,,,,,,,,,,,,,,,,,,,,,,,,,,,,,,,,,,0.0,112.0,0.399800002574921,39.0,,,,,,,,,,,,,,,,,,,,,,,,,,
162677,RWA,Sub-Saharan Africa,Low income,Rwanda,DHS,2020,,1,Region & Religion & Wealth,,,Quintile 3,North,,Catholic,,,,0.588199973106384,,,0.60589998960495,0.186700001358986,0.0674000009894371,6.57760000228882,,0.115500003099442,0.0,0.097800001502037,0.53219997882843,37.0,,,89.0,89.0,61.0,32.0,,32.0,76.0,42.0,34.0,,,,,0.0292000006884336,58.0,,,,,,,,,0.0,44.0,0.0020999999251216,484.0,0.266699999570847,113.0,0.921000003814697,87.0,,,,,,,,,,,,,,,,,,,,,,,,
162678,RWA,Sub-Saharan Africa,Low income,Rwanda,DHS,2020,,1,Region & Religion & Wealth,,,Quintile 3,North,,Jehovah's Witness,,,,,,,,,,,,,,,,,,,,,,,,,,,,,,,,,,,,,,,,,,,,,,,,,,,,,,,,,,,,,,,,,,,,,,,,,
162679,RWA,Sub-Saharan Africa,Low income,Rwanda,DHS,2020,,1,Region & Religion & Wealth,,,Quintile 3,North,,Muslim,,,,,,,,,,,,,,,,,,,,,,,,,,,,,,,,,,,,,,,,,,,,,,,,,,,,,,,,,,,,,,,,,,,,,,,,,
162680,RWA,Sub-Saharan Africa,Low income,Rwanda,DHS,2020,,1,Region & Religion & Wealth,,,Quintile 3,North,,No Religion/None,,,,,,,,,,,,,,,,,,,,,,,,,,,,,,,,,,,,,,,,,,,,,,,,,,,,,,,,,,,,,,,,,,,,,,,,,
162681,RWA,Sub-Saharan Africa,Low income,Rwanda,DHS,2020,,1,Region & Religion & Wealth,,,Quintile 3,North,,Protestant,,,,,,,0.564599990844727,0.148300006985664,,,,,0.106200002133846,,,,,,43.0,43.0,,,,,50.0,,,,,,,0.0623000003397465,31.0,,,,,,,,,,,0.0,265.0,0.204799994826317,64.0,0.882499992847443,42.0,,,,,,,,,,,,,,,,,,,,,,,,
162682,RWA,Sub-Saharan Africa,Low income,Rwanda,DHS,2020,,1,Region & Religion & Wealth,,,Quintile 3,South,,Adventist,,,,,,,,,,,,,0.111400000751019,,,,,,,,,,,,34.0,,,,,,,,,,,,,,,,,,,0.0044999998062849,172.0,0.233400002121925,46.0,,,,,,,,,,,,,,,,,,,,,,,,,,
162683,RWA,Sub-Saharan Africa,Low income,Rwanda,DHS,2020,,1,Region & Religion & Wealth,,,Quintile 3,South,,Catholic,,,,0.690599977970123,0.304300010204315,,0.600799977779388,0.18299999833107,0.0483999997377396,5.20830011367798,,0.298299998044968,0.0494000017642975,0.061999998986721,,36.0,33.0,,93.0,93.0,56.0,36.0,,36.0,72.0,52.0,,,,,,0.0148999998345971,56.0,,,,,,,,,,,0.0,478.0,0.303700000047684,114.0,0.918099999427795,89.0,,,,,,,,,,,,,,,,,,,,,,,,
162684,RWA,Sub-Saharan Africa,Low income,Rwanda,DHS,2020,,1,Region & Religion & Wealth,,,Quintile 3,South,,Jehovah's Witness,,,,,,,,,,,,,,,,,,,,,,,,,,,,,,,,,,,,,,,,,,,,,,,,,,,,,,,,,,,,,,,,,,,,,,,,,
162685,RWA,Sub-Saharan Africa,Low income,Rwanda,DHS,2020,,1,Region & Religion & Wealth,,,Quintile 3,South,,Muslim,,,,,,,,,,,,,,,,,,,,,,,,,,,,,,,,,,,,,,,,,,,,,,,,,,,,,,,,,,,,,,,,,,,,,,,,,
162686,RWA,Sub-Saharan Africa,Low income,Rwanda,DHS,2020,,1,Region & Religion & Wealth,,,Quintile 3,South,,No Religion/None,,,,,,,,,,,,,,,,,,,,,,,,,,,,,,,,,,,,,,,,,,,,,,,,,,,,,,,,,,,,,,,,,,,,,,,,,
162687,RWA,Sub-Saharan Africa,Low income,Rwanda,DHS,2020,,1,Region & Religion & Wealth,,,Quintile 3,South,,Protestant,,,,,,,0.523299992084503,0.0434000007808208,,,,,0.0,,,,,,41.0,41.0,,,,,51.0,,,,,,,0.0,38.0,,,,,,,,,,,0.0,276.0,0.193499997258186,83.0,0.876500010490417,39.0,,,,,,,,,,,,,,,,,,,,,,,,
162688,RWA,Sub-Saharan Africa,Low income,Rwanda,DHS,2020,,1,Region & Religion & Wealth,,,Quintile 3,West,,Adventist,,,,,,,,,,,,,,,,,,,,,,,,,,,,,,,,,,,,,,,,,,,,0.0,138.0,0.234999999403954,40.0,,,,,,,,,,,,,,,,,,,,,,,,,,
162689,RWA,Sub-Saharan Africa,Low income,Rwanda,DHS,2020,,1,Region & Religion & Wealth,,,Quintile 3,West,,Catholic,,,,0.645699977874756,,,0.703400015830994,0.209999993443489,0.153600007295609,7.54829978942871,,0.0631000027060509,0.0282000005245209,0.058899998664856,0.509500026702881,38.0,,,94.0,94.0,61.0,34.0,,34.0,80.0,51.0,34.0,,,,,0.0181000009179115,63.0,,,,,,,,,,,0.0,466.0,0.130300000309944,114.0,0.952600002288818,88.0,,,,,,,,,,,,,,,,,,,,,,,,
162690,RWA,Sub-Saharan Africa,Low income,Rwanda,DHS,2020,,1,Region & Religion & Wealth,,,Quintile 3,West,,Jehovah's Witness,,,,,,,,,,,,,,,,,,,,,,,,,,,,,,,,,,,,,,,,,,,,,,,,,,,,,,,,,,,,,,,,,,,,,,,,,
162691,RWA,Sub-Saharan Africa,Low income,Rwanda,DHS,2020,,1,Region & Religion & Wealth,,,Quintile 3,West,,Muslim,,,,,,,,,,,,,,,,,,,,,,,,,,,,,,,,,,,,,,,,,,,,,,,,,,,,,,,,,,,,,,,,,,,,,,,,,
162692,RWA,Sub-Saharan Africa,Low income,Rwanda,DHS,2020,,1,Region & Religion & Wealth,,,Quintile 3,West,,No Religion/None,,,,,,,,,,,,,,,,,,,,,,,,,,,,,,,,,,,,,,,,,,,,,,,,,,,,,,,,,,,,,,,,,,,,,,,,,
162693,RWA,Sub-Saharan Africa,Low income,Rwanda,DHS,2020,,1,Region & Religion & Wealth,,,Quintile 3,West,,Protestant,,,,0.67960000038147,0.229000002145767,,0.693499982357025,0.167199999094009,0.115000002086163,6.80550003051758,,0.0944000035524368,0.0795999988913536,0.155200004577637,0.331800013780594,51.0,41.0,,125.0,125.0,75.0,45.0,,45.0,117.0,59.0,42.0,,,,,0.0516000017523766,74.0,,,,,0.0,30.0,0.0,30.0,0.0,30.0,0.0049999998882412,616.0,0.235499992966652,156.0,0.932900011539459,118.0,,,,,,,,,,,,,,,,,,,,,,,,
162694,RWA,Sub-Saharan Africa,Low income,Rwanda,DHS,2020,,1,Region & Religion & Wealth,,,Quintile 4,East,,Adventist,,,,,,,0.791899979114532,0.326799988746643,,,,,,,,,,,35.0,35.0,,,,,,,,,,,,,,,,,,,,,,,,0.0,138.0,,,0.953100025653839,34.0,,,,,,,,,,,,,,,,,,,,,,,,
162695,RWA,Sub-Saharan Africa,Low income,Rwanda,DHS,2020,,1,Region & Religion & Wealth,,,Quintile 4,East,,Catholic,,,,0.893499970436096,0.319000005722046,,0.772199988365173,0.206900000572205,0.170000001788139,6.67170000076294,,0.194000005722046,0.0286999996751547,0.0775000005960464,0.316799998283386,49.0,41.0,,117.0,117.0,64.0,39.0,,39.0,67.0,49.0,51.0,,,,,0.0,57.0,,,,,,,,,0.0270000007003546,30.0,0.0038999998942017,478.0,0.12559999525547,102.0,0.929799973964691,113.0,,,,,,,,,,,,,,,,,,,,,,,,
162696,RWA,Sub-Saharan Africa,Low income,Rwanda,DHS,2020,,1,Region & Religion & Wealth,,,Quintile 4,East,,Jehovah's Witness,,,,,,,,,,,,,,,,,,,,,,,,,,,,,,,,,,,,,,,,,,,,,,,,,,,,,,,,,,,,,,,,,,,,,,,,,
162697,RWA,Sub-Saharan Africa,Low income,Rwanda,DHS,2020,,1,Region & Religion & Wealth,,,Quintile 4,East,,Muslim,,,,,,,,,,,,,,,,,,,,,,,,,,,,,,,,,,,,,,,,,,,,0.0,74.0,,,,,,,,,,,,,,,,,,,,,,,,,,,,
162698,RWA,Sub-Saharan Africa,Low income,Rwanda,DHS,2020,,1,Region & Religion & Wealth,,,Quintile 4,East,,No Religion/None,,,,,,,,,,,,,,,,,,,,,,,,,,,,,,,,,,,,,,,,,,,,,,,,,,,,,,,,,,,,,,,,,,,,,,,,,
162699,RWA,Sub-Saharan Africa,Low income,Rwanda,DHS,2020,,1,Region & Religion & Wealth,,,Quintile 4,East,,Protestant,,,,0.767700016498566,0.362199991941452,,0.820299983024597,0.320100009441376,0.19650000333786,8.47179985046387,,0.0,0.0296999998390675,0.0511999987065792,0.225700005888939,50.0,38.0,,125.0,125.0,82.0,53.0,,53.0,106.0,57.0,44.0,,,,,0.0099999997764825,78.0,,,,,,,,,0.0,45.0,0.0012000000569969,637.0,0.163699999451637,156.0,0.987200021743774,122.0,,,,,,,,,,,,,,,,,,,,,,,,
162700,RWA,Sub-Saharan Africa,Low income,Rwanda,DHS,2020,,1,Region & Religion & Wealth,,,Quintile 4,Kigali,,Adventist,,,,,,,,,,,,,,,,,,,,,,,,,,,,,,,,,,,,,,,,,,,,0.0071999998763203,87.0,,,,,,,,,,,,,,,,,,,,,,,,,,,,
162701,RWA,Sub-Saharan Africa,Low income,Rwanda,DHS,2020,,1,Region & Religion & Wealth,,,Quintile 4,Kigali,,Catholic,,,,,,,0.754499971866608,0.230199992656708,0.295800000429153,,,,0.0,,,,,,52.0,52.0,55.0,,,,38.0,,,,,,,,,,,,,,,,,0.0120000001043081,31.0,0.0023000000510364,282.0,0.121500000357628,53.0,1.0,51.0,,,,,,,,,,,,,,,,,,,,,,,,
162702,RWA,Sub-Saharan Africa,Low income,Rwanda,DHS,2020,,1,Region & Religion & Wealth,,,Quintile 4,Kigali,,Jehovah's Witness,,,,,,,,,,,,,,,,,,,,,,,,,,,,,,,,,,,,,,,,,,,,,,,,,,,,,,,,,,,,,,,,,,,,,,,,,
162703,RWA,Sub-Saharan Africa,Low income,Rwanda,DHS,2020,,1,Region & Religion & Wealth,,,Quintile 4,Kigali,,Muslim,,,,,,,,,,,,,,,,,,,,,,,,,,,,,,,,,,,,,,,,,,,,0.0,41.0,,,,,,,,,,,,,,,,,,,,,,,,,,,,
162704,RWA,Sub-Saharan Africa,Low income,Rwanda,DHS,2020,,1,Region & Religion & Wealth,,,Quintile 4,Kigali,,No Religion/None,,,,,,,,,,,,,,,,,,,,,,,,,,,,,,,,,,,,,,,,,,,,,,,,,,,,,,,,,,,,,,,,,,,,,,,,,
162705,RWA,Sub-Saharan Africa,Low income,Rwanda,DHS,2020,,1,Region & Religion & Wealth,,,Quintile 4,Kigali,,Protestant,,,,,,,0.705999970436096,0.197899997234344,0.263799995183945,,,,0.0322999991476536,,,,,,61.0,61.0,66.0,,,,47.0,,,,,,,0.0,35.0,,,,,0.144899994134903,38.0,0.144899994134903,38.0,,,0.0,336.0,0.234699994325638,70.0,0.950299978256226,56.0,,,,,,,,,,,,,,,,,,,,,,,,
162706,RWA,Sub-Saharan Africa,Low income,Rwanda,DHS,2020,,1,Region & Religion & Wealth,,,Quintile 4,North,,Adventist,,,,,,,,,,,,,,,,,,,,,,,,,,,,,,,,,,,,,,,,,,,,0.0,61.0,,,,,,,,,,,,,,,,,,,,,,,,,,,,
162707,RWA,Sub-Saharan Africa,Low income,Rwanda,DHS,2020,,1,Region & Religion & Wealth,,,Quintile 4,North,,Catholic,,,,0.792500019073486,,,0.79339998960495,0.271800011396408,0.262499988079071,7.75209999084473,,0.0794000029563904,0.0215000007301569,0.234999999403954,0.419099986553192,36.0,,,84.0,84.0,50.0,33.0,,33.0,62.0,35.0,31.0,,,,,0.0,42.0,,,,,,,,,0.0300999991595745,41.0,0.0,403.0,0.158099994063377,85.0,0.985499978065491,79.0,,,,,,,,,,,,,,,,,,,,,,,,
162708,RWA,Sub-Saharan Africa,Low income,Rwanda,DHS,2020,,1,Region & Religion & Wealth,,,Quintile 4,North,,Jehovah's Witness,,,,,,,,,,,,,,,,,,,,,,,,,,,,,,,,,,,,,,,,,,,,,,,,,,,,,,,,,,,,,,,,,,,,,,,,,
162709,RWA,Sub-Saharan Africa,Low income,Rwanda,DHS,2020,,1,Region & Religion & Wealth,,,Quintile 4,North,,Muslim,,,,,,,,,,,,,,,,,,,,,,,,,,,,,,,,,,,,,,,,,,,,,,,,,,,,,,,,,,,,,,,,,,,,,,,,,
162710,RWA,Sub-Saharan Africa,Low income,Rwanda,DHS,2020,,1,Region & Religion & Wealth,,,Quintile 4,North,,No Religion/None,,,,,,,,,,,,,,,,,,,,,,,,,,,,,,,,,,,,,,,,,,,,,,,,,,,,,,,,,,,,,,,,,,,,,,,,,
162711,RWA,Sub-Saharan Africa,Low income,Rwanda,DHS,2020,,1,Region & Religion & Wealth,,,Quintile 4,North,,Protestant,,,,,,,0.777999997138977,0.351300001144409,,,,,0.0,,,,,,50.0,50.0,,,,,47.0,,,,,,,0.0,35.0,,,,,,,,,,,0.0,254.0,0.0998999997973442,65.0,0.979600012302399,46.0,,,,,,,,,,,,,,,,,,,,,,,,
162712,RWA,Sub-Saharan Africa,Low income,Rwanda,DHS,2020,,1,Region & Religion & Wealth,,,Quintile 4,South,,Adventist,,,,,,,0.849900007247925,0.294999986886978,,,,,,,,,,,34.0,34.0,,,,,,,,,,,,,,,,,,,,,,,,0.0,159.0,0.0760999992489815,39.0,0.975099980831146,34.0,,,,,,,,,,,,,,,,,,,,,,,,
162713,RWA,Sub-Saharan Africa,Low income,Rwanda,DHS,2020,,1,Region & Religion & Wealth,,,Quintile 4,South,,Catholic,,,,0.762899994850159,0.360100001096725,0.109499998390675,0.746599972248077,0.247899994254112,0.265899986028671,7.41029977798462,,0.0675999969244003,0.0421000011265278,0.0794999971985817,0.366100013256073,46.0,36.0,34.0,118.0,118.0,80.0,47.0,,47.0,95.0,41.0,46.0,,,,,0.0165999997407198,60.0,,,,,0.118400000035763,33.0,0.118400000035763,33.0,,,0.0031999999191612,521.0,0.137799993157387,116.0,0.923399984836578,116.0,,,,,,,,,,,,,,,,,,,,,,,,
162714,RWA,Sub-Saharan Africa,Low income,Rwanda,DHS,2020,,1,Region & Religion & Wealth,,,Quintile 4,South,,Jehovah's Witness,,,,,,,,,,,,,,,,,,,,,,,,,,,,,,,,,,,,,,,,,,,,,,,,,,,,,,,,,,,,,,,,,,,,,,,,,
162715,RWA,Sub-Saharan Africa,Low income,Rwanda,DHS,2020,,1,Region & Religion & Wealth,,,Quintile 4,South,,Muslim,,,,,,,,,,,,,,,,,,,,,,,,,,,,,,,,,,,,,,,,,,,,,,,,,,,,,,,,,,,,,,,,,,,,,,,,,
162716,RWA,Sub-Saharan Africa,Low income,Rwanda,DHS,2020,,1,Region & Religion & Wealth,,,Quintile 4,South,,Protestant,,,,,,,0.717499971389771,0.221100002527237,0.347699999809265,,,,0.0239000003784895,,,,,,45.0,45.0,32.0,,,,55.0,,,,,,,0.0256999991834164,35.0,,,,,,,,,0.0,33.0,0.0,303.0,0.143999993801117,74.0,1.0,40.0,,,,,,,,,,,,,,,,,,,,,,,,
162717,RWA,Sub-Saharan Africa,Low income,Rwanda,DHS,2020,,1,Region & Religion & Wealth,,,Quintile 4,West,,Adventist,,,,,,,,,,,,,,,,,,,,,,,,,,,,,,,,,,,,,,,,,,,,0.0,158.0,0.096900001168251,35.0,,,,,,,,,,,,,,,,,,,,,,,,,,
162718,RWA,Sub-Saharan Africa,Low income,Rwanda,DHS,2020,,1,Region & Religion & Wealth,,,Quintile 4,West,,Catholic,,,,0.783999979496002,0.517099976539612,,0.842999994754791,0.383399993181229,0.362800002098083,8.74120044708252,,0.0494999997317791,0.0,0.0190999992191792,0.231600001454353,35.0,33.0,,100.0,100.0,71.0,41.0,,41.0,75.0,37.0,40.0,,,,,0.0273000001907349,55.0,,,,,0.0755999982357025,30.0,0.0755999982357025,30.0,0.169900000095367,33.0,0.0027000000700354,449.0,0.136099994182587,106.0,0.989600002765656,95.0,,,,,,,,,,,,,,,,,,,,,,,,
162719,RWA,Sub-Saharan Africa,Low income,Rwanda,DHS,2020,,1,Region & Religion & Wealth,,,Quintile 4,West,,Jehovah's Witness,,,,,,,,,,,,,,,,,,,,,,,,,,,,,,,,,,,,,,,,,,,,,,,,,,,,,,,,,,,,,,,,,,,,,,,,,
162720,RWA,Sub-Saharan Africa,Low income,Rwanda,DHS,2020,,1,Region & Religion & Wealth,,,Quintile 4,West,,Muslim,,,,,,,,,,,,,,,,,,,,,,,,,,,,,,,,,,,,,,,,,,,,,,,,,,,,,,,,,,,,,,,,,,,,,,,,,
162721,RWA,Sub-Saharan Africa,Low income,Rwanda,DHS,2020,,1,Region & Religion & Wealth,,,Quintile 4,West,,Protestant,,,,0.712400019168854,,,0.678799986839294,0.19990000128746,0.189999997615814,6.71120023727417,,0.168999999761581,0.068000003695488,0.0887999981641769,0.380199998617172,46.0,,,94.0,94.0,59.0,34.0,,34.0,104.0,45.0,38.0,,,,,0.0346000008285046,66.0,,,,,,,,,0.134100005030632,40.0,0.0038999998942017,531.0,0.163200005888939,138.0,0.850600004196167,94.0,,,,,,,,,,,,,,,,,,,,,,,,
162722,RWA,Sub-Saharan Africa,Low income,Rwanda,DHS,2020,,1,Region & Religion & Wealth,,,Quintile 5,East,,Adventist,,,,,,,0.878000020980835,0.406899988651276,,,,,,,,,,,31.0,31.0,,,,,,,,,,,,,,,,,,,,,,,,0.0239000003784895,105.0,0.189500004053116,30.0,0.970200002193451,30.0,,,,,,,,,,,,,,,,,,,,,,,,
162723,RWA,Sub-Saharan Africa,Low income,Rwanda,DHS,2020,,1,Region & Religion & Wealth,,,Quintile 5,East,,Catholic,,,,0.934400022029877,,,0.849399983882904,0.526700019836426,0.487899988889694,,,,0.0054000001400709,,,30.0,,,80.0,80.0,48.0,,,,54.0,,,,,,,,,,,,,,,,,,,0.0199999995529652,320.0,0.17339999973774,63.0,0.940100014209747,78.0,,,,,,,,,,,,,,,,,,,,,,,,
162724,RWA,Sub-Saharan Africa,Low income,Rwanda,DHS,2020,,1,Region & Religion & Wealth,,,Quintile 5,East,,Jehovah's Witness,,,,,,,,,,,,,,,,,,,,,,,,,,,,,,,,,,,,,,,,,,,,,,,,,,,,,,,,,,,,,,,,,,,,,,,,,
162725,RWA,Sub-Saharan Africa,Low income,Rwanda,DHS,2020,,1,Region & Religion & Wealth,,,Quintile 5,East,,Muslim,,,,,,,,,,,,,,,,,,,,,,,,,,,,,,,,,,,,,,,,,,,,0.0,42.0,,,,,,,,,,,,,,,,,,,,,,,,,,,,
162726,RWA,Sub-Saharan Africa,Low income,Rwanda,DHS,2020,,1,Region & Religion & Wealth,,,Quintile 5,East,,No Religion/None,,,,,,,,,,,,,,,,,,,,,,,,,,,,,,,,,,,,,,,,,,,,,,,,,,,,,,,,,,,,,,,,,,,,,,,,,
162727,RWA,Sub-Saharan Africa,Low income,Rwanda,DHS,2020,,1,Region & Religion & Wealth,,,Quintile 5,East,,Protestant,,,,0.77240002155304,0.389800012111664,,0.768299996852875,0.305200010538101,0.411199986934662,8.56089973449707,,0.104299999773502,0.0370999984443188,0.0656000003218651,0.42289999127388,54.0,42.0,,125.0,125.0,85.0,48.0,,48.0,61.0,38.0,56.0,,,,,0.0,36.0,,,,,0.269400000572205,37.0,0.269400000572205,37.0,0.31029999256134,41.0,0.0087999999523162,508.0,0.0922000035643578,91.0,0.976000010967255,121.0,,,,,,,,,,,,,,,,,,,,,,,,
162728,RWA,Sub-Saharan Africa,Low income,Rwanda,DHS,2020,,1,Region & Religion & Wealth,,,Quintile 5,East,,Traditional,,,,,,,,,,,,,,,,,,,,,,,,,,,,,,,,,,,,,,,,,,,,,,,,,,,,,,,,,,,,,,,,,,,,,,,,,
162729,RWA,Sub-Saharan Africa,Low income,Rwanda,DHS,2020,,1,Region & Religion & Wealth,,,Quintile 5,Kigali,,Adventist,,,,,,,0.91839998960495,0.628499984741211,0.641499996185303,,,,,,,,,,39.0,39.0,43.0,,,,,,,,,,,,,,,,,,,,,,,0.035300001502037,162.0,,,0.941699981689453,39.0,,,,,,,,,,,,,,,,,,,,,,,,
162730,RWA,Sub-Saharan Africa,Low income,Rwanda,DHS,2020,,1,Region & Religion & Wealth,,,Quintile 5,Kigali,,Catholic,,,,0.760599970817566,0.666999995708466,0.400999993085861,0.841499984264374,0.556599974632263,0.494199991226196,10.0180997848511,,0.0305000003427267,0.0201999992132187,0.0531000010669231,0.350600004196167,55.0,44.0,46.0,162.0,162.0,150.0,78.0,,78.0,97.0,51.0,59.0,,,,,0.0262000001966953,69.0,,,,,0.339899986982346,72.0,0.339899986982346,72.0,0.28889998793602,72.0,0.0082999998703599,699.0,0.0749000012874603,126.0,0.985700011253357,157.0,,,,,,,,,,,,,,,,,,,,,,,,
162731,RWA,Sub-Saharan Africa,Low income,Rwanda,DHS,2020,,1,Region & Religion & Wealth,,,Quintile 5,Kigali,,Jehovah's Witness,,,,,,,,,,,,,,,,,,,,,,,,,,,,,,,,,,,,,,,,,,,,,,,,,,,,,,,,,,,,,,,,,,,,,,,,,
162732,RWA,Sub-Saharan Africa,Low income,Rwanda,DHS,2020,,1,Region & Religion & Wealth,,,Quintile 5,Kigali,,Muslim,,,,,,,,,,,,,,,,,,,,,,,,,,,,,,,,,,,,,,,,,,,,0.0318000018596649,109.0,,,,,,,,,,,,,,,,,,,,,,,,,,,,
162733,RWA,Sub-Saharan Africa,Low income,Rwanda,DHS,2020,,1,Region & Religion & Wealth,,,Quintile 5,Kigali,,No Religion/None,,,,,,,,,,,,,,,,,,,,,,,,,,,,,,,,,,,,,,,,,,,,0.0364000014960766,33.0,,,,,,,,,,,,,,,,,,,,,,,,,,,,
162734,RWA,Sub-Saharan Africa,Low income,Rwanda,DHS,2020,,1,Region & Religion & Wealth,,,Quintile 5,Kigali,,Protestant,,,,0.918699979782104,0.494500011205673,0.567700028419495,0.88400000333786,0.524999976158142,0.482800006866455,9.66549968719482,,0.0414000004529953,0.011400000192225,0.101800002157688,0.292800009250641,64.0,93.0,80.0,253.0,253.0,216.0,135.0,,135.0,123.0,56.0,70.0,,,,,0.0551999993622303,79.0,,,,,0.388599991798401,81.0,0.388599991798401,81.0,0.227699995040894,85.0,0.0266999993473291,972.0,0.0864000022411346,154.0,0.985300004482269,246.0,,,,,,,,,,,,,,,,,,,,,,,,
162735,RWA,Sub-Saharan Africa,Low income,Rwanda,DHS,2020,,1,Region & Religion & Wealth,,,Quintile 5,Kigali,,Traditional,,,,,,,,,,,,,,,,,,,,,,,,,,,,,,,,,,,,,,,,,,,,,,,,,,,,,,,,,,,,,,,,,,,,,,,,,
162736,RWA,Sub-Saharan Africa,Low income,Rwanda,DHS,2020,,1,Region & Religion & Wealth,,,Quintile 5,North,,Adventist,,,,,,,0.736000001430511,0.563899993896484,,,,,,,,,,,37.0,37.0,,,,,,,,,,,,,,,,,,,,,,,,0.0068999999202787,160.0,,,0.929700016975403,36.0,,,,,,,,,,,,,,,,,,,,,,,,
162737,RWA,Sub-Saharan Africa,Low income,Rwanda,DHS,2020,,1,Region & Religion & Wealth,,,Quintile 5,North,,Catholic,,,,,,,0.896499991416931,0.580399990081787,0.648999989032745,,,,0.0121999997645617,,,,,,67.0,67.0,54.0,,,,39.0,,,,,,,0.0,31.0,,,,,,,,,,,0.0315999984741211,303.0,0.0480000004172325,53.0,1.0,67.0,,,,,,,,,,,,,,,,,,,,,,,,
162738,RWA,Sub-Saharan Africa,Low income,Rwanda,DHS,2020,,1,Region & Religion & Wealth,,,Quintile 5,North,,Muslim,,,,,,,,,,,,,,,,,,,,,,,,,,,,,,,,,,,,,,,,,,,,,,,,,,,,,,,,,,,,,,,,,,,,,,,,,
162739,RWA,Sub-Saharan Africa,Low income,Rwanda,DHS,2020,,1,Region & Religion & Wealth,,,Quintile 5,North,,Protestant,,,,,,,0.809300005435944,0.501399993896484,,,,,,,,,,,38.0,38.0,,,,,,,,,,,,,,,,,,,,,,,,0.0586999990046024,156.0,,,0.971800029277802,35.0,,,,,,,,,,,,,,,,,,,,,,,,
162740,RWA,Sub-Saharan Africa,Low income,Rwanda,DHS,2020,,1,Region & Religion & Wealth,,,Quintile 5,South,,Adventist,,,,,,,,,,,,,,,,,,,,,,,,,,,,,,,,,,,,,,,,,,,,0.0,103.0,,,,,,,,,,,,,,,,,,,,,,,,,,,,
162741,RWA,Sub-Saharan Africa,Low income,Rwanda,DHS,2020,,1,Region & Religion & Wealth,,,Quintile 5,South,,Catholic,,,,0.829500019550323,,,0.794799983501434,0.353100001811981,0.578700006008148,,,,0.0281000006943941,,0.47350001335144,31.0,,,76.0,76.0,43.0,,,,40.0,,31.0,,,,,,,,,,,,,,,,,0.0251000002026558,325.0,0.0487999990582466,46.0,0.976000010967255,72.0,,,,,,,,,,,,,,,,,,,,,,,,
162742,RWA,Sub-Saharan Africa,Low income,Rwanda,DHS,2020,,1,Region & Religion & Wealth,,,Quintile 5,South,,Muslim,,,,,,,,,,,,,,,,,,,,,,,,,,,,,,,,,,,,,,,,,,,,,,,,,,,,,,,,,,,,,,,,,,,,,,,,,
162743,RWA,Sub-Saharan Africa,Low income,Rwanda,DHS,2020,,1,Region & Religion & Wealth,,,Quintile 5,South,,No Religion/None,,,,,,,,,,,,,,,,,,,,,,,,,,,,,,,,,,,,,,,,,,,,,,,,,,,,,,,,,,,,,,,,,,,,,,,,,
162744,RWA,Sub-Saharan Africa,Low income,Rwanda,DHS,2020,,1,Region & Religion & Wealth,,,Quintile 5,South,,Protestant,,,,,,,0.89190000295639,0.245900005102158,0.367300003767014,,,,0.0,,,,,,45.0,45.0,30.0,,,,38.0,,,,,,,,,,,,,,,,,,,0.0020000000949949,239.0,0.0689999982714653,53.0,0.967899978160858,44.0,,,,,,,,,,,,,,,,,,,,,,,,
162745,RWA,Sub-Saharan Africa,Low income,Rwanda,DHS,2020,,1,Region & Religion & Wealth,,,Quintile 5,West,,Adventist,,,,,,,,,,,,,,,,,,,,,,,,,,,,,,,,,,,,,,,,,,,,0.0109999999403954,153.0,,,,,,,,,,,,,,,,,,,,,,,,,,,,
162746,RWA,Sub-Saharan Africa,Low income,Rwanda,DHS,2020,,1,Region & Religion & Wealth,,,Quintile 5,West,,Catholic,,,,,,,0.749000012874603,0.423400014638901,0.478899985551834,,,,0.0,,,,,,60.0,60.0,46.0,,,,36.0,,,,,,,,,,,,,,,,,,,0.0094999996945262,259.0,0.0236000008881092,47.0,0.958199977874756,58.0,,,,,,,,,,,,,,,,,,,,,,,,
162747,RWA,Sub-Saharan Africa,Low income,Rwanda,DHS,2020,,1,Region & Religion & Wealth,,,Quintile 5,West,,Muslim,,,,,,,,,,,,,,,,,,,,,,,,,,,,,,,,,,,,,,,,,,,,0.0291000008583069,42.0,,,,,,,,,,,,,,,,,,,,,,,,,,,,
162748,RWA,Sub-Saharan Africa,Low income,Rwanda,DHS,2020,,1,Region & Religion & Wealth,,,Quintile 5,West,,Protestant,,,,0.80019998550415,0.459199994802475,,0.827499985694885,0.419600009918213,0.482600003480911,,,,0.0208999998867512,0.184900000691414,0.320699989795685,45.0,33.0,,99.0,99.0,60.0,,,,76.0,40.0,42.0,,,,,0.0,50.0,,,,,0.137500002980232,33.0,0.137500002980232,33.0,0.23139999806881,30.0,0.0007999999797903,470.0,0.096900001168251,97.0,0.948599994182587,94.0,,,,,,,,,,,,,,,,,,,,,,,,
162749,RWA,Sub-Saharan Africa,Low income,Rwanda,DHS,2020,,1,Location & Region & Religion,,Rural,,East,,Adventist,,,,0.595099985599518,0.303000003099442,,0.62830001115799,0.208499997854233,0.128099992871284,6.58209991455078,,0.237800002098083,0.0513999983668327,0.137799993157387,0.378800004720688,51.0,33.0,,112.0,112.0,83.0,40.0,,40.0,123.0,59.0,41.0,,,,,0.0091000003740191,92.0,,,,,0.0216000005602837,43.0,0.0216000005602837,43.0,0.0,38.0,0.0020000000949949,626.0,0.228400006890297,176.0,0.952899992465973,106.0,,,,,,,,,,,,,,,,,,,,,,,,
162750,RWA,Sub-Saharan Africa,Low income,Rwanda,DHS,2020,,1,Location & Region & Religion,,Rural,,East,,Catholic,,,,0.630800008773804,0.213499993085861,0.16159999370575,0.59850001335144,0.182500004768372,0.135800004005432,6.09149980545044,,0.237200006842613,0.0786999985575676,0.107900001108646,0.411500006914139,176.0,108.0,79.0,386.0,386.0,231.0,136.0,,136.0,306.0,175.0,159.0,,,,,0.023199999704957,233.0,,,,,0.049100000411272,95.0,0.049100000411272,95.0,0.0449000000953674,103.0,0.0038999998942017,1809.0,0.300900012254715,457.0,0.878899991512299,367.0,,,,,,,,,,,,,,,,,,,,,,,,
162751,RWA,Sub-Saharan Africa,Low income,Rwanda,DHS,2020,,1,Location & Region & Religion,,Rural,,East,,Jehovah's Witness,,,,,,,,,,,,,,,,,,,,,,,,,,,,,,,,,,,,,,,,,,,,0.0,61.0,,,,,,,,,,,,,,,,,,,,,,,,,,,,
162752,RWA,Sub-Saharan Africa,Low income,Rwanda,DHS,2020,,1,Location & Region & Religion,,Rural,,East,,Muslim,,,,,,,0.576399981975555,0.144500002264977,,,,,,,,,,,39.0,39.0,,,,,,,,,,,,,,,,,,,,,,,,0.0,185.0,0.518899977207184,45.0,0.951099991798401,35.0,,,,,,,,,,,,,,,,,,,,,,,,
162753,RWA,Sub-Saharan Africa,Low income,Rwanda,DHS,2020,,1,Location & Region & Religion,,Rural,,East,,No Religion/None,,,,,,,,,,,,,0.160899996757507,,,,,,,,,,,,33.0,,,,,,,,,,,,,,,,,,,0.0,136.0,0.318500012159348,41.0,,,,,,,,,,,,,,,,,,,,,,,,,,
162754,RWA,Sub-Saharan Africa,Low income,Rwanda,DHS,2020,,1,Location & Region & Religion,,Rural,,East,,Protestant,,,,0.554300010204315,0.234099999070168,0.187199994921684,0.606700003147125,0.187900006771088,0.127599999308586,6.97100019454956,,0.13289999961853,0.0549999997019768,0.10360000282526,0.422399997711182,199.0,138.0,85.0,453.0,453.0,335.0,172.0,,172.0,466.0,228.0,166.0,,,,,0.0631999969482422,307.0,,,,,0.0524999983608723,164.0,0.0524999983608723,164.0,0.0324999988079071,190.0,0.0013999999500811,2604.0,0.277500003576279,690.0,0.90719997882843,429.0,,,,,,,,,,,,,,,,,,,,,,,,
162755,RWA,Sub-Saharan Africa,Low income,Rwanda,DHS,2020,,1,Location & Region & Religion,,Rural,,East,,Traditional,,,,,,,,,,,,,,,,,,,,,,,,,,,,,,,,,,,,,,,,,,,,,,,,,,,,,,,,,,,,,,,,,,,,,,,,,
162756,RWA,Sub-Saharan Africa,Low income,Rwanda,DHS,2020,,1,Location & Region & Religion,,Rural,,Kigali,,Adventist,,,,,,,,,,,,,,,,,,,,,,,,,,,,,,,,,,,,,,,,,,,,0.0,95.0,,,,,,,,,,,,,,,,,,,,,,,,,,,,
162757,RWA,Sub-Saharan Africa,Low income,Rwanda,DHS,2020,,1,Location & Region & Religion,,Rural,,Kigali,,Catholic,,,,,,,0.594399988651276,0.258899986743927,0.267300009727478,,,,0.0608000010251999,,,,,,54.0,54.0,43.0,,,,63.0,,,,,,,0.0546999983489513,40.0,,,,,,,,,0.0204000007361174,30.0,0.0,349.0,0.196799993515015,81.0,0.957300007343292,52.0,,,,,,,,,,,,,,,,,,,,,,,,
162758,RWA,Sub-Saharan Africa,Low income,Rwanda,DHS,2020,,1,Location & Region & Religion,,Rural,,Kigali,,Muslim,,,,,,,,,,,,,,,,,,,,,,,,,,,,,,,,,,,,,,,,,,,,,,,,,,,,,,,,,,,,,,,,,,,,,,,,,
162759,RWA,Sub-Saharan Africa,Low income,Rwanda,DHS,2020,,1,Location & Region & Religion,,Rural,,Kigali,,No Religion/None,,,,,,,,,,,,,,,,,,,,,,,,,,,,,,,,,,,,,,,,,,,,,,,,,,,,,,,,,,,,,,,,,,,,,,,,,
162760,RWA,Sub-Saharan Africa,Low income,Rwanda,DHS,2020,,1,Location & Region & Religion,,Rural,,Kigali,,Protestant,,,,,,,0.605000019073486,0.209999993443489,0.209299996495247,,,,0.0970999971032143,,,,,,65.0,65.0,46.0,,,,80.0,,,,,,,0.0320999994874001,53.0,,,,,,,,,0.0248000007122755,34.0,0.0020000000949949,411.0,0.23309999704361,101.0,0.971300005912781,61.0,,,,,,,,,,,,,,,,,,,,,,,,
162761,RWA,Sub-Saharan Africa,Low income,Rwanda,DHS,2020,,1,Location & Region & Religion,,Rural,,North,,Adventist,,,,,,,0.633199989795685,0.287900000810623,0.202900007367134,,,,0.0278999991714954,,,,,,57.0,57.0,47.0,,,,58.0,,,,,,,0.046000000089407,40.0,,,,,,,,,,,0.0,342.0,0.287299990653992,92.0,0.90310001373291,55.0,,,,,,,,,,,,,,,,,,,,,,,,
162762,RWA,Sub-Saharan Africa,Low income,Rwanda,DHS,2020,,1,Location & Region & Religion,,Rural,,North,,Catholic,,,,0.623799979686737,0.214100003242493,0.159299999475479,0.605300009250641,0.160500004887581,0.128800004720688,6.55910015106201,,0.132499992847443,0.0276999995112419,0.149599999189377,0.545700013637543,117.0,74.0,66.0,278.0,278.0,189.0,108.0,,108.0,297.0,147.0,96.0,,,,,0.024100000038743,219.0,,,,,0.0200999993830919,81.0,0.0200999993830919,81.0,0.0243999995291233,171.0,0.0010000000474974,1707.0,0.226699993014336,430.0,0.919399976730347,261.0,,,,,,,,,,,,,,,,,,,,,,,,
162763,RWA,Sub-Saharan Africa,Low income,Rwanda,DHS,2020,,1,Location & Region & Religion,,Rural,,North,,Jehovah's Witness,,,,,,,,,,,,,,,,,,,,,,,,,,,,,,,,,,,,,,,,,,,,,,,,,,,,,,,,,,,,,,,,,,,,,,,,,
162764,RWA,Sub-Saharan Africa,Low income,Rwanda,DHS,2020,,1,Location & Region & Religion,,Rural,,North,,Muslim,,,,,,,,,,,,,,,,,,,,,,,,,,,,,,,,,,,,,,,,,,,,,,,,,,,,,,,,,,,,,,,,,,,,,,,,,
162765,RWA,Sub-Saharan Africa,Low income,Rwanda,DHS,2020,,1,Location & Region & Religion,,Rural,,North,,No Religion/None,,,,,,,,,,,,,,,,,,,,,,,,,,,,,,,,,,,,,,,,,,,,0.0,58.0,,,,,,,,,,,,,,,,,,,,,,,,,,,,
162766,RWA,Sub-Saharan Africa,Low income,Rwanda,DHS,2020,,1,Location & Region & Religion,,Rural,,North,,Protestant,,,,0.514900028705597,0.16889999806881,0.0995000004768372,0.511500000953674,0.158099994063377,0.109300002455711,6.00939989089966,,0.156399995088577,0.0759999975562096,0.166199997067451,0.594900012016296,102.0,62.0,51.0,230.0,230.0,145.0,83.0,,83.0,196.0,110.0,95.0,,,,,0.0148999998345971,136.0,,,,,0.0397999994456768,62.0,0.0397999994456768,62.0,0.0148000000044703,61.0,0.0,1122.0,0.259400010108948,288.0,0.864000022411346,211.0,,,,,,,,,,,,,,,,,,,,,,,,
162767,RWA,Sub-Saharan Africa,Low income,Rwanda,DHS,2020,,1,Location & Region & Religion,,Rural,,South,,Adventist,,,,0.653599977493286,0.351300001144409,,0.633599996566772,0.191300004720688,0.0614000000059605,6.00379991531372,,0.214399993419647,0.0593999996781349,0.140900000929832,0.420100003480911,59.0,39.0,,125.0,125.0,86.0,41.0,,41.0,154.0,68.0,47.0,,,,,0.0254999995231628,110.0,,,,,0.0244999993592501,45.0,0.0244999993592501,45.0,0.0,69.0,0.0010000000474974,839.0,0.203999996185303,202.0,0.927500009536743,119.0,,,,,,,,,,,,,,,,,,,,,,,,
162768,RWA,Sub-Saharan Africa,Low income,Rwanda,DHS,2020,,1,Location & Region & Religion,,Rural,,South,,Catholic,,,,0.640500009059906,0.258799999952316,0.0917999967932701,0.594200015068054,0.169799998402596,0.119599997997284,5.7600998878479,,0.219300001859665,0.0588000006973743,0.126800000667572,0.457500010728836,184.0,129.0,89.0,420.0,420.0,284.0,147.0,,147.0,409.0,205.0,147.0,,,,,0.0366000011563301,283.0,,,,,0.0408999994397163,137.0,0.0408999994397163,137.0,0.0427000001072884,160.0,0.001300000003539,2353.0,0.236800000071526,538.0,0.907500028610229,394.0,,,,,,,,,,,,,,,,,,,,,,,,
162769,RWA,Sub-Saharan Africa,Low income,Rwanda,DHS,2020,,1,Location & Region & Religion,,Rural,,South,,Jehovah's Witness,,,,,,,,,,,,,,,,,,,,,,,,,,,,,,,,,,,,,,,,,,,,,,,,,,,,,,,,,,,,,,,,,,,,,,,,,
162770,RWA,Sub-Saharan Africa,Low income,Rwanda,DHS,2020,,1,Location & Region & Religion,,Rural,,South,,Muslim,,,,,,,,,,,,,,,,,,,,,,,,,,,,,,,,,,,,,,,,,,,,0.0,43.0,,,,,,,,,,,,,,,,,,,,,,,,,,,,
162771,RWA,Sub-Saharan Africa,Low income,Rwanda,DHS,2020,,1,Location & Region & Religion,,Rural,,South,,No Religion/None,,,,,,,,,,,,,,,,,,,,,,,,,,,,,,,,,,,,,,,,,,,,0.0,66.0,,,,,,,,,,,,,,,,,,,,,,,,,,,,
162772,RWA,Sub-Saharan Africa,Low income,Rwanda,DHS,2020,,1,Location & Region & Religion,,Rural,,South,,Protestant,,,,0.506099998950958,0.185399994254112,0.0513999983668327,0.565299987792969,0.107699997723103,0.088699996471405,6.13040018081665,,0.197500005364418,0.0697999969124794,0.165600001811981,0.390300005674362,107.0,68.0,52.0,242.0,242.0,164.0,84.0,,84.0,332.0,142.0,86.0,,,,,0.0612000003457069,225.0,,,,,0.0546999983489513,80.0,0.0546999983489513,80.0,0.0115999998524785,132.0,0.0,1617.0,0.236000001430511,442.0,0.909799993038177,217.0,,,,,,,,,,,,,,,,,,,,,,,,
162773,RWA,Sub-Saharan Africa,Low income,Rwanda,DHS,2020,,1,Location & Region & Religion,,Rural,,West,,Adventist,,,,0.652499973773956,,,0.585799992084503,0.131999999284744,0.243000000715256,5.31349992752075,,0.225400000810623,0.0533999986946583,0.165199995040894,0.470899999141693,49.0,,,101.0,101.0,74.0,32.0,,32.0,122.0,58.0,33.0,,,,,0.0225000008940697,88.0,,,,,0.0958999991416931,42.0,0.0958999991416931,42.0,0.111100003123283,52.0,0.0,637.0,0.166299998760223,163.0,0.91949999332428,91.0,,,,,,,,,,,,,,,,,,,,,,,,
162774,RWA,Sub-Saharan Africa,Low income,Rwanda,DHS,2020,,1,Location & Region & Religion,,Rural,,West,,Catholic,,,,0.637899994850159,0.221799999475479,0.196199998259544,0.632799983024597,0.209600001573563,0.171399995684624,6.87580013275146,,0.213499993085861,0.103000000119209,0.153600007295609,0.51419997215271,150.0,97.0,79.0,350.0,350.0,210.0,131.0,,131.0,317.0,160.0,133.0,,,,,0.0196000002324581,228.0,,,,,0.0236000008881092,79.0,0.0236000008881092,79.0,0.0886000022292137,92.0,0.001300000003539,1729.0,0.174099996685982,403.0,0.909900009632111,336.0,,,,,,,,,,,,,,,,,,,,,,,,
162775,RWA,Sub-Saharan Africa,Low income,Rwanda,DHS,2020,,1,Location & Region & Religion,,Rural,,West,,Jehovah's Witness,,,,,,,,,,,,,,,,,,,,,,,,,,,,,,,,,,,,,,,,,,,,0.0,37.0,,,,,,,,,,,,,,,,,,,,,,,,,,,,
162776,RWA,Sub-Saharan Africa,Low income,Rwanda,DHS,2020,,1,Location & Region & Religion,,Rural,,West,,Muslim,,,,,,,,,,,,,,,,,,,,,,,,,,,,,,,,,,,,,,,,,,,,0.0,60.0,,,,,,,,,,,,,,,,,,,,,,,,,,,,
162777,RWA,Sub-Saharan Africa,Low income,Rwanda,DHS,2020,,1,Location & Region & Religion,,Rural,,West,,No Religion/None,,,,,,,,,,,,,,,,,,,,,,,,,,,,,,,,,,,,,,,,,,,,0.0,85.0,,,,,,,,,,,,,,,,,,,,,,,,,,,,
162778,RWA,Sub-Saharan Africa,Low income,Rwanda,DHS,2020,,1,Location & Region & Religion,,Rural,,West,,Protestant,,,,0.648999989032745,0.209000006318092,0.158099994063377,0.63730001449585,0.151700004935265,0.130899995565414,6.15269994735718,,0.194900006055832,0.103399999439716,0.198300004005432,0.443300008773804,180.0,115.0,70.0,393.0,393.0,261.0,135.0,,135.0,461.0,217.0,138.0,,,,,0.045099999755621,316.0,,,,,0.0160000007599592,126.0,0.0160000007599592,126.0,0.0518999993801117,181.0,0.0024000001139938,2390.0,0.245700001716614,598.0,0.886399984359741,368.0,,,,,,,,,,,,,,,,,,,,,,,,
162779,RWA,Sub-Saharan Africa,Low income,Rwanda,DHS,2020,,1,Location & Region & Religion,,Urban,,East,,Adventist,,,,,,,0.758499979972839,0.412099987268448,,,,,,,,,,,31.0,31.0,,,,,,,,,,,,,,,,,,,,,,,,0.0110999997705221,113.0,,,,,,,,,,,,,,,,,,,,,,,,,,,,
162780,RWA,Sub-Saharan Africa,Low income,Rwanda,DHS,2020,,1,Location & Region & Religion,,Urban,,East,,Catholic,,,,,,,0.700900018215179,0.325899988412857,0.440699994564056,,,,0.145799994468689,,,,,,50.0,50.0,34.0,,,,51.0,,,,,,,0.101400002837181,34.0,,,,,,,,,,,0.0040000001899898,252.0,0.215399995446205,52.0,0.928699970245361,44.0,,,,,,,,,,,,,,,,,,,,,,,,
162781,RWA,Sub-Saharan Africa,Low income,Rwanda,DHS,2020,,1,Location & Region & Religion,,Urban,,East,,Jehovah's Witness,,,,,,,,,,,,,,,,,,,,,,,,,,,,,,,,,,,,,,,,,,,,,,,,,,,,,,,,,,,,,,,,,,,,,,,,,
162782,RWA,Sub-Saharan Africa,Low income,Rwanda,DHS,2020,,1,Location & Region & Religion,,Urban,,East,,Muslim,,,,,,,,,,,,,,,,,,,,,,,,,,,,,,,,,,,,,,,,,,,,0.0,35.0,,,,,,,,,,,,,,,,,,,,,,,,,,,,
162783,RWA,Sub-Saharan Africa,Low income,Rwanda,DHS,2020,,1,Location & Region & Religion,,Urban,,East,,No Religion/None,,,,,,,,,,,,,,,,,,,,,,,,,,,,,,,,,,,,,,,,,,,,,,,,,,,,,,,,,,,,,,,,,,,,,,,,,
162784,RWA,Sub-Saharan Africa,Low income,Rwanda,DHS,2020,,1,Location & Region & Religion,,Urban,,East,,Protestant,,,,0.745000004768372,,,0.731500029563904,0.312099993228912,0.296400010585785,7.51300001144409,,0.0995000004768372,0.0505999997258186,0.0737000033259392,0.355399996042252,34.0,,,82.0,82.0,54.0,30.0,,30.0,55.0,31.0,37.0,,,,,0.0234999991953373,37.0,,,,,,,,,0.229399994015694,36.0,0.0049999998882412,383.0,0.131999999284744,73.0,0.97460001707077,75.0,,,,,,,,,,,,,,,,,,,,,,,,
162785,RWA,Sub-Saharan Africa,Low income,Rwanda,DHS,2020,,1,Location & Region & Religion,,Urban,,East,,Traditional,,,,,,,,,,,,,,,,,,,,,,,,,,,,,,,,,,,,,,,,,,,,,,,,,,,,,,,,,,,,,,,,,,,,,,,,,
162786,RWA,Sub-Saharan Africa,Low income,Rwanda,DHS,2020,,1,Location & Region & Religion,,Urban,,Kigali,,Adventist,,,,,,,0.893800020217896,0.5935999751091,0.577099978923798,,,,,,,,,,47.0,47.0,52.0,,,,,,,,,,,,,,,,,,,,,,,0.0408000014722347,191.0,,,0.966000020503998,46.0,,,,,,,,,,,,,,,,,,,,,,,,
162787,RWA,Sub-Saharan Africa,Low income,Rwanda,DHS,2020,,1,Location & Region & Religion,,Urban,,Kigali,,Catholic,,,,0.796599984169006,0.60290002822876,0.37169998884201,0.826399981975555,0.489199995994568,0.444900006055832,9.10939979553223,,0.103200003504753,0.006800000090152,0.0653000026941299,0.353199988603592,58.0,48.0,54.0,182.0,182.0,173.0,93.0,,93.0,107.0,52.0,63.0,,,,,0.0291000008583069,75.0,,,,,0.291599988937378,80.0,0.291599988937378,80.0,0.204600006341934,96.0,0.0077999997884035,812.0,0.0698999986052513,136.0,0.974799990653992,176.0,,,,,,,,,,,,,,,,,,,,,,,,
162788,RWA,Sub-Saharan Africa,Low income,Rwanda,DHS,2020,,1,Location & Region & Religion,,Urban,,Kigali,,Jehovah's Witness,,,,,,,,,,,,,,,,,,,,,,,,,,,,,,,,,,,,,,,,,,,,,,,,,,,,,,,,,,,,,,,,,,,,,,,,,
162789,RWA,Sub-Saharan Africa,Low income,Rwanda,DHS,2020,,1,Location & Region & Religion,,Urban,,Kigali,,Muslim,,,,,,,0.89410001039505,0.453299999237061,0.352600008249283,,,,,,,,,,32.0,32.0,35.0,,,,,,,,,,,,,,,,,,,,,,,0.0258000008761883,141.0,,,1.0,30.0,,,,,,,,,,,,,,,,,,,,,,,,
162790,RWA,Sub-Saharan Africa,Low income,Rwanda,DHS,2020,,1,Location & Region & Religion,,Urban,,Kigali,,No Religion/None,,,,,,,,,,,,,,,,,,,,,,,,,,,,,,,,,,,,,,,,,,,,0.0184000004082918,52.0,,,,,,,,,,,,,,,,,,,,,,,,,,,,
162791,RWA,Sub-Saharan Africa,Low income,Rwanda,DHS,2020,,1,Location & Region & Religion,,Urban,,Kigali,,Protestant,,,,0.889400005340576,0.44080001115799,0.492599993944168,0.841300010681152,0.467500001192093,0.403299987316132,9.04249954223633,,0.0680999979376793,0.0195000004023314,0.0768999978899956,0.238900005817413,73.0,95.0,90.0,280.0,280.0,266.0,155.0,,155.0,141.0,72.0,79.0,,,,,0.0357999987900257,93.0,,,,,0.305500000715256,111.0,0.305500000715256,111.0,0.192100003361702,97.0,0.0208000000566244,1153.0,0.124200001358986,188.0,0.966300010681152,267.0,,,,,,,,,,,,,,,,,,,,,,,,
162792,RWA,Sub-Saharan Africa,Low income,Rwanda,DHS,2020,,1,Location & Region & Religion,,Urban,,Kigali,,Traditional,,,,,,,,,,,,,,,,,,,,,,,,,,,,,,,,,,,,,,,,,,,,,,,,,,,,,,,,,,,,,,,,,,,,,,,,,
162793,RWA,Sub-Saharan Africa,Low income,Rwanda,DHS,2020,,1,Location & Region & Religion,,Urban,,North,,Adventist,,,,,,,0.787000000476837,0.501399993896484,,,,,,,,,,,31.0,31.0,,,,,,,,,,,,,,,,,,,,,,,,0.0126000000163913,124.0,,,0.989300012588501,30.0,,,,,,,,,,,,,,,,,,,,,,,,
162794,RWA,Sub-Saharan Africa,Low income,Rwanda,DHS,2020,,1,Location & Region & Religion,,Urban,,North,,Catholic,,,,,0.526300013065338,,0.77649998664856,0.486600011587143,0.447499990463257,9.06960010528564,,0.120399996638298,0.0144999995827675,,,,35.0,,85.0,85.0,67.0,34.0,,34.0,52.0,,,,,,,0.0,37.0,,,,,0.163000002503395,33.0,0.163000002503395,33.0,,,0.0379000008106232,362.0,0.112999998033047,73.0,0.962599992752075,80.0,,,,,,,,,,,,,,,,,,,,,,,,
162795,RWA,Sub-Saharan Africa,Low income,Rwanda,DHS,2020,,1,Location & Region & Religion,,Urban,,North,,Muslim,,,,,,,,,,,,,,,,,,,,,,,,,,,,,,,,,,,,,,,,,,,,,,,,,,,,,,,,,,,,,,,,,,,,,,,,,
162796,RWA,Sub-Saharan Africa,Low income,Rwanda,DHS,2020,,1,Location & Region & Religion,,Urban,,North,,No Religion/None,,,,,,,,,,,,,,,,,,,,,,,,,,,,,,,,,,,,,,,,,,,,,,,,,,,,,,,,,,,,,,,,,,,,,,,,,
162797,RWA,Sub-Saharan Africa,Low income,Rwanda,DHS,2020,,1,Location & Region & Religion,,Urban,,North,,Protestant,,,,,,,0.821600019931793,0.613099992275238,0.514699995517731,,,,,,,,,,34.0,34.0,37.0,,,,,,,,,,,,,,,,,,,,,,,0.0688000023365021,190.0,0.137299999594688,33.0,0.918699979782104,33.0,,,,,,,,,,,,,,,,,,,,,,,,
162798,RWA,Sub-Saharan Africa,Low income,Rwanda,DHS,2020,,1,Location & Region & Religion,,Urban,,South,,Adventist,,,,,,,,,,,,,,,,,,,,,,,,,,,,,,,,,,,,,,,,,,,,0.0,67.0,,,,,,,,,,,,,,,,,,,,,,,,,,,,
162799,RWA,Sub-Saharan Africa,Low income,Rwanda,DHS,2020,,1,Location & Region & Religion,,Urban,,South,,Catholic,,,,,,,0.85970002412796,0.312900006771088,0.404599994421005,,,,0.088299997150898,0.0307000000029802,,,,,72.0,72.0,47.0,,,,70.0,33.0,,,,,,0.0296000000089407,45.0,,,,,,,,,,,0.0241999998688698,404.0,0.14300000667572,91.0,0.988300025463104,68.0,,,,,,,,,,,,,,,,,,,,,,,,
162800,RWA,Sub-Saharan Africa,Low income,Rwanda,DHS,2020,,1,Location & Region & Religion,,Urban,,South,,Jehovah's Witness,,,,,,,,,,,,,,,,,,,,,,,,,,,,,,,,,,,,,,,,,,,,,,,,,,,,,,,,,,,,,,,,,,,,,,,,,
162801,RWA,Sub-Saharan Africa,Low income,Rwanda,DHS,2020,,1,Location & Region & Religion,,Urban,,South,,Muslim,,,,,,,,,,,,,,,,,,,,,,,,,,,,,,,,,,,,,,,,,,,,0.0,48.0,,,,,,,,,,,,,,,,,,,,,,,,,,,,
162802,RWA,Sub-Saharan Africa,Low income,Rwanda,DHS,2020,,1,Location & Region & Religion,,Urban,,South,,No Religion/None,,,,,,,,,,,,,,,,,,,,,,,,,,,,,,,,,,,,,,,,,,,,,,,,,,,,,,,,,,,,,,,,,,,,,,,,,
162803,RWA,Sub-Saharan Africa,Low income,Rwanda,DHS,2020,,1,Location & Region & Religion,,Urban,,South,,Protestant,,,,0.799399971961975,,,0.695299983024597,0.254400014877319,0.26120001077652,,,,0.0,,,30.0,,,61.0,61.0,38.0,,,,52.0,,,,,,,0.0,34.0,,,,,,,,,,,0.0024999999441206,303.0,0.139899998903275,75.0,0.956900000572205,55.0,,,,,,,,,,,,,,,,,,,,,,,,
162804,RWA,Sub-Saharan Africa,Low income,Rwanda,DHS,2020,,1,Location & Region & Religion,,Urban,,West,,Adventist,,,,,,,0.763599991798401,0.435699999332428,,,,,,,,,,,42.0,42.0,,,,,,,,,,,,,,,,,,,,,,,,0.0192000009119511,186.0,0.170499995350838,36.0,1.0,41.0,,,,,,,,,,,,,,,,,,,,,,,,
162805,RWA,Sub-Saharan Africa,Low income,Rwanda,DHS,2020,,1,Location & Region & Religion,,Urban,,West,,Catholic,,,,,,,0.719399988651276,0.30239999294281,0.325399994850159,,,,0.0263999998569489,,,,,,68.0,68.0,73.0,,,,70.0,,,,,,,0.0209999997168779,53.0,,,,,0.239399999380112,45.0,0.239399999380112,45.0,0.267699986696243,34.0,0.0041999998502433,401.0,0.17229999601841,95.0,0.975099980831146,60.0,,,,,,,,,,,,,,,,,,,,,,,,
162806,RWA,Sub-Saharan Africa,Low income,Rwanda,DHS,2020,,1,Location & Region & Religion,,Urban,,West,,Muslim,,,,,,,,,,,,,,,,,,,,,,,,,,,,,,,,,,,,,,,,,,,,0.0263999998569489,48.0,,,,,,,,,,,,,,,,,,,,,,,,,,,,
162807,RWA,Sub-Saharan Africa,Low income,Rwanda,DHS,2020,,1,Location & Region & Religion,,Urban,,West,,No Religion/None,,,,,,,,,,,,,,,,,,,,,,,,,,,,,,,,,,,,,,,,,,,,,,,,,,,,,,,,,,,,,,,,,,,,,,,,,
162808,RWA,Sub-Saharan Africa,Low income,Rwanda,DHS,2020,,1,Location & Region & Religion,,Urban,,West,,Protestant,,,,0.662899971008301,0.419699996709824,,0.687399983406067,0.34060001373291,0.276899993419647,8.0762996673584,,0.114799998700619,0.0483999997377396,0.0904999971389771,0.374900013208389,48.0,30.0,,113.0,113.0,72.0,39.0,,39.0,94.0,43.0,44.0,,,,,0.0146000003442168,63.0,,,,,0.0837000012397766,33.0,0.0837000012397766,33.0,,,0.0015000000130385,543.0,0.220500007271767,124.0,0.91540002822876,107.0,,,,,,,,,,,,,,,,,,,,,,,,
